rank,Pc,Pm,Selection,Crossover fn,Mutation fn,mean,std,median,min,max,sem,hits,success %
1,0.3,0.2,tournament,scattered,frequency,18.145294117647058,0.8126544075111656,17.764705882352942,17.41176470588235,20.941176470588236,0.08126544075111655,6,6.0
2,0.3,0.1,tournament,scattered,frequency,18.17,0.8979954297368774,17.764705882352942,17.41176470588235,21.294117647058822,0.08979954297368774,12,12.0
3,0.5,0.2,tournament,scattered,frequency,18.189411764705884,0.9289378064510926,17.764705882352942,17.41176470588235,21.705882352941178,0.09289378064510925,3,3.0
4,0.6,0.2,stochunif,scattered,frequency,18.193529411764708,0.9532534350453051,17.764705882352942,17.41176470588235,21.705882352941178,0.09532534350453051,9,9.0
5,0.5,0.1,tournament,scattered,uniform,18.201764705882354,0.9767223651522752,17.764705882352942,17.41176470588235,22.88235294117647,0.09767223651522752,8,8.0
6,0.3,0.05,tournament,scattered,frequency,18.204117647058823,0.8600856352651844,17.764705882352942,17.41176470588235,20.0,0.08600856352651845,11,11.0
7,0.5,0.1,tournament,scattered,frequency,18.213529411764704,0.9588964318015859,17.764705882352942,17.41176470588235,21.764705882352942,0.09588964318015859,13,13.0
8,0.7,0.2,stochunif,scattered,frequency,18.22529411764706,1.0092735225077092,17.764705882352942,17.41176470588235,22.352941176470587,0.10092735225077092,11,11.0
9,0.6,0.2,tournament,scattered,frequency,18.229411764705883,0.9397828362901453,17.764705882352942,17.41176470588235,22.470588235294116,0.09397828362901453,6,6.0
10,0.4,0.1,tournament,scattered,frequency,18.231176470588238,0.9841729238622006,17.764705882352942,17.41176470588235,21.41176470588235,0.09841729238622006,11,11.0
11,0.7,0.1,tournament,scattered,frequency,18.231176470588238,0.9177207566731218,17.764705882352942,17.41176470588235,20.647058823529413,0.09177207566731219,9,9.0
12,0.4,0.2,tournament,scattered,frequency,18.240588235294116,0.9511538515380807,17.764705882352942,17.41176470588235,21.705882352941178,0.09511538515380807,8,8.0
13,0.7,0.1,tournament,scattered,uniform,18.24529411764706,0.8809874559985448,17.764705882352942,17.41176470588235,21.176470588235293,0.08809874559985448,6,6.0
14,0.4,0.2,tournament,scattered,uniform,18.24705882352941,0.9734513667998613,17.764705882352942,17.41176470588235,21.705882352941178,0.09734513667998614,6,6.0
15,0.4,0.2,tournament,twopoint,frequency,18.263529411764708,0.8578486885483744,17.764705882352942,17.41176470588235,20.941176470588236,0.08578486885483744,10,10.0
16,0.4,0.1,tournament,singlepoint,frequency,18.28470588235294,0.887771833143856,17.764705882352942,17.41176470588235,20.941176470588236,0.0887771833143856,8,8.0
17,0.5,0.1,stochunif,scattered,frequency,18.287058823529414,0.9483638222717785,17.764705882352942,17.41176470588235,21.352941176470587,0.09483638222717786,7,7.000000000000001
18,0.5,0.05,tournament,scattered,frequency,18.296470588235294,0.9841255119712687,17.764705882352942,17.41176470588235,21.705882352941178,0.09841255119712687,6,6.0
19,0.3,0.1,tournament,twopoint,uniform,18.29764705882353,0.9110531407727774,17.764705882352942,17.41176470588235,21.294117647058822,0.09110531407727775,5,5.0
20,0.3,0.1,tournament,scattered,uniform,18.298235294117646,1.0604811412526067,17.764705882352942,17.41176470588235,21.705882352941178,0.10604811412526068,14,14.000000000000002
21,0.4,0.2,tournament,twopoint,uniform,18.300588235294118,0.9454705591973985,17.764705882352942,17.41176470588235,21.352941176470587,0.09454705591973986,8,8.0
22,0.6,0.1,tournament,twopoint,frequency,18.306470588235296,0.9521528322191628,17.764705882352942,17.41176470588235,21.294117647058822,0.09521528322191627,7,7.000000000000001
23,0.3,0.1,tournament,singlepoint,frequency,18.312941176470588,0.947722334859094,17.764705882352942,17.41176470588235,21.058823529411764,0.0947722334859094,10,10.0
24,0.6,0.2,roulette,scattered,frequency,18.316470588235294,0.908823769774623,17.823529411764707,17.41176470588235,21.764705882352942,0.09088237697746229,9,9.0
25,0.6,0.05,tournament,scattered,frequency,18.332941176470587,1.0177969658683073,17.764705882352942,17.41176470588235,22.294117647058822,0.10177969658683073,7,7.000000000000001
26,0.3,0.2,tournament,twopoint,uniform,18.334705882352942,0.887219496836459,17.823529411764707,17.41176470588235,21.41176470588235,0.0887219496836459,5,5.0
27,0.7,0.1,stochunif,scattered,frequency,18.336470588235294,0.9797887626234446,17.764705882352942,17.41176470588235,22.352941176470587,0.09797887626234446,7,7.000000000000001
28,0.4,0.1,tournament,twopoint,frequency,18.34,1.001748846497578,17.764705882352942,17.41176470588235,21.764705882352942,0.1001748846497578,7,7.000000000000001
29,0.8,0.2,stochunif,scattered,frequency,18.34,0.9147577042061436,17.764705882352942,17.41176470588235,21.529411764705884,0.09147577042061436,6,6.0
30,0.3,0.1,tournament,twopoint,frequency,18.34294117647059,0.9331975739728352,17.764705882352942,17.41176470588235,20.941176470588236,0.09331975739728351,5,5.0
31,0.3,0.2,tournament,scattered,uniform,18.34294117647059,0.9817123019115338,17.764705882352942,17.41176470588235,21.705882352941178,0.09817123019115338,5,5.0
32,0.5,0.2,tournament,scattered,uniform,18.35235294117647,0.9528206829479573,17.794117647058826,17.41176470588235,21.764705882352942,0.09528206829479573,4,4.0
33,0.4,0.2,tournament,singlepoint,frequency,18.354117647058825,1.0603072722830658,17.764705882352942,17.41176470588235,21.764705882352942,0.10603072722830657,4,4.0
34,0.5,0.05,tournament,scattered,uniform,18.355882352941176,1.0037285005416665,17.764705882352942,17.41176470588235,21.705882352941178,0.10037285005416666,7,7.000000000000001
35,0.7,0.05,tournament,scattered,frequency,18.371176470588235,1.006243658898288,17.764705882352942,17.41176470588235,21.470588235294116,0.10062436588982879,2,2.0
36,0.6,0.1,tournament,scattered,frequency,18.390588235294118,1.0678469405923219,17.764705882352942,17.41176470588235,21.764705882352942,0.10678469405923219,6,6.0
37,0.4,0.1,tournament,scattered,uniform,18.391764705882352,0.9839585755241369,17.764705882352942,17.41176470588235,21.41176470588235,0.09839585755241369,8,8.0
38,0.3,0.2,tournament,singlepoint,frequency,18.39588235294118,0.9443594054484646,17.823529411764707,17.41176470588235,21.764705882352942,0.09443594054484647,4,4.0
39,0.3,0.1,tournament,singlepoint,uniform,18.405882352941177,0.9779112996298429,17.764705882352942,17.41176470588235,21.705882352941178,0.0977911299629843,11,11.0
40,0.7,0.05,tournament,scattered,uniform,18.416470588235295,0.9232048280803619,17.764705882352942,17.41176470588235,21.058823529411764,0.09232048280803619,3,3.0
41,0.5,0.1,tournament,singlepoint,uniform,18.42235294117647,1.0525123854305671,17.764705882352942,17.41176470588235,21.764705882352942,0.10525123854305671,5,5.0
42,0.4,0.1,tournament,twopoint,uniform,18.423529411764708,1.026032140040424,17.764705882352942,17.41176470588235,21.764705882352942,0.1026032140040424,9,9.0
43,0.3,0.2,tournament,twopoint,frequency,18.424117647058825,0.9621582449595517,17.823529411764707,17.41176470588235,21.294117647058822,0.09621582449595517,7,7.000000000000001
44,0.6,0.1,tournament,scattered,uniform,18.42529411764706,1.0698852758649557,17.764705882352942,17.41176470588235,21.705882352941178,0.10698852758649557,10,10.0
45,0.5,0.1,tournament,twopoint,frequency,18.425882352941176,1.1678866881452408,17.764705882352942,17.41176470588235,23.41176470588235,0.11678866881452407,8,8.0
46,0.5,0.1,tournament,singlepoint,frequency,18.43,1.0142701019856113,17.764705882352942,17.41176470588235,20.941176470588236,0.10142701019856112,9,9.0
47,0.5,0.2,tournament,singlepoint,frequency,18.43470588235294,0.9587229150101417,18.058823529411764,17.41176470588235,20.941176470588236,0.09587229150101417,7,7.000000000000001
48,0.8,0.1,stochunif,scattered,frequency,18.44058823529412,0.9699441497116302,17.941176470588236,17.41176470588235,21.294117647058822,0.09699441497116303,6,6.0
49,0.4,0.05,tournament,scattered,uniform,18.44235294117647,1.061773141188061,17.970588235294116,17.41176470588235,21.705882352941178,0.10617731411880611,6,6.0
50,0.5,0.1,stochunif,scattered,uniform,18.445882352941176,1.0467116063253807,18.176470588235293,17.41176470588235,22.058823529411764,0.10467116063253808,10,10.0
51,0.7,0.2,tournament,scattered,uniform,18.449411764705882,1.0417693039505072,18.058823529411764,17.41176470588235,22.647058823529413,0.10417693039505072,2,2.0
52,0.5,0.02,tournament,scattered,frequency,18.458235294117646,1.1263319254577084,17.794117647058826,17.41176470588235,22.88235294117647,0.11263319254577084,11,11.0
53,0.8,0.2,stochunif,scattered,uniform,18.460588235294118,1.1038506450369678,17.794117647058826,17.41176470588235,22.176470588235293,0.11038506450369678,8,8.0
54,0.7,0.2,tournament,scattered,frequency,18.46235294117647,0.9854422517034945,17.823529411764707,17.41176470588235,21.823529411764707,0.09854422517034946,2,2.0
55,0.3,0.05,tournament,scattered,uniform,18.462941176470586,1.0891752937858428,17.764705882352942,17.41176470588235,22.88235294117647,0.10891752937858427,7,7.000000000000001
56,0.5,0.05,tournament,singlepoint,frequency,18.46764705882353,0.9870495886007219,18.176470588235293,17.41176470588235,21.764705882352942,0.09870495886007219,8,8.0
57,0.6,0.2,stochunif,scattered,uniform,18.46764705882353,1.0406902732326033,17.823529411764707,17.41176470588235,22.235294117647058,0.10406902732326033,5,5.0
58,0.5,0.2,tournament,twopoint,uniform,18.46941176470588,1.0634013404922986,18.0,17.41176470588235,22.764705882352942,0.10634013404922986,5,5.0
59,0.5,0.05,stochunif,scattered,uniform,18.471176470588237,0.9841814471059966,18.11764705882353,17.41176470588235,22.0,0.09841814471059966,6,6.0
60,0.5,0.2,stochunif,scattered,frequency,18.474117647058826,0.9933834442076689,17.823529411764707,17.41176470588235,21.294117647058822,0.09933834442076689,6,6.0
61,0.5,0.2,stochunif,scattered,uniform,18.47705882352941,1.0288180955139665,17.941176470588236,17.41176470588235,21.058823529411764,0.10288180955139666,4,4.0
62,0.4,0.1,tournament,singlepoint,uniform,18.47764705882353,1.0081032006657251,18.176470588235293,17.41176470588235,22.352941176470587,0.1008103200665725,8,8.0
63,0.5,0.1,stochunif,singlepoint,frequency,18.48,0.8869840833080395,18.176470588235293,17.41176470588235,20.941176470588236,0.08869840833080395,2,2.0
64,0.4,0.05,stochunif,scattered,frequency,18.484117647058824,1.1413919160061963,17.764705882352942,17.41176470588235,21.764705882352942,0.11413919160061962,14,14.000000000000002
65,0.4,0.1,roulette,scattered,frequency,18.48470588235294,0.9507137101495097,18.176470588235293,17.41176470588235,21.294117647058822,0.09507137101495097,5,5.0
66,0.8,0.1,tournament,scattered,frequency,18.485294117647058,1.027474622470913,18.176470588235293,17.41176470588235,21.764705882352942,0.1027474622470913,4,4.0
67,0.3,0.1,stochunif,scattered,uniform,18.486470588235296,1.1433500381362034,17.794117647058826,17.41176470588235,22.352941176470587,0.11433500381362034,10,10.0
68,0.4,0.05,tournament,scattered,frequency,18.49235294117647,1.0345016345177656,17.764705882352942,17.41176470588235,22.88235294117647,0.10345016345177656,5,5.0
69,0.6,0.1,roulette,scattered,uniform,18.494705882352942,1.034685413611972,17.970588235294116,17.41176470588235,21.764705882352942,0.10346854136119721,6,6.0
70,0.8,0.1,stochunif,scattered,uniform,18.5,1.0248221257177923,18.176470588235293,17.41176470588235,21.705882352941178,0.10248221257177922,1,1.0
71,0.6,0.1,roulette,scattered,frequency,18.505294117647058,1.0460407168766472,17.794117647058826,17.41176470588235,21.352941176470587,0.10460407168766472,6,6.0
72,0.4,0.05,tournament,singlepoint,uniform,18.508235294117647,1.268380159220334,17.764705882352942,17.41176470588235,23.0,0.12683801592203342,12,12.0
73,0.5,0.2,roulette,scattered,frequency,18.508235294117647,1.0576847378347491,18.147058823529413,17.41176470588235,21.705882352941178,0.10576847378347491,6,6.0
74,0.3,0.05,tournament,twopoint,frequency,18.51,1.030418996243116,18.176470588235293,17.41176470588235,21.705882352941178,0.10304189962431161,8,8.0
75,0.8,0.1,roulette,scattered,frequency,18.51235294117647,1.135880139006351,17.794117647058826,17.41176470588235,22.352941176470587,0.11358801390063511,13,13.0
76,0.7,0.1,stochunif,scattered,uniform,18.513529411764708,1.2044171786697162,17.764705882352942,17.41176470588235,22.529411764705884,0.12044171786697162,4,4.0
77,0.5,0.05,tournament,twopoint,frequency,18.51529411764706,1.1138447376596243,18.176470588235293,17.41176470588235,22.88235294117647,0.11138447376596243,6,6.0
78,0.8,0.05,tournament,scattered,frequency,18.515882352941176,0.9961252743487429,18.11764705882353,17.41176470588235,21.352941176470587,0.09961252743487428,3,3.0
79,0.5,0.2,tournament,twopoint,frequency,18.517647058823528,1.0295348368837283,18.176470588235293,17.41176470588235,21.352941176470587,0.10295348368837283,6,6.0
80,0.8,0.2,roulette,scattered,frequency,18.518235294117645,0.952351034596519,18.176470588235293,17.41176470588235,20.941176470588236,0.0952351034596519,9,9.0
81,0.5,0.1,tournament,twopoint,uniform,18.52294117647059,1.0251424924249604,18.176470588235293,17.41176470588235,21.294117647058822,0.10251424924249604,6,6.0
82,0.5,0.1,roulette,scattered,frequency,18.52470588235294,1.09822000039635,17.764705882352942,17.41176470588235,21.294117647058822,0.109822000039635,6,6.0
83,0.3,0.1,roulette,scattered,frequency,18.53,1.003140537039643,18.176470588235293,17.41176470588235,21.294117647058822,0.10031405370396429,6,6.0
84,0.6,0.2,tournament,twopoint,frequency,18.534117647058824,0.9269075825732124,18.176470588235293,17.41176470588235,20.941176470588236,0.09269075825732123,4,4.0
85,0.5,0.1,stochunif,twopoint,frequency,18.53764705882353,0.9604393865912555,18.235294117647058,17.41176470588235,21.058823529411764,0.09604393865912556,6,6.0
86,0.7,0.1,stochunif,twopoint,frequency,18.53764705882353,1.0921032574843197,17.941176470588236,17.41176470588235,22.647058823529413,0.10921032574843197,4,4.0
87,0.4,0.05,tournament,twopoint,uniform,18.538235294117648,1.0667942869549913,18.176470588235293,17.41176470588235,22.352941176470587,0.10667942869549914,8,8.0
88,0.3,0.1,stochunif,twopoint,frequency,18.539411764705882,1.137901807527719,18.176470588235293,17.41176470588235,22.352941176470587,0.11379018075277189,6,6.0
89,0.6,0.2,tournament,scattered,uniform,18.539411764705882,1.0957467474766096,17.764705882352942,17.41176470588235,22.0,0.10957467474766096,4,4.0
90,0.8,0.1,tournament,scattered,uniform,18.541764705882354,1.0433039350569164,18.176470588235293,17.41176470588235,21.705882352941178,0.10433039350569165,4,4.0
91,0.3,0.05,stochunif,scattered,frequency,18.54235294117647,1.08076493596303,18.176470588235293,17.41176470588235,21.705882352941178,0.108076493596303,9,9.0
92,0.5,0.1,roulette,scattered,uniform,18.544117647058826,1.0263514479683724,18.176470588235293,17.41176470588235,21.352941176470587,0.10263514479683725,4,4.0
93,0.6,0.1,tournament,singlepoint,uniform,18.54764705882353,1.1708330464752592,18.147058823529413,17.41176470588235,22.11764705882353,0.11708330464752592,9,9.0
94,0.3,0.1,stochunif,scattered,frequency,18.548235294117646,1.0944645148129535,18.0,17.41176470588235,21.41176470588235,0.10944645148129535,7,7.000000000000001
95,0.4,0.05,stochunif,twopoint,frequency,18.552941176470586,1.1205048368664572,17.970588235294116,17.41176470588235,21.705882352941178,0.11205048368664572,6,6.0
96,0.3,0.02,tournament,scattered,frequency,18.554117647058824,1.0208473201156882,18.176470588235293,17.41176470588235,21.705882352941178,0.10208473201156883,8,8.0
97,0.6,0.05,tournament,scattered,uniform,18.56764705882353,1.1414078392844595,17.764705882352942,17.41176470588235,21.705882352941178,0.11414078392844595,7,7.000000000000001
98,0.4,0.2,stochunif,scattered,frequency,18.568235294117645,1.0466127619092713,18.176470588235293,17.41176470588235,21.88235294117647,0.10466127619092713,7,7.000000000000001
99,0.3,0.05,roulette,scattered,frequency,18.570588235294117,1.0750229722980382,18.176470588235293,17.41176470588235,21.88235294117647,0.10750229722980383,9,9.0
100,0.4,0.05,roulette,scattered,frequency,18.571176470588238,1.0694095161126458,18.176470588235293,17.41176470588235,21.294117647058822,0.10694095161126457,6,6.0
101,0.3,0.1,roulette,twopoint,frequency,18.573529411764707,1.032090564271369,18.176470588235293,17.41176470588235,21.352941176470587,0.10320905642713689,6,6.0
102,0.4,0.05,tournament,twopoint,frequency,18.575294117647058,1.2599491860179854,17.764705882352942,17.41176470588235,22.352941176470587,0.12599491860179854,11,11.0
103,0.4,0.1,stochunif,scattered,frequency,18.578823529411764,1.0422456082265836,17.941176470588236,17.41176470588235,21.705882352941178,0.10422456082265837,6,6.0
104,0.3,0.2,tournament,singlepoint,uniform,18.58,1.0940218078508606,18.176470588235293,17.41176470588235,23.176470588235293,0.10940218078508605,5,5.0
105,0.6,0.1,stochunif,twopoint,frequency,18.58235294117647,1.0510209639121295,17.941176470588236,17.41176470588235,21.352941176470587,0.10510209639121296,3,3.0
106,0.3,0.05,stochunif,scattered,uniform,18.584705882352942,1.1797287029904235,17.970588235294116,17.41176470588235,21.705882352941178,0.11797287029904235,8,8.0
107,0.6,0.1,tournament,singlepoint,frequency,18.58529411764706,1.1222619486751746,18.176470588235293,17.41176470588235,21.764705882352942,0.11222619486751746,7,7.000000000000001
108,0.6,0.2,roulette,scattered,uniform,18.601176470588236,1.1364733930428215,18.176470588235293,17.41176470588235,22.88235294117647,0.11364733930428214,3,3.0
109,0.5,0.05,roulette,scattered,frequency,18.60235294117647,1.1307552911982874,18.176470588235293,17.41176470588235,21.764705882352942,0.11307552911982874,6,6.0
110,0.3,0.05,stochunif,singlepoint,frequency,18.603529411764704,1.1373968809278172,18.176470588235293,17.41176470588235,22.352941176470587,0.11373968809278172,7,7.000000000000001
111,0.3,0.1,roulette,twopoint,uniform,18.60529411764706,1.0851772484806532,18.205882352941174,17.41176470588235,23.41176470588235,0.10851772484806532,4,4.0
112,0.7,0.2,roulette,scattered,frequency,18.605882352941176,1.169333670255473,18.176470588235293,17.41176470588235,22.88235294117647,0.11693336702554731,8,8.0
113,0.6,0.05,tournament,twopoint,frequency,18.606470588235297,1.113800021356936,18.176470588235293,17.41176470588235,21.705882352941178,0.11138000213569359,5,5.0
114,0.4,0.05,tournament,singlepoint,frequency,18.607058823529414,1.1777141377823344,18.176470588235293,17.41176470588235,22.352941176470587,0.11777141377823344,7,7.000000000000001
115,0.5,0.05,tournament,twopoint,uniform,18.610588235294117,1.281600459528265,17.970588235294116,17.41176470588235,22.88235294117647,0.1281600459528265,8,8.0
116,0.4,0.02,tournament,scattered,frequency,18.614117647058823,1.1673538622328952,18.176470588235293,17.41176470588235,21.705882352941178,0.11673538622328952,10,10.0
117,0.7,0.2,stochunif,scattered,uniform,18.61470588235294,1.1841512502024605,18.176470588235293,17.41176470588235,22.88235294117647,0.11841512502024605,3,3.0
118,0.5,0.1,stochunif,twopoint,uniform,18.616470588235295,1.043176121399422,18.264705882352942,17.41176470588235,21.705882352941178,0.1043176121399422,7,7.000000000000001
119,0.6,0.1,roulette,twopoint,uniform,18.62,1.0784611890222688,18.176470588235293,17.41176470588235,21.764705882352942,0.10784611890222688,10,10.0
120,0.4,0.02,tournament,scattered,uniform,18.62,1.1481261697753915,18.176470588235293,17.41176470588235,21.529411764705884,0.11481261697753915,3,3.0
121,0.6,0.05,stochunif,scattered,uniform,18.623529411764707,1.2313691429043347,18.176470588235293,17.41176470588235,22.88235294117647,0.12313691429043347,7,7.000000000000001
122,0.3,0.05,tournament,singlepoint,frequency,18.62470588235294,1.1101565925539114,18.176470588235293,17.41176470588235,22.352941176470587,0.11101565925539114,6,6.0
123,0.6,0.1,stochunif,scattered,frequency,18.625882352941176,1.2676359265709412,17.764705882352942,17.41176470588235,23.0,0.1267635926570941,8,8.0
124,0.7,0.1,stochunif,twopoint,uniform,18.626470588235296,1.1027837083074714,18.176470588235293,17.41176470588235,21.764705882352942,0.11027837083074714,5,5.0
125,0.5,0.05,tournament,singlepoint,uniform,18.63,1.1410991330661828,18.176470588235293,17.41176470588235,22.11764705882353,0.11410991330661828,8,8.0
126,0.3,0.05,tournament,twopoint,uniform,18.63,1.145653877012516,18.176470588235293,17.41176470588235,21.705882352941178,0.1145653877012516,4,4.0
127,0.9,0.2,stochunif,scattered,frequency,18.632941176470588,1.098043035389333,18.176470588235293,17.41176470588235,22.88235294117647,0.10980430353893329,5,5.0
128,0.5,0.1,roulette,twopoint,uniform,18.63764705882353,1.1196535761471698,18.205882352941174,17.41176470588235,22.352941176470587,0.11196535761471697,4,4.0
129,0.3,0.02,tournament,scattered,uniform,18.639411764705883,1.1297822909240227,18.176470588235293,17.41176470588235,21.764705882352942,0.11297822909240227,7,7.000000000000001
130,0.6,0.05,stochunif,scattered,frequency,18.64,1.2113452481128055,18.176470588235293,17.41176470588235,21.764705882352942,0.12113452481128055,7,7.000000000000001
131,0.6,0.05,tournament,singlepoint,frequency,18.642941176470586,1.0613706406919594,18.176470588235293,17.41176470588235,21.941176470588236,0.10613706406919594,8,8.0
132,0.5,0.05,stochunif,scattered,frequency,18.642941176470586,1.0886809962328226,18.176470588235293,17.41176470588235,21.88235294117647,0.10886809962328226,7,7.000000000000001
133,0.8,0.1,roulette,scattered,uniform,18.642941176470586,1.053138995614749,18.294117647058822,17.41176470588235,22.352941176470587,0.1053138995614749,5,5.0
134,0.6,0.2,stochunif,twopoint,frequency,18.645882352941175,1.0468718747296113,18.264705882352942,17.41176470588235,22.235294117647058,0.10468718747296113,2,2.0
135,0.6,0.1,roulette,singlepoint,frequency,18.646470588235296,1.0075904647304412,18.294117647058822,17.41176470588235,21.764705882352942,0.10075904647304412,6,6.0
136,0.8,0.05,tournament,scattered,uniform,18.646470588235296,1.0963347797640057,18.176470588235293,17.41176470588235,21.764705882352942,0.10963347797640058,3,3.0
137,0.4,0.2,stochunif,scattered,uniform,18.647058823529413,1.1024548343462606,18.235294117647058,17.41176470588235,22.58823529411765,0.11024548343462606,3,3.0
138,0.4,0.1,stochunif,scattered,uniform,18.648823529411764,1.2483243111002158,18.176470588235293,17.41176470588235,21.764705882352942,0.12483243111002158,9,9.0
139,0.4,0.1,roulette,scattered,uniform,18.655882352941177,1.012569116032373,18.264705882352942,17.41176470588235,21.764705882352942,0.10125691160323731,5,5.0
140,0.7,0.2,roulette,scattered,uniform,18.655882352941177,1.1441910003719724,18.176470588235293,17.41176470588235,22.705882352941178,0.11441910003719724,4,4.0
141,0.7,0.05,stochunif,scattered,frequency,18.656470588235294,1.1650881335559342,18.176470588235293,17.41176470588235,22.352941176470587,0.11650881335559342,7,7.000000000000001
142,0.6,0.05,roulette,scattered,uniform,18.65705882352941,1.1970585680478454,18.176470588235293,17.41176470588235,22.352941176470587,0.11970585680478454,8,8.0
143,0.6,0.1,roulette,twopoint,frequency,18.65705882352941,1.1844664407918586,18.176470588235293,17.41176470588235,22.0,0.11844664407918586,7,7.000000000000001
144,0.3,0.05,stochunif,singlepoint,uniform,18.658235294117645,1.0670340866098642,18.176470588235293,17.41176470588235,21.705882352941178,0.10670340866098642,4,4.0
145,0.3,0.2,stochunif,scattered,frequency,18.658823529411766,1.0301796643571042,18.235294117647058,17.41176470588235,21.764705882352942,0.10301796643571041,5,5.0
146,0.4,0.1,roulette,twopoint,frequency,18.658823529411766,1.2712559588759147,17.823529411764707,17.41176470588235,22.470588235294116,0.12712559588759148,5,5.0
147,0.7,0.1,tournament,twopoint,frequency,18.661176470588238,1.1648001066215552,18.264705882352942,17.41176470588235,22.058823529411764,0.11648001066215552,2,2.0
148,0.7,0.05,roulette,scattered,frequency,18.661764705882355,0.9755092304594991,18.705882352941178,17.41176470588235,20.941176470588236,0.09755092304594991,8,8.0
149,0.6,0.1,stochunif,scattered,uniform,18.665294117647058,1.1797546261598395,18.176470588235293,17.41176470588235,22.352941176470587,0.11797546261598395,2,2.0
150,0.9,0.1,tournament,scattered,frequency,18.665882352941175,1.0820674401930785,18.264705882352942,17.41176470588235,22.352941176470587,0.10820674401930785,5,5.0
151,0.3,0.1,roulette,scattered,uniform,18.66588235294118,0.963558873500607,18.294117647058822,17.41176470588235,20.941176470588236,0.0963558873500607,3,3.0
152,0.7,0.05,tournament,twopoint,frequency,18.667058823529413,1.1263295981045962,18.264705882352942,17.41176470588235,21.941176470588236,0.11263295981045962,3,3.0
153,0.5,0.1,roulette,twopoint,frequency,18.66764705882353,1.1651677784364831,18.176470588235293,17.41176470588235,21.705882352941178,0.1165167778436483,8,8.0
154,0.7,0.1,roulette,scattered,frequency,18.668235294117647,1.19479256440536,18.176470588235293,17.41176470588235,22.352941176470587,0.119479256440536,5,5.0
155,0.4,0.05,roulette,twopoint,frequency,18.671764705882353,1.1399004204046563,18.294117647058822,17.41176470588235,21.705882352941178,0.11399004204046563,3,3.0
156,0.4,0.2,tournament,singlepoint,uniform,18.674705882352942,1.146786993401388,18.176470588235293,17.41176470588235,21.764705882352942,0.11467869934013879,3,3.0
157,0.4,0.05,roulette,singlepoint,frequency,18.678823529411765,1.1591542005841524,18.176470588235293,17.41176470588235,21.88235294117647,0.11591542005841524,9,9.0
158,0.5,0.1,roulette,singlepoint,frequency,18.681764705882355,1.122844810759868,18.294117647058822,17.41176470588235,21.764705882352942,0.1122844810759868,4,4.0
159,0.7,0.1,roulette,twopoint,uniform,18.68235294117647,1.1645864406367032,18.205882352941174,17.41176470588235,21.88235294117647,0.11645864406367032,6,6.0
160,0.8,0.05,stochunif,scattered,frequency,18.684117647058823,1.2001379052328383,18.176470588235293,17.41176470588235,23.58823529411765,0.12001379052328383,5,5.0
161,0.4,0.2,roulette,scattered,frequency,18.685882352941174,1.0545970972712575,18.294117647058822,17.41176470588235,21.58823529411765,0.10545970972712575,2,2.0
162,0.4,0.1,stochunif,twopoint,frequency,18.68764705882353,1.1248538637274532,18.176470588235293,17.41176470588235,21.294117647058822,0.11248538637274533,3,3.0
163,0.3,0.1,stochunif,singlepoint,frequency,18.688823529411767,1.1344330039878323,18.323529411764703,17.41176470588235,21.764705882352942,0.11344330039878323,8,8.0
164,0.4,0.1,stochunif,singlepoint,frequency,18.69,1.1441140193653374,18.294117647058822,17.41176470588235,21.705882352941178,0.11441140193653374,7,7.000000000000001
165,0.5,0.2,roulette,scattered,uniform,18.69058823529412,1.0460916708011534,18.294117647058822,17.41176470588235,21.764705882352942,0.10460916708011533,3,3.0
166,0.4,0.05,stochunif,singlepoint,frequency,18.69529411764706,1.2987918611103912,18.235294117647058,17.41176470588235,23.470588235294116,0.12987918611103913,5,5.0
167,0.5,0.05,stochunif,twopoint,uniform,18.698823529411765,1.0918235073394043,18.176470588235293,17.41176470588235,21.352941176470587,0.10918235073394042,8,8.0
168,0.5,0.2,tournament,singlepoint,uniform,18.701176470588237,1.118496721783507,18.235294117647058,17.41176470588235,22.235294117647058,0.11184967217835069,3,3.0
169,0.5,0.05,stochunif,singlepoint,frequency,18.701176470588237,1.1276774166165666,18.294117647058822,17.41176470588235,21.823529411764707,0.11276774166165666,3,3.0
170,0.3,0.05,roulette,scattered,uniform,18.701764705882354,1.0974105343102325,18.264705882352942,17.41176470588235,21.705882352941178,0.10974105343102325,6,6.0
171,0.3,0.05,tournament,singlepoint,uniform,18.70235294117647,1.0705373046199707,18.264705882352942,17.41176470588235,22.88235294117647,0.10705373046199707,3,3.0
172,0.4,0.1,stochunif,twopoint,uniform,18.70470588235294,1.3264733878471133,18.176470588235293,17.41176470588235,23.41176470588235,0.13264733878471133,5,5.0
173,0.3,0.1,stochunif,twopoint,uniform,18.708823529411767,1.1976809054257975,18.176470588235293,17.41176470588235,22.88235294117647,0.11976809054257975,7,7.000000000000001
174,0.7,0.02,tournament,scattered,frequency,18.708823529411767,1.2010031283089238,18.176470588235293,17.41176470588235,22.235294117647058,0.12010031283089237,1,1.0
175,0.6,0.1,tournament,twopoint,uniform,18.709411764705884,1.0895014394023315,18.176470588235293,17.41176470588235,22.352941176470587,0.10895014394023314,1,1.0
176,0.3,0.02,tournament,singlepoint,frequency,18.710588235294118,1.32290352930938,18.176470588235293,17.41176470588235,22.11764705882353,0.132290352930938,8,8.0
177,0.8,0.05,stochunif,scattered,uniform,18.71470588235294,1.2607754426214635,18.176470588235293,17.41176470588235,23.41176470588235,0.12607754426214635,2,2.0
178,0.8,0.2,tournament,scattered,uniform,18.71529411764706,1.1449954780334575,18.294117647058822,17.41176470588235,22.176470588235293,0.11449954780334574,3,3.0
179,0.7,0.2,tournament,twopoint,frequency,18.72,1.1729036837157543,18.235294117647058,17.41176470588235,22.705882352941178,0.11729036837157543,2,2.0
180,0.7,0.1,tournament,twopoint,uniform,18.721764705882354,1.1266285460368768,18.264705882352942,17.41176470588235,22.11764705882353,0.11266285460368768,5,5.0
181,0.4,0.1,stochunif,singlepoint,uniform,18.733529411764707,1.2802272689345935,18.176470588235293,17.41176470588235,22.88235294117647,0.12802272689345934,7,7.000000000000001
182,0.3,0.05,stochunif,twopoint,frequency,18.733529411764707,1.1730626516776954,18.294117647058822,17.41176470588235,22.058823529411764,0.11730626516776954,6,6.0
183,0.4,0.1,roulette,twopoint,uniform,18.733529411764707,1.1361004343750478,18.176470588235293,17.41176470588235,21.823529411764707,0.11361004343750478,2,2.0
184,0.7,0.1,roulette,scattered,uniform,18.734117647058824,1.2701139054329371,18.235294117647058,17.41176470588235,22.705882352941178,0.12701139054329372,8,8.0
185,0.6,0.05,tournament,twopoint,uniform,18.736470588235296,1.2468401920481456,18.176470588235293,17.41176470588235,22.352941176470587,0.12468401920481456,3,3.0
186,0.5,0.2,roulette,twopoint,frequency,18.737058823529413,1.0542734147176072,18.294117647058822,17.41176470588235,21.941176470588236,0.10542734147176072,3,3.0
187,0.8,0.2,roulette,scattered,uniform,18.741176470588236,1.1102264836778095,18.294117647058822,17.41176470588235,22.352941176470587,0.11102264836778095,4,4.0
188,0.5,0.02,tournament,scattered,uniform,18.74235294117647,1.3743247998243542,18.176470588235293,17.41176470588235,24.058823529411764,0.1374324799824354,6,6.0
189,0.6,0.2,tournament,singlepoint,frequency,18.747647058823528,1.0972206969602307,18.558823529411768,17.41176470588235,21.529411764705884,0.10972206969602308,9,9.0
190,0.6,0.2,stochunif,twopoint,uniform,18.748823529411766,1.2347664606013833,18.235294117647058,17.41176470588235,22.823529411764707,0.12347664606013833,2,2.0
191,0.4,0.2,roulette,scattered,uniform,18.75294117647059,1.1295454466338768,18.38235294117647,17.41176470588235,22.41176470588235,0.11295454466338768,3,3.0
192,0.7,0.1,tournament,singlepoint,frequency,18.755294117647058,1.2774467737210535,18.294117647058822,17.41176470588235,24.11764705882353,0.12774467737210535,5,5.0
193,0.3,0.1,stochunif,singlepoint,uniform,18.755882352941175,1.3281690646171802,18.264705882352942,17.41176470588235,23.470588235294116,0.132816906461718,8,8.0
194,0.6,0.1,stochunif,twopoint,uniform,18.759411764705884,1.1883563294691462,18.205882352941174,17.41176470588235,22.352941176470587,0.11883563294691461,4,4.0
195,0.9,0.05,tournament,scattered,uniform,18.76235294117647,1.120907774341657,18.58823529411765,17.41176470588235,22.58823529411765,0.11209077743416569,3,3.0
196,0.8,0.1,stochunif,twopoint,frequency,18.76235294117647,1.15102973715005,18.323529411764703,17.41176470588235,21.823529411764707,0.115102973715005,3,3.0
197,0.3,0.2,stochunif,scattered,uniform,18.76235294117647,1.0543551319783593,18.58823529411765,17.41176470588235,22.294117647058822,0.10543551319783592,2,2.0
198,0.9,0.05,tournament,scattered,frequency,18.769411764705882,1.1869020599643303,18.264705882352942,17.41176470588235,21.88235294117647,0.11869020599643303,1,1.0
199,0.4,0.05,roulette,scattered,uniform,18.77235294117647,1.195235230676179,18.294117647058822,17.41176470588235,22.470588235294116,0.1195235230676179,4,4.0
200,0.5,0.2,stochunif,twopoint,frequency,18.781176470588235,1.1634478282132676,18.294117647058822,17.41176470588235,21.352941176470587,0.11634478282132676,4,4.0
201,0.4,0.05,roulette,singlepoint,uniform,18.78235294117647,1.2079999666686798,18.176470588235293,17.41176470588235,22.352941176470587,0.12079999666686798,5,5.0
202,0.6,0.02,stochunif,scattered,frequency,18.785882352941176,1.1985894567741047,18.294117647058822,17.41176470588235,21.764705882352942,0.11985894567741047,6,6.0
203,0.8,0.2,tournament,scattered,frequency,18.785882352941176,1.1049730145900762,18.58823529411765,17.41176470588235,21.294117647058822,0.11049730145900763,4,4.0
204,0.6,0.05,stochunif,twopoint,frequency,18.78764705882353,1.2725995556983383,18.294117647058822,17.41176470588235,23.647058823529413,0.12725995556983383,6,6.0
205,0.5,0.05,roulette,twopoint,frequency,18.788823529411765,1.1107330628047047,18.61764705882353,17.41176470588235,22.352941176470587,0.11107330628047048,4,4.0
206,0.6,0.02,tournament,scattered,frequency,18.79,1.245206951318942,18.294117647058822,17.41176470588235,22.58823529411765,0.1245206951318942,3,3.0
207,0.8,0.1,tournament,singlepoint,frequency,18.79294117647059,1.3185846761644553,18.294117647058822,17.41176470588235,24.823529411764707,0.13185846761644554,3,3.0
208,0.8,0.02,tournament,scattered,frequency,18.79352941176471,1.1510471971794045,18.58823529411765,17.41176470588235,23.176470588235293,0.11510471971794045,2,2.0
209,0.9,0.1,stochunif,scattered,frequency,18.794117647058826,1.0041158178828895,18.676470588235297,17.41176470588235,21.176470588235293,0.10041158178828895,2,2.0
210,0.5,0.2,roulette,twopoint,uniform,18.794117647058826,1.2380356077068855,18.294117647058822,17.41176470588235,22.176470588235293,0.12380356077068855,2,2.0
211,0.5,0.05,roulette,singlepoint,frequency,18.796470588235294,1.2125028758460104,18.323529411764703,17.41176470588235,22.470588235294116,0.12125028758460103,3,3.0
212,0.5,0.05,stochunif,singlepoint,uniform,18.8,1.2418832274326146,18.294117647058822,17.41176470588235,22.352941176470587,0.12418832274326146,2,2.0
213,0.4,0.2,stochunif,twopoint,frequency,18.801176470588235,1.0952274924802181,18.558823529411768,17.41176470588235,21.764705882352942,0.10952274924802181,2,2.0
214,0.5,0.02,stochunif,scattered,frequency,18.80529411764706,1.1840721442643136,18.235294117647058,17.41176470588235,22.470588235294116,0.11840721442643136,6,6.0
215,0.6,0.2,roulette,twopoint,frequency,18.80529411764706,1.099588129589526,18.647058823529413,17.41176470588235,21.941176470588236,0.1099588129589526,3,3.0
216,0.4,0.05,stochunif,scattered,uniform,18.80764705882353,1.2508248999526186,18.205882352941174,17.41176470588235,22.352941176470587,0.12508248999526186,7,7.000000000000001
217,0.6,0.05,roulette,twopoint,frequency,18.808235294117647,1.0725856798148323,18.764705882352942,17.41176470588235,21.764705882352942,0.10725856798148323,5,5.0
218,0.4,0.1,roulette,singlepoint,frequency,18.808235294117647,1.2033942419603418,18.676470588235297,17.41176470588235,22.0,0.12033942419603419,5,5.0
219,0.7,0.05,roulette,twopoint,frequency,18.816470588235294,1.4089960968890392,18.235294117647058,17.41176470588235,25.294117647058822,0.14089960968890392,4,4.0
220,0.6,0.05,roulette,singlepoint,uniform,18.818235294117645,1.1003316723796965,18.61764705882353,17.41176470588235,21.705882352941178,0.11003316723796966,2,2.0
221,0.7,0.2,roulette,twopoint,frequency,18.819411764705883,1.2185652472282607,18.352941176470587,17.41176470588235,22.352941176470587,0.12185652472282607,5,5.0
222,0.3,0.02,stochunif,twopoint,frequency,18.82294117647059,1.114421181878598,18.705882352941178,17.41176470588235,22.11764705882353,0.1114421181878598,5,5.0
223,0.8,0.1,tournament,twopoint,frequency,18.82764705882353,1.0900606168807139,18.794117647058826,17.41176470588235,22.823529411764707,0.10900606168807139,4,4.0
224,0.3,0.02,tournament,twopoint,frequency,18.83,1.2124300880442644,18.294117647058822,17.41176470588235,21.705882352941178,0.12124300880442644,4,4.0
225,0.6,0.2,stochunif,singlepoint,uniform,18.83235294117647,1.1952855266111841,18.58823529411765,17.41176470588235,23.0,0.11952855266111842,6,6.0
226,0.5,0.02,tournament,singlepoint,frequency,18.832941176470587,1.2112425251740935,18.294117647058822,17.41176470588235,21.705882352941178,0.12112425251740935,5,5.0
227,0.7,0.1,tournament,singlepoint,uniform,18.834117647058825,1.2313231594259604,18.205882352941174,17.41176470588235,22.352941176470587,0.12313231594259604,3,3.0
228,0.6,0.05,roulette,scattered,frequency,18.836470588235294,1.2570330612270826,18.323529411764703,17.41176470588235,22.88235294117647,0.12570330612270825,5,5.0
229,0.7,0.2,stochunif,twopoint,frequency,18.841176470588234,1.159337514312011,18.470588235294116,17.41176470588235,22.470588235294116,0.1159337514312011,3,3.0
230,0.7,0.05,tournament,twopoint,uniform,18.841176470588238,1.229934898805791,18.411764705882355,17.41176470588235,22.352941176470587,0.1229934898805791,3,3.0
231,0.6,0.2,tournament,twopoint,uniform,18.84294117647059,1.2434036219966687,18.441176470588236,17.41176470588235,21.764705882352942,0.12434036219966686,2,2.0
232,0.8,0.05,tournament,twopoint,frequency,18.845294117647057,1.1834509199072998,18.705882352941178,17.41176470588235,22.88235294117647,0.11834509199072998,3,3.0
233,0.3,0.05,roulette,singlepoint,uniform,18.847058823529412,1.2355345944805392,18.294117647058822,17.41176470588235,22.705882352941178,0.12355345944805392,5,5.0
234,0.7,0.1,stochunif,singlepoint,uniform,18.851764705882353,1.1981799719513835,18.558823529411768,17.41176470588235,22.352941176470587,0.11981799719513835,6,6.0
235,0.5,0.05,stochunif,twopoint,frequency,18.853529411764708,1.2415030841996777,18.58823529411765,17.41176470588235,22.352941176470587,0.12415030841996777,4,4.0
236,0.3,0.05,roulette,twopoint,uniform,18.854117647058825,1.262468277138546,18.58823529411765,17.41176470588235,22.11764705882353,0.1262468277138546,10,10.0
237,0.3,0.02,stochunif,scattered,frequency,18.854117647058825,1.1868078234316142,18.294117647058822,17.41176470588235,22.352941176470587,0.11868078234316141,3,3.0
238,0.7,0.05,tournament,singlepoint,frequency,18.85764705882353,1.2055578306282366,18.647058823529413,17.41176470588235,22.705882352941178,0.12055578306282366,6,6.0
239,0.7,0.05,stochunif,scattered,uniform,18.86235294117647,1.3881270288206058,18.176470588235293,17.41176470588235,23.764705882352942,0.13881270288206057,4,4.0
240,0.6,0.02,tournament,twopoint,frequency,18.864117647058823,1.2356956877773686,18.705882352941178,17.41176470588235,23.176470588235293,0.12356956877773687,5,5.0
241,0.7,0.2,stochunif,singlepoint,uniform,18.865882352941174,1.2129830217203326,18.705882352941178,17.41176470588235,22.705882352941178,0.12129830217203326,3,3.0
242,0.9,0.2,stochunif,scattered,uniform,18.868823529411767,1.2293480809212944,18.470588235294116,17.41176470588235,22.352941176470587,0.12293480809212945,2,2.0
243,0.5,0.2,stochunif,twopoint,uniform,18.869411764705884,1.2426873233359,18.58823529411765,17.41176470588235,23.294117647058822,0.12426873233359,7,7.000000000000001
244,0.4,0.2,roulette,twopoint,frequency,18.870588235294118,1.3588313745841276,18.294117647058822,17.41176470588235,23.470588235294116,0.13588313745841277,5,5.0
245,0.4,0.1,roulette,singlepoint,uniform,18.870588235294118,1.2244523234340634,18.470588235294116,17.41176470588235,22.764705882352942,0.12244523234340635,3,3.0
246,0.3,0.01,tournament,scattered,frequency,18.871764705882352,1.2998678493793892,18.58823529411765,17.41176470588235,24.0,0.12998678493793892,6,6.0
247,0.8,0.1,tournament,singlepoint,uniform,18.871764705882352,1.2271434125144027,18.676470588235297,17.41176470588235,22.58823529411765,0.12271434125144028,5,5.0
248,0.7,0.1,stochunif,singlepoint,frequency,18.87235294117647,1.104072266129876,18.88235294117647,17.41176470588235,22.352941176470587,0.1104072266129876,3,3.0
249,0.7,0.2,roulette,twopoint,uniform,18.873529411764704,1.201265017747805,18.58823529411765,17.41176470588235,22.176470588235293,0.1201265017747805,4,4.0
250,0.6,0.05,stochunif,twopoint,uniform,18.875882352941176,1.283293331293672,18.294117647058822,17.41176470588235,22.470588235294116,0.1283293331293672,2,2.0
251,0.6,0.2,tournament,singlepoint,uniform,18.875882352941176,0.9739860222054209,18.852941176470587,17.41176470588235,22.352941176470587,0.09739860222054209,1,1.0
252,0.7,0.05,stochunif,twopoint,frequency,18.87764705882353,1.1862245684159058,18.823529411764707,17.41176470588235,22.647058823529413,0.11862245684159059,7,7.000000000000001
253,0.4,0.2,stochunif,twopoint,uniform,18.87764705882353,1.2190649386867143,18.352941176470587,17.41176470588235,21.705882352941178,0.12190649386867143,1,1.0
254,0.6,0.1,stochunif,singlepoint,frequency,18.885882352941177,1.2320734406382072,18.705882352941178,17.41176470588235,23.529411764705884,0.12320734406382072,3,3.0
255,0.5,0.05,roulette,scattered,uniform,18.890588235294118,1.2892475748887577,18.294117647058822,17.41176470588235,21.705882352941178,0.12892475748887577,3,3.0
256,0.6,0.2,roulette,twopoint,uniform,18.89235294117647,1.1418572740594437,18.58823529411765,17.41176470588235,21.764705882352942,0.11418572740594438,2,2.0
257,0.3,0.05,roulette,twopoint,frequency,18.901176470588236,1.2680593658188846,18.58823529411765,17.41176470588235,21.705882352941178,0.12680593658188846,8,8.0
258,0.7,0.05,stochunif,singlepoint,frequency,18.90352941176471,1.2554455150797084,18.647058823529413,17.41176470588235,22.235294117647058,0.12554455150797084,3,3.0
259,0.5,0.05,roulette,twopoint,uniform,18.905882352941177,1.3180682206128975,18.352941176470587,17.41176470588235,22.941176470588236,0.13180682206128974,5,5.0
260,0.8,0.05,roulette,scattered,frequency,18.915294117647058,1.252708644759871,18.676470588235297,17.41176470588235,22.647058823529413,0.1252708644759871,7,7.000000000000001
261,0.9,0.1,tournament,scattered,uniform,18.917058823529413,1.1999468432764158,18.705882352941178,17.41176470588235,22.352941176470587,0.11999468432764157,2,2.0
262,0.9,0.2,tournament,scattered,frequency,18.918235294117647,1.2475244088779258,18.58823529411765,17.41176470588235,23.294117647058822,0.12475244088779258,1,1.0
263,0.6,0.05,stochunif,singlepoint,frequency,18.925882352941176,1.1800782475038376,18.676470588235297,17.41176470588235,21.823529411764707,0.11800782475038377,6,6.0
264,0.6,0.05,roulette,singlepoint,frequency,18.92705882352941,1.221683785555179,18.911764705882355,17.41176470588235,22.352941176470587,0.1221683785555179,1,1.0
265,0.3,0.1,roulette,singlepoint,uniform,18.928235294117645,1.2430247872785243,18.352941176470587,17.41176470588235,22.235294117647058,0.12430247872785243,4,4.0
266,0.4,0.02,stochunif,scattered,frequency,18.931176470588237,1.099090882927807,18.88235294117647,17.41176470588235,21.764705882352942,0.1099090882927807,3,3.0
267,0.6,0.1,roulette,singlepoint,uniform,18.93294117647059,1.153610946883643,18.558823529411764,17.41176470588235,22.352941176470587,0.11536109468836431,4,4.0
268,0.5,0.05,roulette,singlepoint,uniform,18.93470588235294,1.2001157715640431,18.705882352941178,17.41176470588235,21.941176470588236,0.12001157715640431,4,4.0
269,0.4,0.02,tournament,twopoint,uniform,18.93764705882353,1.3323321185835073,18.294117647058822,17.41176470588235,22.88235294117647,0.13323321185835074,2,2.0
270,0.8,0.2,roulette,twopoint,frequency,18.94,1.1130241822979066,18.735294117647058,17.41176470588235,22.352941176470587,0.11130241822979066,2,2.0
271,0.5,0.1,roulette,singlepoint,uniform,18.94058823529412,1.2928069579348567,18.58823529411765,17.41176470588235,22.88235294117647,0.12928069579348567,1,1.0
272,0.8,0.1,stochunif,twopoint,uniform,18.942941176470587,1.1305183415879974,18.705882352941178,17.647058823529413,23.41176470588235,0.11305183415879974,0,0.0
273,0.4,0.02,tournament,singlepoint,uniform,18.943529411764704,1.2411490142353498,18.558823529411768,17.41176470588235,23.764705882352942,0.12411490142353498,1,1.0
274,0.6,0.02,tournament,singlepoint,frequency,18.948823529411765,1.3375119328939358,18.852941176470587,17.41176470588235,24.58823529411765,0.13375119328939358,4,4.0
275,0.9,0.05,stochunif,scattered,frequency,18.949411764705882,1.1740325301928378,18.735294117647058,17.41176470588235,22.470588235294116,0.11740325301928378,1,1.0
276,0.3,0.05,stochunif,twopoint,uniform,18.951176470588237,1.3255528205100888,18.58823529411765,17.41176470588235,22.764705882352942,0.1325552820510089,3,3.0
277,0.4,0.2,stochunif,singlepoint,frequency,18.951764705882354,1.1395385517245338,18.852941176470587,17.41176470588235,22.294117647058822,0.11395385517245338,1,1.0
278,0.8,0.2,stochunif,twopoint,frequency,18.95235294117647,1.3428853348978027,18.705882352941178,17.41176470588235,23.352941176470587,0.13428853348978026,4,4.0
279,0.5,0.1,stochunif,singlepoint,uniform,18.953529411764706,1.2354580713424579,18.676470588235297,17.41176470588235,21.88235294117647,0.12354580713424579,2,2.0
280,0.3,0.2,roulette,scattered,uniform,18.954117647058823,1.2730028112388319,18.529411764705884,17.41176470588235,22.0,0.1273002811238832,4,4.0
281,0.7,0.1,roulette,singlepoint,frequency,18.955882352941174,1.2611357809968429,18.705882352941178,17.41176470588235,22.88235294117647,0.1261135780996843,1,1.0
282,0.6,0.05,tournament,singlepoint,uniform,18.95705882352941,1.2398511141916488,18.705882352941178,17.41176470588235,23.0,0.12398511141916488,3,3.0
283,0.7,0.2,roulette,singlepoint,uniform,18.958823529411767,1.1643913461625686,18.735294117647058,17.41176470588235,21.823529411764707,0.11643913461625685,1,1.0
284,0.3,0.05,roulette,singlepoint,frequency,18.959411764705884,1.3146349314432821,19.11764705882353,17.41176470588235,22.352941176470587,0.1314634931443282,5,5.0
285,0.7,0.1,roulette,twopoint,frequency,18.959411764705884,1.2839958240945866,18.911764705882355,17.41176470588235,22.88235294117647,0.12839958240945865,3,3.0
286,0.9,0.2,roulette,scattered,frequency,18.970588235294116,1.1815546712082943,18.852941176470587,17.41176470588235,23.058823529411764,0.11815546712082943,1,1.0
287,0.3,0.1,roulette,singlepoint,frequency,18.970588235294116,1.2161893042421899,19.058823529411764,17.470588235294116,22.705882352941178,0.12161893042421898,0,0.0
288,0.5,0.2,stochunif,singlepoint,frequency,18.97235294117647,1.2003068066308662,18.823529411764707,17.41176470588235,22.294117647058822,0.12003068066308661,3,3.0
289,0.6,0.2,stochunif,singlepoint,frequency,18.978235294117646,1.247965874905029,18.941176470588236,17.41176470588235,21.705882352941178,0.1247965874905029,12,12.0
290,0.8,0.05,roulette,scattered,uniform,18.983529411764707,1.2066561290053068,19.0,17.41176470588235,22.176470588235293,0.12066561290053068,2,2.0
291,0.3,0.2,roulette,scattered,frequency,18.984117647058824,1.0800944881430075,18.941176470588236,17.41176470588235,21.294117647058822,0.10800944881430075,5,5.0
292,0.5,0.02,stochunif,scattered,uniform,18.984117647058824,1.1814764268203668,19.0,17.41176470588235,22.58823529411765,0.11814764268203667,3,3.0
293,0.6,0.1,stochunif,singlepoint,uniform,18.985882352941175,1.306966944802428,18.970588235294116,17.41176470588235,22.529411764705884,0.1306966944802428,3,3.0
294,0.8,0.1,stochunif,singlepoint,frequency,18.988823529411764,1.2781572653226463,19.0,17.41176470588235,22.764705882352942,0.12781572653226464,1,1.0
295,0.7,0.02,stochunif,scattered,frequency,18.990588235294116,1.4016203169099706,18.705882352941178,17.41176470588235,22.58823529411765,0.14016203169099706,3,3.0
296,0.6,0.05,roulette,twopoint,uniform,18.994117647058825,1.4147695295142686,18.647058823529413,17.41176470588235,23.529411764705884,0.14147695295142687,4,4.0
297,0.4,0.02,stochunif,twopoint,frequency,18.996470588235294,1.2819015051927405,18.705882352941178,17.41176470588235,22.352941176470587,0.12819015051927404,6,6.0
298,0.7,0.2,stochunif,twopoint,uniform,18.997647058823528,1.0888628532080433,19.058823529411764,17.41176470588235,22.88235294117647,0.10888628532080433,3,3.0
299,0.6,0.2,roulette,singlepoint,uniform,19.0,1.1768270404744177,18.764705882352942,17.41176470588235,22.41176470588235,0.11768270404744177,3,3.0
300,0.9,0.1,stochunif,scattered,uniform,19.005882352941175,1.1892796455357886,18.764705882352942,17.41176470588235,22.352941176470587,0.11892796455357886,4,4.0
301,0.4,0.05,stochunif,singlepoint,uniform,19.005882352941175,1.277030278900417,19.029411764705884,17.41176470588235,23.41176470588235,0.1277030278900417,1,1.0
302,0.7,0.2,tournament,twopoint,uniform,19.00764705882353,1.2213271178102743,18.764705882352942,17.41176470588235,23.705882352941178,0.12213271178102743,1,1.0
303,0.4,0.02,roulette,scattered,frequency,19.008235294117647,1.2861261381319429,19.11764705882353,17.41176470588235,23.41176470588235,0.12861261381319428,4,4.0
304,0.3,0.2,stochunif,twopoint,frequency,19.014117647058825,1.2117445152313595,18.823529411764707,17.41176470588235,22.529411764705884,0.12117445152313595,3,3.0
305,0.7,0.2,roulette,singlepoint,frequency,19.018235294117645,1.239846603759036,18.88235294117647,17.41176470588235,23.470588235294116,0.12398466037590361,3,3.0
306,0.8,0.1,tournament,twopoint,uniform,19.019411764705882,1.2145372926934146,18.705882352941178,17.41176470588235,22.88235294117647,0.12145372926934146,2,2.0
307,0.7,0.1,roulette,singlepoint,uniform,19.02235294117647,1.3972511047589462,18.676470588235297,17.41176470588235,23.0,0.13972511047589461,4,4.0
308,0.7,0.02,tournament,scattered,uniform,19.025882352941174,1.2062574956670702,18.705882352941178,17.41176470588235,22.294117647058822,0.12062574956670702,1,1.0
309,0.4,0.05,stochunif,twopoint,uniform,19.033529411764707,1.3329205348197921,19.058823529411764,17.41176470588235,22.352941176470587,0.1332920534819792,3,3.0
310,0.8,0.1,roulette,twopoint,uniform,19.035882352941176,1.2017746655050985,19.11764705882353,17.41176470588235,22.11764705882353,0.12017746655050984,5,5.0
311,0.4,0.05,roulette,twopoint,uniform,19.037058823529414,1.2081491093344046,19.11764705882353,17.41176470588235,21.823529411764707,0.12081491093344046,3,3.0
312,0.6,0.01,tournament,scattered,frequency,19.038235294117648,1.436755803841688,19.0,17.41176470588235,23.58823529411765,0.1436755803841688,3,3.0
313,0.3,0.02,roulette,scattered,uniform,19.039411764705882,1.272658878113551,18.764705882352942,17.41176470588235,22.58823529411765,0.12726588781135512,4,4.0
314,0.4,0.02,tournament,twopoint,frequency,19.04,1.472924584979232,18.88235294117647,17.41176470588235,25.176470588235293,0.14729245849792322,6,6.0
315,0.8,0.02,stochunif,scattered,frequency,19.04,1.3876903570069947,18.794117647058826,17.41176470588235,24.235294117647058,0.13876903570069948,2,2.0
316,0.3,0.02,roulette,twopoint,frequency,19.04294117647059,1.3982032089379295,18.58823529411765,17.41176470588235,22.176470588235293,0.13982032089379295,3,3.0
317,0.4,0.2,roulette,singlepoint,frequency,19.04352941176471,1.2782099039384884,18.911764705882355,17.41176470588235,23.352941176470587,0.12782099039384884,3,3.0
318,0.3,0.02,roulette,singlepoint,frequency,19.044705882352943,1.1608324892445516,19.0,17.41176470588235,22.529411764705884,0.11608324892445517,4,4.0
319,0.3,0.02,tournament,twopoint,uniform,19.044705882352943,1.5121083416154595,18.558823529411764,17.41176470588235,24.58823529411765,0.15121083416154596,3,3.0
320,0.8,0.2,roulette,twopoint,uniform,19.04529411764706,1.2481115020240563,18.88235294117647,17.41176470588235,22.88235294117647,0.12481115020240563,1,1.0
321,0.6,0.2,roulette,singlepoint,frequency,19.045882352941177,1.3014586794625211,18.88235294117647,17.41176470588235,22.88235294117647,0.1301458679462521,6,6.0
322,0.7,0.05,roulette,scattered,uniform,19.050588235294118,1.2356483095760828,18.823529411764707,17.41176470588235,22.235294117647058,0.12356483095760828,1,1.0
323,0.8,0.2,stochunif,singlepoint,frequency,19.051176470588235,1.302453974195812,18.911764705882355,17.41176470588235,22.0,0.13024539741958122,5,5.0
324,0.8,0.1,roulette,twopoint,frequency,19.054117647058824,1.2555613241015218,19.11764705882353,17.41176470588235,22.470588235294116,0.12555613241015218,2,2.0
325,0.8,0.1,stochunif,singlepoint,uniform,19.056470588235296,1.2248210650954368,19.058823529411764,17.41176470588235,22.235294117647058,0.12248210650954368,4,4.0
326,0.5,0.2,stochunif,singlepoint,uniform,19.05764705882353,1.2615958942872048,18.941176470588236,17.647058823529413,23.41176470588235,0.12615958942872046,0,0.0
327,0.6,0.02,tournament,scattered,uniform,19.06529411764706,1.3956020487468201,18.764705882352942,17.41176470588235,24.0,0.13956020487468201,2,2.0
328,0.7,0.2,tournament,singlepoint,frequency,19.066470588235294,1.377801383993563,18.647058823529413,17.41176470588235,23.11764705882353,0.1377801383993563,2,2.0
329,0.7,0.05,stochunif,twopoint,uniform,19.071176470588238,1.2418633857367984,19.11764705882353,17.41176470588235,22.294117647058822,0.12418633857367985,3,3.0
330,0.3,0.2,stochunif,twopoint,uniform,19.07470588235294,1.1395224489648295,19.11764705882353,17.41176470588235,22.470588235294116,0.11395224489648295,1,1.0
331,0.5,0.02,stochunif,singlepoint,frequency,19.075294117647058,1.3001017589218848,19.058823529411764,17.41176470588235,22.705882352941178,0.1300101758921885,3,3.0
332,0.7,0.02,roulette,scattered,frequency,19.091764705882355,1.1505559378543515,19.11764705882353,17.41176470588235,22.529411764705884,0.11505559378543515,2,2.0
333,0.8,0.05,tournament,singlepoint,frequency,19.093529411764706,1.275595177501954,19.0,17.41176470588235,22.11764705882353,0.12755951775019542,3,3.0
334,0.9,0.2,roulette,scattered,uniform,19.095882352941175,1.324407974067183,18.88235294117647,17.41176470588235,22.941176470588236,0.1324407974067183,3,3.0
335,0.8,0.2,tournament,singlepoint,frequency,19.095882352941175,1.245975801874612,19.0,17.41176470588235,22.294117647058822,0.12459758018746121,2,2.0
336,0.8,0.05,stochunif,singlepoint,frequency,19.09764705882353,1.2411293016074183,18.970588235294116,17.41176470588235,22.705882352941178,0.12411293016074183,2,2.0
337,0.7,0.05,roulette,singlepoint,frequency,19.10235294117647,1.333428223529179,18.705882352941178,17.41176470588235,23.823529411764707,0.1333428223529179,2,2.0
338,0.6,0.05,stochunif,singlepoint,uniform,19.10764705882353,1.2959813458558738,19.11764705882353,17.41176470588235,23.176470588235293,0.1295981345855874,1,1.0
339,0.8,0.05,stochunif,twopoint,frequency,19.11764705882353,1.196531283898592,19.147058823529413,17.470588235294116,22.058823529411764,0.1196531283898592,0,0.0
340,0.3,0.02,stochunif,scattered,uniform,19.118235294117646,1.2017630321224952,19.235294117647058,17.41176470588235,23.11764705882353,0.12017630321224952,3,3.0
341,0.6,0.02,roulette,scattered,frequency,19.118823529411767,1.3221714826980349,19.088235294117645,17.41176470588235,24.176470588235293,0.1322171482698035,1,1.0
342,0.3,0.02,tournament,singlepoint,uniform,19.126470588235296,1.4611192476330301,19.088235294117645,17.41176470588235,24.705882352941178,0.146111924763303,4,4.0
343,0.4,0.02,tournament,singlepoint,frequency,19.12764705882353,1.278495208537138,19.11764705882353,17.41176470588235,22.470588235294116,0.1278495208537138,2,2.0
344,0.8,0.02,tournament,scattered,uniform,19.128823529411765,1.2736647410940993,19.058823529411764,17.41176470588235,23.941176470588236,0.12736647410940993,1,1.0
345,0.5,0.02,roulette,scattered,frequency,19.139411764705883,1.3489091019283348,19.0,17.41176470588235,22.705882352941178,0.13489091019283347,3,3.0
346,0.5,0.02,tournament,singlepoint,uniform,19.14470588235294,1.4909093892763101,18.911764705882355,17.41176470588235,23.764705882352942,0.149090938927631,2,2.0
347,0.3,0.02,stochunif,singlepoint,frequency,19.146470588235296,1.2893688867447293,19.11764705882353,17.41176470588235,22.705882352941178,0.12893688867447292,5,5.0
348,0.5,0.02,tournament,twopoint,uniform,19.146470588235296,1.4125194803520096,19.058823529411764,17.41176470588235,23.0,0.14125194803520097,4,4.0
349,0.5,0.01,tournament,scattered,frequency,19.146470588235296,1.3629533433264407,19.0,17.41176470588235,23.176470588235293,0.13629533433264407,3,3.0
350,0.3,0.02,roulette,scattered,frequency,19.15,1.335831124790992,19.0,17.41176470588235,22.88235294117647,0.1335831124790992,4,4.0
351,0.4,0.2,stochunif,singlepoint,uniform,19.150588235294116,1.2107980615094862,19.088235294117645,17.41176470588235,22.294117647058822,0.12107980615094863,2,2.0
352,0.7,0.05,roulette,singlepoint,uniform,19.154705882352943,1.4363246692341884,18.911764705882355,17.41176470588235,23.352941176470587,0.14363246692341886,2,2.0
353,0.7,0.2,tournament,singlepoint,uniform,19.16,1.2517529563108174,19.11764705882353,17.470588235294116,24.470588235294116,0.12517529563108173,0,0.0
354,0.4,0.2,roulette,twopoint,uniform,19.160588235294117,1.1646721218031462,19.11764705882353,17.41176470588235,23.235294117647058,0.11646721218031461,1,1.0
355,0.4,0.02,roulette,scattered,uniform,19.161176470588234,1.3266746809195704,19.11764705882353,17.41176470588235,25.470588235294116,0.13266746809195704,1,1.0
356,0.7,0.05,roulette,twopoint,uniform,19.16294117647059,1.358158711567303,19.11764705882353,17.41176470588235,24.176470588235293,0.1358158711567303,2,2.0
357,0.7,0.05,tournament,singlepoint,uniform,19.163529411764706,1.3814475992612738,19.088235294117645,17.41176470588235,23.0,0.13814475992612738,4,4.0
358,0.4,0.02,stochunif,singlepoint,frequency,19.166470588235295,1.3962320160267163,19.11764705882353,17.41176470588235,22.705882352941178,0.13962320160267164,5,5.0
359,0.8,0.1,roulette,singlepoint,frequency,19.169411764705885,1.2761755192061892,19.11764705882353,17.41176470588235,22.352941176470587,0.1276175519206189,1,1.0
360,0.4,0.2,roulette,singlepoint,uniform,19.172941176470587,1.1541501173792674,19.147058823529413,17.41176470588235,22.176470588235293,0.11541501173792675,1,1.0
361,0.6,0.02,stochunif,scattered,uniform,19.174705882352942,1.3079917176222047,18.970588235294116,17.41176470588235,22.470588235294116,0.13079917176222047,2,2.0
362,0.3,0.02,stochunif,singlepoint,uniform,19.175882352941176,1.384452962957139,18.794117647058826,17.41176470588235,22.941176470588236,0.1384452962957139,2,2.0
363,0.4,0.02,stochunif,scattered,uniform,19.181176470588237,1.3579483153920922,19.147058823529413,17.41176470588235,22.529411764705884,0.1357948315392092,1,1.0
364,0.9,0.1,roulette,scattered,uniform,19.18764705882353,1.2482750322264036,19.11764705882353,17.41176470588235,23.705882352941178,0.12482750322264036,1,1.0
365,0.5,0.2,roulette,singlepoint,frequency,19.193529411764704,1.233192763244264,19.11764705882353,17.41176470588235,21.941176470588236,0.12331927632442641,4,4.0
366,0.6,0.02,roulette,twopoint,frequency,19.19470588235294,1.3692012904023674,19.058823529411764,17.41176470588235,23.176470588235293,0.13692012904023673,1,1.0
367,0.7,0.02,stochunif,scattered,uniform,19.200588235294116,1.3834073929322033,19.11764705882353,17.41176470588235,23.058823529411764,0.13834073929322033,5,5.0
368,0.9,0.1,roulette,scattered,frequency,19.20294117647059,1.2042871642635724,19.147058823529413,17.41176470588235,22.941176470588236,0.12042871642635725,3,3.0
369,0.7,0.2,stochunif,singlepoint,frequency,19.20470588235294,1.3794195244591565,19.088235294117645,17.41176470588235,22.352941176470587,0.13794195244591564,4,4.0
370,0.5,0.02,tournament,twopoint,frequency,19.20705882352941,1.499746113450319,19.11764705882353,17.41176470588235,23.235294117647058,0.1499746113450319,1,1.0
371,0.8,0.05,tournament,singlepoint,uniform,19.21764705882353,1.2122457207731303,19.11764705882353,17.41176470588235,22.647058823529413,0.12122457207731303,1,1.0
372,0.9,0.2,tournament,scattered,uniform,19.221764705882354,1.1075111896798862,19.147058823529413,17.41176470588235,22.235294117647058,0.11075111896798862,1,1.0
373,0.6,0.02,tournament,twopoint,uniform,19.22529411764706,1.4306289426847438,19.029411764705884,17.41176470588235,24.88235294117647,0.14306289426847438,5,5.0
374,0.8,0.2,stochunif,singlepoint,uniform,19.241176470588233,1.3214448494587752,18.970588235294116,17.41176470588235,22.88235294117647,0.13214448494587752,2,2.0
375,0.3,0.02,stochunif,twopoint,uniform,19.24235294117647,1.427920042029557,19.11764705882353,17.41176470588235,23.470588235294116,0.1427920042029557,1,1.0
376,0.3,0.2,stochunif,singlepoint,frequency,19.249411764705883,1.1898561155692624,19.11764705882353,17.41176470588235,22.470588235294116,0.11898561155692625,4,4.0
377,0.5,0.2,roulette,singlepoint,uniform,19.25,1.3210447397805134,19.11764705882353,17.41176470588235,22.88235294117647,0.13210447397805133,5,5.0
378,0.9,0.2,stochunif,twopoint,frequency,19.253529411764706,1.407988984446345,18.970588235294116,17.41176470588235,23.88235294117647,0.1407988984446345,1,1.0
379,0.8,0.05,tournament,twopoint,uniform,19.25470588235294,1.5438790806851255,19.11764705882353,17.41176470588235,22.823529411764707,0.15438790806851255,3,3.0
380,0.8,0.02,stochunif,scattered,uniform,19.255294117647058,1.480742601152728,19.11764705882353,17.41176470588235,24.058823529411764,0.1480742601152728,2,2.0
381,0.8,0.2,tournament,twopoint,uniform,19.256470588235295,1.4260644379560947,18.911764705882355,17.41176470588235,23.41176470588235,0.14260644379560947,2,2.0
382,0.5,0.02,roulette,twopoint,frequency,19.26,1.3652768899874945,19.088235294117645,17.41176470588235,23.294117647058822,0.13652768899874945,1,1.0
383,0.4,0.02,roulette,twopoint,frequency,19.261764705882353,1.5664060697195576,19.029411764705884,17.41176470588235,24.0,0.15664060697195575,3,3.0
384,0.5,0.02,stochunif,singlepoint,uniform,19.263529411764708,1.3543607732250988,19.11764705882353,17.647058823529413,23.41176470588235,0.1354360773225099,0,0.0
385,0.6,0.02,roulette,scattered,uniform,19.271176470588237,1.444798097819313,19.235294117647058,17.41176470588235,22.88235294117647,0.14447980978193128,6,6.0
386,0.7,0.05,stochunif,singlepoint,uniform,19.27294117647059,1.469780407948781,19.029411764705884,17.41176470588235,23.764705882352942,0.1469780407948781,2,2.0
387,0.4,0.02,roulette,singlepoint,frequency,19.274117647058823,1.47606159099772,19.11764705882353,17.41176470588235,22.88235294117647,0.14760615909977198,5,5.0
388,0.5,0.01,tournament,scattered,uniform,19.282941176470587,1.5359951320728964,19.11764705882353,17.41176470588235,23.529411764705884,0.15359951320728965,5,5.0
389,0.3,0.2,roulette,twopoint,uniform,19.28470588235294,1.3655210956664665,19.058823529411764,17.41176470588235,23.941176470588236,0.13655210956664665,1,1.0
390,0.9,0.05,roulette,scattered,frequency,19.28470588235294,1.414552604778527,19.11764705882353,17.41176470588235,22.88235294117647,0.1414552604778527,1,1.0
391,0.5,0.01,stochunif,scattered,frequency,19.28764705882353,1.5421539447399053,19.11764705882353,17.41176470588235,24.58823529411765,0.15421539447399052,2,2.0
392,0.7,0.02,tournament,twopoint,frequency,19.291764705882354,1.3853470059653614,19.235294117647058,17.41176470588235,23.352941176470587,0.13853470059653614,1,1.0
393,0.8,0.05,roulette,twopoint,frequency,19.294117647058826,1.2759761207173943,19.470588235294116,17.41176470588235,22.705882352941178,0.12759761207173942,2,2.0
394,0.3,0.02,roulette,twopoint,uniform,19.301176470588235,1.353064656330055,19.147058823529413,17.41176470588235,23.0,0.1353064656330055,2,2.0
395,0.9,0.02,tournament,scattered,uniform,19.311764705882354,1.2752500250000485,19.11764705882353,17.41176470588235,23.0,0.12752500250000484,2,2.0
396,0.8,0.05,stochunif,singlepoint,uniform,19.318823529411766,1.3295579347444577,19.235294117647058,17.41176470588235,23.647058823529413,0.13295579347444578,1,1.0
397,0.4,0.02,roulette,singlepoint,uniform,19.32294117647059,1.3494230783699575,19.11764705882353,17.647058823529413,23.176470588235293,0.13494230783699573,0,0.0
398,0.4,0.01,tournament,scattered,uniform,19.331176470588233,1.4084595644506803,19.205882352941174,17.41176470588235,24.058823529411764,0.14084595644506803,3,3.0
399,0.4,0.01,tournament,scattered,frequency,19.331176470588236,1.4744845590815003,19.11764705882353,17.41176470588235,24.647058823529413,0.14744845590815003,1,1.0
400,0.6,0.02,stochunif,twopoint,uniform,19.336470588235294,1.4395192188434767,19.11764705882353,17.41176470588235,23.41176470588235,0.14395192188434766,3,3.0
401,0.7,0.02,tournament,singlepoint,frequency,19.33705882352941,1.2147905100728456,19.441176470588232,17.41176470588235,22.0,0.12147905100728455,3,3.0
402,0.5,0.02,stochunif,twopoint,uniform,19.339411764705883,1.3989029639824357,19.11764705882353,17.41176470588235,23.058823529411764,0.13989029639824357,2,2.0
403,0.7,0.01,tournament,scattered,frequency,19.341176470588238,1.5105098240987218,19.264705882352942,17.41176470588235,24.470588235294116,0.1510509824098722,2,2.0
404,0.8,0.2,tournament,twopoint,frequency,19.344117647058823,1.1805447873321315,19.323529411764703,17.647058823529413,23.823529411764707,0.11805447873321315,0,0.0
405,0.8,0.2,stochunif,twopoint,uniform,19.346470588235295,1.4001776177166954,19.529411764705884,17.41176470588235,22.529411764705884,0.14001776177166952,2,2.0
406,0.8,0.02,roulette,scattered,frequency,19.348823529411767,1.3842449221159894,19.147058823529413,17.41176470588235,23.176470588235293,0.13842449221159894,2,2.0
407,0.3,0.2,roulette,twopoint,frequency,19.351176470588236,1.247792220358067,19.235294117647058,17.41176470588235,22.058823529411764,0.12477922203580669,1,1.0
408,0.5,0.02,roulette,twopoint,uniform,19.354117647058825,1.4901486998754114,19.147058823529413,17.41176470588235,22.764705882352942,0.14901486998754115,3,3.0
409,0.4,0.02,stochunif,singlepoint,uniform,19.35529411764706,1.4793185893741485,19.294117647058822,17.41176470588235,24.470588235294116,0.14793185893741484,3,3.0
410,0.5,0.02,stochunif,twopoint,frequency,19.35529411764706,1.3712476642033458,19.41176470588235,17.41176470588235,24.294117647058822,0.13712476642033458,2,2.0
411,0.8,0.1,roulette,singlepoint,uniform,19.36294117647059,1.436358736496014,19.235294117647058,17.41176470588235,23.11764705882353,0.1436358736496014,4,4.0
412,0.3,0.2,stochunif,singlepoint,uniform,19.363529411764706,1.2943709577612703,19.352941176470587,17.41176470588235,23.0,0.12943709577612703,2,2.0
413,0.6,0.02,stochunif,twopoint,frequency,19.365882352941174,1.3400423637898913,19.352941176470587,17.41176470588235,22.529411764705884,0.13400423637898912,4,4.0
414,0.6,0.01,tournament,scattered,uniform,19.367058823529412,1.5533597448118477,19.147058823529413,17.41176470588235,24.705882352941178,0.15533597448118477,2,2.0
415,0.3,0.01,tournament,twopoint,frequency,19.371764705882352,1.3996779089937936,19.294117647058822,17.41176470588235,23.176470588235293,0.13996779089937936,2,2.0
416,0.3,0.02,roulette,singlepoint,uniform,19.37470588235294,1.3488572789205404,19.470588235294116,17.41176470588235,23.0,0.13488572789205405,2,2.0
417,0.5,0.02,roulette,scattered,uniform,19.37529411764706,1.2973755782361018,19.470588235294116,17.41176470588235,22.88235294117647,0.12973755782361018,1,1.0
418,0.9,0.05,stochunif,scattered,uniform,19.375882352941176,1.4329928806503356,19.235294117647058,17.41176470588235,23.58823529411765,0.14329928806503356,1,1.0
419,0.7,0.02,roulette,scattered,uniform,19.37764705882353,1.3629709093615403,19.235294117647058,17.41176470588235,22.941176470588236,0.13629709093615403,3,3.0
420,0.6,0.02,roulette,twopoint,uniform,19.378235294117648,1.3940574759309656,19.235294117647058,17.647058823529413,24.11764705882353,0.13940574759309657,0,0.0
421,0.8,0.2,roulette,singlepoint,frequency,19.380588235294116,1.3176294190738447,19.294117647058822,17.647058823529413,22.352941176470587,0.13176294190738447,0,0.0
422,0.8,0.05,roulette,singlepoint,frequency,19.381176470588237,1.3058529114033801,19.352941176470587,17.41176470588235,23.176470588235293,0.130585291140338,2,2.0
423,0.3,0.01,stochunif,scattered,frequency,19.386470588235294,1.393480704195413,19.470588235294116,17.41176470588235,22.88235294117647,0.13934807041954128,5,5.0
424,0.5,0.02,roulette,singlepoint,frequency,19.388235294117646,1.610471309676946,19.470588235294116,17.41176470588235,25.352941176470587,0.1610471309676946,4,4.0
425,0.8,0.2,roulette,singlepoint,uniform,19.388823529411766,1.402497186191535,19.470588235294116,17.41176470588235,22.823529411764707,0.1402497186191535,2,2.0
426,0.9,0.02,tournament,scattered,frequency,19.390588235294118,1.5237226791112832,19.058823529411764,17.41176470588235,24.647058823529413,0.15237226791112832,1,1.0
427,0.8,0.05,roulette,twopoint,uniform,19.39941176470588,1.3050447496576227,19.441176470588232,17.41176470588235,22.88235294117647,0.13050447496576228,1,1.0
428,0.8,0.01,tournament,scattered,frequency,19.402941176470588,1.5441126955753437,19.352941176470587,17.41176470588235,23.41176470588235,0.15441126955753437,2,2.0
429,0.4,0.02,roulette,twopoint,uniform,19.405882352941177,1.2676629471013878,19.529411764705884,17.41176470588235,23.294117647058822,0.12676629471013878,1,1.0
430,0.9,0.1,stochunif,twopoint,frequency,19.408235294117645,1.258429200625372,19.470588235294116,17.41176470588235,23.764705882352942,0.1258429200625372,2,2.0
431,0.4,0.01,roulette,scattered,frequency,19.412352941176472,1.400067779482409,19.294117647058822,17.41176470588235,23.470588235294116,0.1400067779482409,1,1.0
432,0.5,0.02,roulette,singlepoint,uniform,19.418235294117647,1.2184975544653418,19.470588235294116,17.41176470588235,23.41176470588235,0.12184975544653417,1,1.0
433,0.3,0.01,tournament,scattered,uniform,19.424705882352942,1.4542426111631477,19.41176470588235,17.41176470588235,24.529411764705884,0.14542426111631476,2,2.0
434,0.7,0.02,roulette,twopoint,frequency,19.435882352941174,1.6066056496001255,19.147058823529413,17.41176470588235,25.352941176470587,0.16066056496001255,3,3.0
435,0.3,0.2,roulette,singlepoint,uniform,19.438235294117646,1.2268299272256868,19.352941176470587,17.470588235294116,22.88235294117647,0.12268299272256869,0,0.0
436,0.4,0.02,stochunif,twopoint,uniform,19.453529411764706,1.300456978961445,19.352941176470587,17.41176470588235,23.470588235294116,0.1300456978961445,1,1.0
437,0.8,0.2,tournament,singlepoint,uniform,19.46,1.3982413296137624,19.205882352941174,17.647058823529413,23.41176470588235,0.13982413296137625,0,0.0
438,0.7,0.02,stochunif,twopoint,frequency,19.464117647058824,1.410251094915818,19.294117647058822,17.41176470588235,23.941176470588236,0.1410251094915818,2,2.0
439,0.9,0.05,tournament,twopoint,frequency,19.470588235294116,1.487449387251112,19.38235294117647,17.41176470588235,23.88235294117647,0.14874493872511121,2,2.0
440,0.8,0.05,stochunif,twopoint,uniform,19.471176470588233,1.5804477770496763,19.323529411764703,17.41176470588235,25.294117647058822,0.15804477770496764,2,2.0
441,0.4,0.01,tournament,twopoint,frequency,19.471176470588237,1.636830455085348,19.11764705882353,17.41176470588235,23.764705882352942,0.1636830455085348,3,3.0
442,0.9,0.1,tournament,twopoint,frequency,19.472941176470588,1.516811756844139,19.352941176470587,17.470588235294116,24.11764705882353,0.15168117568441392,0,0.0
443,0.6,0.02,roulette,singlepoint,frequency,19.475882352941177,1.4603708036678136,19.647058823529413,17.41176470588235,24.11764705882353,0.14603708036678137,3,3.0
444,0.3,0.01,tournament,singlepoint,frequency,19.48,1.458302093765074,19.38235294117647,17.41176470588235,23.647058823529413,0.1458302093765074,3,3.0
445,0.9,0.2,stochunif,singlepoint,frequency,19.485882352941175,1.3545966259936826,19.323529411764703,17.647058823529413,23.470588235294116,0.13545966259936826,0,0.0
446,0.8,0.2,stochunif,scattered,scramble,19.486470588235296,1.5843211159178856,19.235294117647058,17.41176470588235,26.41176470588235,0.15843211159178855,3,3.0
447,0.3,0.2,roulette,singlepoint,frequency,19.486470588235296,1.2523608128117185,19.61764705882353,17.41176470588235,21.764705882352942,0.12523608128117186,1,1.0
448,0.4,0.01,tournament,singlepoint,frequency,19.494117647058825,1.256683227771453,19.529411764705884,17.41176470588235,22.647058823529413,0.1256683227771453,2,2.0
449,0.6,0.02,tournament,singlepoint,uniform,19.501764705882355,1.5116074835418567,19.235294117647058,17.41176470588235,24.705882352941178,0.15116074835418566,2,2.0
450,0.9,0.1,stochunif,singlepoint,frequency,19.514705882352942,1.5201137677734,19.264705882352942,17.41176470588235,25.41176470588235,0.15201137677734,2,2.0
451,0.7,0.02,tournament,twopoint,uniform,19.51705882352941,1.4960784313725493,19.352941176470587,17.647058823529413,26.294117647058822,0.14960784313725492,0,0.0
452,0.7,0.01,tournament,scattered,uniform,19.548823529411766,1.5298471659592652,19.264705882352942,17.41176470588235,25.470588235294116,0.15298471659592652,1,1.0
453,0.6,0.2,roulette,scattered,scramble,19.553529411764707,1.501134798453779,19.352941176470587,17.647058823529413,23.0,0.1501134798453779,0,0.0
454,0.9,0.2,stochunif,twopoint,uniform,19.56529411764706,1.5423579085068622,19.264705882352942,17.41176470588235,25.529411764705884,0.15423579085068623,2,2.0
455,0.8,0.02,tournament,twopoint,frequency,19.56529411764706,1.3129642352364472,19.61764705882353,17.41176470588235,22.764705882352942,0.13129642352364473,1,1.0
456,0.9,0.1,tournament,singlepoint,frequency,19.566470588235294,1.4856779005654095,19.61764705882353,17.41176470588235,25.11764705882353,0.14856779005654094,1,1.0
457,0.9,0.05,roulette,scattered,uniform,19.572352941176472,1.5868560944564722,19.352941176470587,17.41176470588235,24.470588235294116,0.15868560944564722,1,1.0
458,0.9,0.05,tournament,singlepoint,frequency,19.57470588235294,1.5763591760987976,19.470588235294116,17.41176470588235,24.470588235294116,0.15763591760987977,2,2.0
459,0.6,0.02,stochunif,singlepoint,frequency,19.591764705882355,1.4481791140933162,19.61764705882353,17.41176470588235,24.823529411764707,0.14481791140933162,2,2.0
460,0.9,0.2,roulette,twopoint,frequency,19.59764705882353,1.502266529433191,19.58823529411765,17.647058823529413,23.705882352941178,0.1502266529433191,0,0.0
461,0.5,0.01,tournament,twopoint,frequency,19.601764705882353,1.6138718980244435,19.529411764705884,17.41176470588235,24.823529411764707,0.16138718980244435,2,2.0
462,0.6,0.02,stochunif,singlepoint,uniform,19.608235294117648,1.4341954436372293,19.58823529411765,17.647058823529413,24.705882352941178,0.14341954436372292,0,0.0
463,0.9,0.1,roulette,twopoint,frequency,19.61764705882353,1.6728207656232181,19.58823529411765,17.470588235294116,25.88235294117647,0.1672820765623218,0,0.0
464,0.8,0.01,stochunif,scattered,frequency,19.619411764705884,1.6287595409284945,19.41176470588235,17.41176470588235,25.88235294117647,0.16287595409284944,3,3.0
465,0.8,0.02,roulette,scattered,uniform,19.624117647058824,1.5906848256875645,19.470588235294116,17.41176470588235,24.470588235294116,0.15906848256875644,1,1.0
466,0.6,0.01,roulette,scattered,frequency,19.63235294117647,1.4017363918000931,19.5,17.41176470588235,23.058823529411764,0.1401736391800093,2,2.0
467,0.4,0.01,stochunif,scattered,frequency,19.640588235294118,1.4737789509323467,19.470588235294116,17.41176470588235,23.647058823529413,0.14737789509323468,1,1.0
468,0.9,0.02,stochunif,scattered,frequency,19.65705882352941,1.4482571882426938,19.529411764705884,17.41176470588235,24.235294117647058,0.14482571882426937,1,1.0
469,0.9,0.01,tournament,scattered,frequency,19.657647058823528,1.6393457461900338,19.41176470588235,17.41176470588235,24.41176470588235,0.16393457461900338,2,2.0
470,0.8,0.01,tournament,scattered,uniform,19.663529411764706,1.4351665100146458,19.58823529411765,17.41176470588235,23.529411764705884,0.14351665100146457,1,1.0
471,0.3,0.01,roulette,scattered,frequency,19.665882352941175,1.50782053672253,19.823529411764707,17.41176470588235,23.529411764705884,0.150782053672253,1,1.0
472,0.3,0.01,tournament,twopoint,uniform,19.666470588235295,1.5275608114849608,19.470588235294116,17.647058823529413,25.0,0.1527560811484961,0,0.0
473,0.3,0.01,tournament,singlepoint,uniform,19.678823529411765,1.5258979700518034,19.558823529411768,17.41176470588235,24.647058823529413,0.15258979700518033,1,1.0
474,0.5,0.2,stochunif,scattered,block,19.688823529411767,1.4934361764119588,19.470588235294116,17.41176470588235,24.11764705882353,0.14934361764119589,1,1.0
475,0.6,0.2,stochunif,scattered,scramble,19.704117647058823,1.6038918231794987,19.264705882352942,17.764705882352942,24.88235294117647,0.16038918231794988,0,0.0
476,0.6,0.2,stochunif,scattered,block,19.708823529411767,1.450218400871688,19.529411764705884,17.41176470588235,23.294117647058822,0.1450218400871688,2,2.0
477,0.3,0.01,stochunif,scattered,uniform,19.717058823529413,1.6167246330230303,19.61764705882353,17.41176470588235,24.235294117647058,0.16167246330230303,1,1.0
478,0.7,0.2,stochunif,scattered,scramble,19.721176470588237,1.4189168210121552,19.58823529411765,17.41176470588235,22.58823529411765,0.14189168210121553,1,1.0
479,0.7,0.01,stochunif,scattered,frequency,19.733529411764707,1.6341154910801463,19.558823529411768,17.647058823529413,24.0,0.16341154910801464,0,0.0
480,0.7,0.2,stochunif,scattered,swap,19.736470588235296,1.4322020403149374,19.58823529411765,17.41176470588235,24.11764705882353,0.14322020403149374,1,1.0
481,0.3,0.01,roulette,scattered,uniform,19.73941176470588,1.5090109499419948,19.735294117647058,17.41176470588235,23.41176470588235,0.1509010949941995,2,2.0
482,0.8,0.2,stochunif,scattered,swap,19.741764705882353,1.7021368720362533,19.294117647058822,17.41176470588235,24.88235294117647,0.17021368720362534,2,2.0
483,0.6,0.2,stochunif,scattered,swap,19.744117647058825,1.491775478817207,19.61764705882353,17.470588235294116,24.58823529411765,0.14917754788172072,0,0.0
484,0.6,0.01,stochunif,scattered,frequency,19.74529411764706,1.473901318488165,19.676470588235297,17.41176470588235,26.11764705882353,0.1473901318488165,1,1.0
485,0.5,0.01,tournament,singlepoint,frequency,19.745882352941177,1.7061564719213904,19.323529411764703,17.41176470588235,24.764705882352942,0.17061564719213904,1,1.0
486,0.4,0.2,stochunif,scattered,swap,19.75,1.7018181553057568,19.58823529411765,17.41176470588235,27.58823529411765,0.17018181553057568,1,1.0
487,0.8,0.05,roulette,singlepoint,uniform,19.751176470588238,1.5089553603082588,19.61764705882353,17.647058823529413,24.11764705882353,0.1508955360308259,0,0.0
488,0.6,0.01,tournament,twopoint,frequency,19.75764705882353,1.7995428527952644,19.5,17.41176470588235,26.470588235294116,0.17995428527952645,1,1.0
489,0.9,0.1,tournament,twopoint,uniform,19.759411764705884,1.4352642867262237,19.794117647058826,17.41176470588235,24.41176470588235,0.14352642867262239,1,1.0
490,0.6,0.2,tournament,scattered,block,19.761176470588236,1.6379687194774228,19.852941176470587,17.647058823529413,26.823529411764707,0.16379687194774228,0,0.0
491,0.7,0.2,tournament,scattered,swap,19.778823529411767,1.6797144711599332,19.352941176470587,17.41176470588235,24.705882352941178,0.16797144711599332,1,1.0
492,0.9,0.1,stochunif,twopoint,uniform,19.78235294117647,1.8392742162182387,19.470588235294116,17.41176470588235,24.823529411764707,0.18392742162182388,1,1.0
493,0.7,0.02,tournament,singlepoint,uniform,19.78764705882353,1.459719670895109,19.705882352941178,17.647058823529413,25.176470588235293,0.1459719670895109,0,0.0
494,0.9,0.1,tournament,singlepoint,uniform,19.791764705882354,1.4920342354881073,19.647058823529413,17.647058823529413,23.58823529411765,0.14920342354881072,0,0.0
495,0.5,0.01,stochunif,scattered,uniform,19.804117647058824,1.5492803092967604,19.647058823529413,17.41176470588235,24.058823529411764,0.15492803092967605,1,1.0
496,0.4,0.01,stochunif,twopoint,frequency,19.80764705882353,1.6882808401772176,19.794117647058826,17.470588235294116,25.352941176470587,0.16882808401772176,0,0.0
497,0.7,0.02,stochunif,singlepoint,uniform,19.811764705882354,1.7529814524398,19.823529411764707,17.647058823529413,27.58823529411765,0.17529814524398,0,0.0
498,0.6,0.02,roulette,singlepoint,uniform,19.813529411764705,1.718204009525524,19.647058823529413,17.41176470588235,26.11764705882353,0.1718204009525524,1,1.0
499,0.7,0.02,roulette,twopoint,uniform,19.818235294117645,1.656624775915559,19.58823529411765,17.41176470588235,27.11764705882353,0.1656624775915559,1,1.0
500,0.9,0.2,stochunif,scattered,scramble,19.818235294117645,1.5785358852037177,19.558823529411768,17.647058823529413,24.0,0.15785358852037176,0,0.0
501,0.8,0.2,roulette,scattered,swap,19.827058823529413,1.5129564050689503,19.823529411764707,17.647058823529413,24.823529411764707,0.15129564050689503,0,0.0
502,0.7,0.02,stochunif,singlepoint,frequency,19.82764705882353,1.4649387621590286,19.88235294117647,17.41176470588235,24.823529411764707,0.14649387621590287,1,1.0
503,0.6,0.1,stochunif,scattered,scramble,19.831764705882353,1.8949559524128003,19.5,17.41176470588235,25.529411764705884,0.18949559524128004,2,2.0
504,0.7,0.2,stochunif,scattered,block,19.83705882352941,1.5678218742511238,19.852941176470587,17.647058823529413,23.352941176470587,0.15678218742511238,0,0.0
505,0.9,0.1,stochunif,singlepoint,uniform,19.851176470588236,1.5287592876679155,19.764705882352942,17.647058823529413,25.705882352941178,0.15287592876679154,0,0.0
506,0.4,0.01,tournament,twopoint,uniform,19.854117647058825,1.5811991764773239,19.794117647058826,17.41176470588235,23.823529411764707,0.1581199176477324,2,2.0
507,0.7,0.02,roulette,singlepoint,frequency,19.857058823529414,1.5018135902890648,19.676470588235297,17.41176470588235,24.529411764705884,0.15018135902890647,1,1.0
508,0.9,0.01,tournament,scattered,uniform,19.868235294117646,1.5913488110442031,19.705882352941178,17.647058823529413,26.58823529411765,0.1591348811044203,0,0.0
509,0.4,0.01,roulette,singlepoint,frequency,19.869411764705884,1.6476439839914732,19.647058823529413,17.41176470588235,26.235294117647058,0.1647643983991473,3,3.0
510,0.3,0.01,roulette,singlepoint,frequency,19.87,1.4864220669019452,19.88235294117647,17.41176470588235,23.294117647058822,0.1486422066901945,1,1.0
511,0.4,0.2,stochunif,scattered,block,19.885882352941177,1.718667031258642,19.764705882352942,17.41176470588235,25.58823529411765,0.17186670312586422,1,1.0
512,0.9,0.02,stochunif,scattered,uniform,19.888235294117646,1.6553458444498355,19.61764705882353,17.647058823529413,25.176470588235293,0.16553458444498353,0,0.0
513,0.5,0.2,stochunif,scattered,swap,19.891764705882352,1.5985934539688211,19.852941176470587,17.41176470588235,23.58823529411765,0.15985934539688212,2,2.0
514,0.8,0.02,tournament,singlepoint,frequency,19.892941176470586,1.5116057493807495,19.764705882352942,17.647058823529413,23.823529411764707,0.15116057493807494,0,0.0
515,0.4,0.01,tournament,singlepoint,uniform,19.898235294117647,1.6588124675678255,19.705882352941178,17.41176470588235,26.0,0.16588124675678256,1,1.0
516,0.5,0.01,roulette,scattered,frequency,19.89941176470588,1.6758433534911794,19.852941176470587,17.41176470588235,25.823529411764707,0.16758433534911793,2,2.0
517,0.6,0.01,stochunif,scattered,uniform,19.90705882352941,1.5280898350282537,19.941176470588236,17.470588235294116,23.941176470588236,0.15280898350282537,0,0.0
518,0.8,0.02,stochunif,twopoint,frequency,19.910588235294117,1.6183621819079048,19.647058823529413,17.647058823529413,25.941176470588236,0.16183621819079047,0,0.0
519,0.8,0.2,roulette,scattered,scramble,19.913529411764706,1.6623190647489592,19.676470588235297,17.647058823529413,26.11764705882353,0.1662319064748959,0,0.0
520,0.3,0.01,stochunif,singlepoint,frequency,19.914117647058823,1.596639808075924,19.911764705882355,17.41176470588235,25.235294117647058,0.15966398080759242,2,2.0
521,0.9,0.1,roulette,twopoint,uniform,19.921764705882353,1.7145181661415232,19.735294117647058,17.41176470588235,24.11764705882353,0.17145181661415232,1,1.0
522,0.4,0.01,stochunif,singlepoint,frequency,19.926470588235293,1.4683256510048797,20.0,17.647058823529413,24.176470588235293,0.14683256510048798,0,0.0
523,0.9,0.2,roulette,singlepoint,frequency,19.931176470588237,1.6243028417709944,19.5,17.647058823529413,24.058823529411764,0.16243028417709943,0,0.0
524,0.9,0.1,roulette,singlepoint,frequency,19.93470588235294,1.3934967567248804,19.794117647058826,17.41176470588235,24.941176470588236,0.13934967567248804,2,2.0
525,0.4,0.01,stochunif,scattered,uniform,19.935882352941174,1.5109978611391652,19.88235294117647,17.41176470588235,24.529411764705884,0.15109978611391653,1,1.0
526,0.9,0.2,roulette,twopoint,uniform,19.93764705882353,1.63360989114052,19.705882352941178,17.41176470588235,24.647058823529413,0.163360989114052,1,1.0
527,0.7,0.2,roulette,scattered,scramble,19.94588235294118,1.734776502153892,19.558823529411768,17.41176470588235,25.705882352941178,0.1734776502153892,1,1.0
528,0.9,0.2,roulette,scattered,scramble,19.947058823529414,1.7465795149654926,19.58823529411765,17.41176470588235,25.941176470588236,0.17465795149654925,2,2.0
529,0.5,0.01,roulette,scattered,uniform,19.953529411764706,1.711462486056871,19.88235294117647,17.41176470588235,25.235294117647058,0.1711462486056871,1,1.0
530,0.9,0.05,roulette,twopoint,frequency,19.955882352941174,1.6658249945646046,20.0,17.41176470588235,23.823529411764707,0.16658249945646048,2,2.0
531,0.6,0.2,roulette,scattered,block,19.955882352941174,1.8128773851772326,19.852941176470587,17.647058823529413,28.176470588235293,0.18128773851772326,0,0.0
532,0.8,0.01,roulette,scattered,frequency,19.958823529411767,1.562722844197725,19.852941176470587,17.41176470588235,24.647058823529413,0.1562722844197725,3,3.0
533,0.8,0.02,tournament,twopoint,uniform,19.962941176470586,1.6813478376548394,19.58823529411765,17.647058823529413,25.823529411764707,0.16813478376548394,0,0.0
534,0.7,0.02,roulette,singlepoint,uniform,19.96529411764706,1.7162508874882794,19.676470588235297,17.41176470588235,25.176470588235293,0.17162508874882793,2,2.0
535,0.9,0.05,tournament,scattered,scramble,19.96764705882353,1.692757405161376,19.794117647058826,17.41176470588235,26.41176470588235,0.1692757405161376,1,1.0
536,0.6,0.2,roulette,scattered,swap,19.974705882352943,1.7540030958634276,19.705882352941178,17.41176470588235,25.764705882352942,0.17540030958634276,1,1.0
537,0.9,0.05,tournament,scattered,swap,19.97764705882353,1.637306242323761,19.61764705882353,17.647058823529413,25.529411764705884,0.1637306242323761,0,0.0
538,0.5,0.01,stochunif,twopoint,frequency,19.98,1.7498527227730667,19.852941176470587,17.41176470588235,25.0,0.17498527227730667,4,4.0
539,0.6,0.01,tournament,singlepoint,frequency,19.982352941176472,1.4784578502288648,20.0,17.41176470588235,25.41176470588235,0.14784578502288648,1,1.0
540,0.8,0.2,stochunif,scattered,block,19.987058823529413,1.7972164777541249,19.58823529411765,17.41176470588235,27.352941176470587,0.1797216477754125,1,1.0
541,0.4,0.01,roulette,scattered,uniform,19.992941176470588,1.7640180873957807,19.852941176470587,17.647058823529413,24.529411764705884,0.17640180873957806,0,0.0
542,0.5,0.1,stochunif,scattered,scramble,19.998235294117645,1.7309800650498386,19.852941176470587,17.41176470588235,25.705882352941178,0.17309800650498386,1,1.0
543,0.9,0.05,tournament,twopoint,uniform,20.00470588235294,1.776346633066104,19.705882352941178,17.647058823529413,24.705882352941178,0.1776346633066104,0,0.0
544,0.7,0.2,tournament,scattered,block,20.005294117647058,1.7078603280547566,19.88235294117647,17.647058823529413,25.823529411764707,0.17078603280547566,0,0.0
545,0.9,0.2,tournament,scattered,block,20.013529411764708,1.7428204207888205,19.647058823529413,17.647058823529413,25.58823529411765,0.17428204207888204,0,0.0
546,0.9,0.2,tournament,scattered,scramble,20.013529411764708,1.7724893708513043,19.676470588235297,17.647058823529413,25.764705882352942,0.17724893708513043,0,0.0
547,0.7,0.2,roulette,scattered,block,20.015882352941176,1.858487582178325,19.705882352941178,17.41176470588235,27.41176470588235,0.1858487582178325,1,1.0
548,0.9,0.2,stochunif,singlepoint,uniform,20.023529411764706,1.4342875599354716,20.11764705882353,17.647058823529413,23.941176470588236,0.14342875599354715,0,0.0
549,0.7,0.2,roulette,scattered,swap,20.034117647058824,1.6328043730291124,19.970588235294116,17.647058823529413,25.529411764705884,0.16328043730291125,0,0.0
550,0.5,0.01,tournament,singlepoint,uniform,20.037058823529414,1.7688731742144645,19.941176470588236,17.647058823529413,26.470588235294116,0.17688731742144645,0,0.0
551,0.7,0.1,stochunif,scattered,scramble,20.041176470588237,1.9160585264590975,19.735294117647058,17.647058823529413,26.058823529411764,0.19160585264590974,0,0.0
552,0.9,0.05,stochunif,singlepoint,frequency,20.044705882352943,1.7799523591643571,20.0,17.647058823529413,25.58823529411765,0.1779952359164357,0,0.0
553,0.7,0.01,roulette,scattered,frequency,20.04529411764706,1.7149625160458906,19.911764705882355,17.647058823529413,24.705882352941178,0.17149625160458906,0,0.0
554,0.9,0.1,tournament,scattered,swap,20.04705882352941,1.7183859584887415,19.705882352941178,17.647058823529413,24.058823529411764,0.17183859584887415,0,0.0
555,0.9,0.1,tournament,scattered,scramble,20.053529411764703,1.6588175244199213,19.88235294117647,17.470588235294116,23.941176470588236,0.16588175244199213,0,0.0
556,0.9,0.2,tournament,scattered,swap,20.054117647058824,1.6661041307134687,20.058823529411764,17.41176470588235,25.41176470588235,0.16661041307134689,2,2.0
557,0.7,0.02,stochunif,twopoint,uniform,20.056470588235296,1.691136711925114,19.794117647058826,17.470588235294116,24.941176470588236,0.1691136711925114,0,0.0
558,0.9,0.05,stochunif,twopoint,uniform,20.057058823529413,1.615248694703434,20.058823529411764,17.647058823529413,23.41176470588235,0.1615248694703434,0,0.0
559,0.8,0.01,stochunif,scattered,uniform,20.05764705882353,1.7918096840924684,19.852941176470587,17.41176470588235,26.0,0.17918096840924685,2,2.0
560,0.3,0.2,stochunif,scattered,swap,20.063529411764705,1.6599672420340685,19.852941176470587,17.470588235294116,24.294117647058822,0.16599672420340686,0,0.0
561,0.5,0.2,tournament,scattered,swap,20.071176470588235,1.6279619282541018,19.647058823529413,17.470588235294116,24.764705882352942,0.1627961928254102,0,0.0
562,0.3,0.01,roulette,twopoint,frequency,20.076470588235296,1.5406937962286242,20.0,17.470588235294116,24.235294117647058,0.15406937962286243,0,0.0
563,0.5,0.01,tournament,twopoint,uniform,20.077058823529413,1.6372190374672977,19.970588235294116,17.647058823529413,25.11764705882353,0.16372190374672976,0,0.0
564,0.9,0.05,stochunif,twopoint,frequency,20.081764705882353,1.5377735446896832,20.058823529411764,17.41176470588235,24.705882352941178,0.1537773544689683,2,2.0
565,0.9,0.02,roulette,scattered,frequency,20.094117647058823,1.6439576951031751,19.970588235294116,17.41176470588235,24.823529411764707,0.1643957695103175,1,1.0
566,0.9,0.2,tournament,singlepoint,frequency,20.095294117647057,1.6908857896871794,19.852941176470587,17.41176470588235,26.529411764705884,0.16908857896871793,2,2.0
567,0.3,0.2,tournament,scattered,block,20.098235294117647,1.5278124779597728,20.11764705882353,17.41176470588235,24.58823529411765,0.1527812477959773,2,2.0
568,0.9,0.2,stochunif,scattered,swap,20.1,1.6716084856278473,20.029411764705884,17.41176470588235,24.58823529411765,0.16716084856278474,4,4.0
569,0.8,0.1,stochunif,scattered,scramble,20.1,1.760631064953862,19.823529411764707,17.41176470588235,25.823529411764707,0.1760631064953862,1,1.0
570,0.9,0.2,tournament,twopoint,frequency,20.118823529411767,1.8216592867653567,20.0,17.647058823529413,26.41176470588235,0.18216592867653567,0,0.0
571,0.6,0.01,roulette,scattered,uniform,20.121764705882352,1.89529225876818,19.941176470588236,17.41176470588235,26.235294117647058,0.189529225876818,2,2.0
572,0.4,0.01,roulette,twopoint,frequency,20.13,1.6183365893894153,20.0,17.647058823529413,24.470588235294116,0.16183365893894153,0,0.0
573,0.9,0.2,stochunif,scattered,block,20.133529411764705,1.7082851314242042,19.911764705882355,17.41176470588235,24.823529411764707,0.17082851314242042,1,1.0
574,0.3,0.2,roulette,scattered,block,20.134705882352943,1.6129065742782416,19.88235294117647,17.647058823529413,26.529411764705884,0.16129065742782417,0,0.0
575,0.4,0.01,roulette,singlepoint,uniform,20.145294117647058,1.8897924695385397,19.735294117647058,17.470588235294116,25.647058823529413,0.18897924695385399,0,0.0
576,0.4,0.2,tournament,scattered,swap,20.148235294117647,1.730394908927131,19.794117647058826,17.647058823529413,26.0,0.17303949089271312,0,0.0
577,0.5,0.2,stochunif,scattered,scramble,20.154705882352943,2.1786078536374545,19.58823529411765,17.41176470588235,27.764705882352942,0.21786078536374545,1,1.0
578,0.9,0.2,roulette,singlepoint,uniform,20.162352941176472,1.618613550200456,20.058823529411764,17.647058823529413,25.11764705882353,0.1618613550200456,0,0.0
579,0.9,0.1,roulette,singlepoint,uniform,20.167058823529413,1.670609156890744,20.0,17.41176470588235,25.352941176470587,0.16706091568907439,1,1.0
580,0.9,0.05,tournament,scattered,block,20.17529411764706,1.7015224880657056,19.823529411764707,17.647058823529413,24.764705882352942,0.17015224880657057,0,0.0
581,0.4,0.01,stochunif,singlepoint,uniform,20.18470588235294,1.6475048203558194,20.088235294117645,17.647058823529413,24.705882352941178,0.16475048203558193,0,0.0
582,0.3,0.01,stochunif,twopoint,frequency,20.185294117647057,1.729948360777462,19.941176470588236,17.41176470588235,26.294117647058822,0.17299483607774618,1,1.0
583,0.8,0.2,tournament,scattered,swap,20.187058823529412,1.5927815042263376,19.852941176470587,17.647058823529413,23.88235294117647,0.15927815042263377,0,0.0
584,0.4,0.01,roulette,twopoint,uniform,20.195882352941176,1.8096679574190369,20.0,17.647058823529413,26.941176470588236,0.1809667957419037,0,0.0
585,0.7,0.01,tournament,twopoint,frequency,20.200588235294116,1.7990147750885848,19.764705882352942,17.647058823529413,25.58823529411765,0.1799014775088585,0,0.0
586,0.7,0.2,tournament,scattered,scramble,20.203529411764706,1.8603215306142071,19.705882352941178,17.41176470588235,26.352941176470587,0.1860321530614207,1,1.0
587,0.5,0.2,tournament,scattered,block,20.211176470588235,1.6968143643613058,20.0,17.470588235294116,27.470588235294116,0.1696814364361306,0,0.0
588,0.4,0.2,roulette,scattered,swap,20.213529411764707,1.6348040618728008,20.176470588235293,17.41176470588235,25.529411764705884,0.16348040618728008,1,1.0
589,0.5,0.01,stochunif,singlepoint,frequency,20.21470588235294,1.6878153843744736,20.147058823529413,17.41176470588235,24.352941176470587,0.16878153843744736,1,1.0
590,0.3,0.2,stochunif,scattered,block,20.215882352941176,1.7588942728168218,19.970588235294116,17.41176470588235,26.0,0.17588942728168216,1,1.0
591,0.9,0.01,tournament,scattered,scramble,20.221764705882354,1.7359683272870559,19.911764705882355,17.647058823529413,25.41176470588235,0.17359683272870557,0,0.0
592,0.5,0.2,roulette,scattered,swap,20.22705882352941,1.6703434331445912,20.029411764705884,17.41176470588235,24.41176470588235,0.16703434331445913,1,1.0
593,0.5,0.2,roulette,scattered,block,20.22764705882353,1.9926230558988274,20.0,17.647058823529413,27.176470588235293,0.19926230558988273,0,0.0
594,0.4,0.2,roulette,scattered,scramble,20.238235294117647,2.018809440164018,20.058823529411764,17.647058823529413,27.705882352941178,0.20188094401640183,0,0.0
595,0.5,0.2,roulette,scattered,scramble,20.238823529411764,2.021550732902468,19.764705882352942,17.647058823529413,27.176470588235293,0.2021550732902468,0,0.0
596,0.4,0.2,roulette,scattered,block,20.245882352941177,1.9463888678702974,20.0,17.41176470588235,26.0,0.19463888678702973,1,1.0
597,0.5,0.01,roulette,singlepoint,frequency,20.247647058823528,1.7006249018511803,20.029411764705884,17.41176470588235,25.823529411764707,0.17006249018511804,2,2.0
598,0.3,0.01,stochunif,singlepoint,uniform,20.249411764705883,1.6286450530052523,20.088235294117645,17.647058823529413,25.823529411764707,0.16286450530052524,0,0.0
599,0.3,0.01,roulette,twopoint,uniform,20.266470588235293,1.8501677836492825,20.088235294117645,17.41176470588235,26.0,0.18501677836492825,3,3.0
600,0.6,0.01,stochunif,twopoint,frequency,20.266470588235293,1.566452480567853,20.058823529411764,17.647058823529413,24.058823529411764,0.1566452480567853,0,0.0
601,0.9,0.02,tournament,scattered,scramble,20.271764705882354,1.762283542467439,19.970588235294116,17.647058823529413,25.294117647058822,0.1762283542467439,0,0.0
602,0.5,0.01,roulette,twopoint,frequency,20.27235294117647,1.886834663956274,20.176470588235293,17.647058823529413,27.11764705882353,0.1886834663956274,0,0.0
603,0.9,0.02,roulette,scattered,uniform,20.27470588235294,1.7280214580407158,20.0,17.41176470588235,23.88235294117647,0.17280214580407158,1,1.0
604,0.8,0.2,tournament,scattered,scramble,20.28529411764706,1.874731581686517,19.735294117647058,17.647058823529413,25.058823529411764,0.1874731581686517,0,0.0
605,0.8,0.2,roulette,scattered,block,20.287058823529414,1.8252302649952004,20.147058823529413,17.647058823529413,26.11764705882353,0.18252302649952004,0,0.0
606,0.8,0.02,tournament,singlepoint,uniform,20.301176470588235,1.6555101061333204,20.058823529411764,17.647058823529413,25.529411764705884,0.16555101061333205,0,0.0
607,0.6,0.01,tournament,singlepoint,uniform,20.301764705882352,1.7102032069063187,20.058823529411764,17.470588235294116,25.529411764705884,0.17102032069063186,0,0.0
608,0.9,0.1,stochunif,scattered,scramble,20.31,1.6169658804557068,20.11764705882353,17.647058823529413,24.764705882352942,0.1616965880455707,0,0.0
609,0.6,0.01,stochunif,singlepoint,frequency,20.314117647058826,1.7268917496952427,20.176470588235293,17.647058823529413,24.764705882352942,0.17268917496952427,0,0.0
610,0.7,0.1,roulette,scattered,scramble,20.31705882352941,1.6376075276438444,19.941176470588236,17.647058823529413,23.823529411764707,0.16376075276438445,0,0.0
611,0.9,0.02,tournament,scattered,swap,20.322352941176472,1.814267009779943,19.852941176470587,17.470588235294116,25.647058823529413,0.1814267009779943,0,0.0
612,0.3,0.2,roulette,scattered,swap,20.327058823529413,1.606284188362107,20.264705882352942,17.647058823529413,24.764705882352942,0.1606284188362107,0,0.0
613,0.7,0.01,stochunif,scattered,uniform,20.330588235294115,1.8389564598454273,20.029411764705884,17.647058823529413,26.058823529411764,0.18389564598454272,0,0.0
614,0.6,0.1,stochunif,scattered,block,20.334117647058825,1.7549120186130691,20.029411764705884,17.647058823529413,24.647058823529413,0.1754912018613069,0,0.0
615,0.9,0.01,tournament,scattered,swap,20.34,1.7911970812914813,20.0,17.647058823529413,25.647058823529413,0.17911970812914813,0,0.0
616,0.8,0.1,tournament,scattered,swap,20.346470588235295,1.8156807883093935,20.147058823529413,17.705882352941178,25.352941176470587,0.18156807883093934,0,0.0
617,0.4,0.2,stochunif,scattered,scramble,20.34764705882353,2.004836607505815,20.058823529411764,17.647058823529413,27.352941176470587,0.2004836607505815,0,0.0
618,0.6,0.2,tournament,scattered,swap,20.35,1.8791635003868752,20.029411764705884,17.647058823529413,25.88235294117647,0.1879163500386875,0,0.0
619,0.6,0.01,stochunif,twopoint,uniform,20.361764705882354,1.6920758929946669,20.235294117647058,17.647058823529413,25.88235294117647,0.1692075892994667,0,0.0
620,0.8,0.1,tournament,scattered,scramble,20.361764705882354,1.983722777723359,20.058823529411764,17.647058823529413,28.705882352941178,0.1983722777723359,0,0.0
621,0.9,0.05,roulette,twopoint,uniform,20.361764705882354,1.9853958953687374,20.11764705882353,17.647058823529413,25.529411764705884,0.19853958953687373,0,0.0
622,0.3,0.01,stochunif,twopoint,uniform,20.36294117647059,1.8429296921091887,20.41176470588235,17.470588235294116,26.647058823529413,0.18429296921091887,0,0.0
623,0.6,0.01,roulette,twopoint,frequency,20.365294117647057,1.8715580060000265,20.0,17.41176470588235,27.11764705882353,0.18715580060000264,1,1.0
624,0.7,0.01,tournament,singlepoint,frequency,20.36764705882353,1.6382579356276135,20.205882352941174,17.41176470588235,24.764705882352942,0.16382579356276133,1,1.0
625,0.9,0.01,tournament,scattered,block,20.37529411764706,1.7675710549235712,20.205882352941174,17.647058823529413,24.764705882352942,0.17675710549235712,0,0.0
626,0.6,0.2,stochunif,twopoint,swap,20.376470588235296,1.9054216266402169,20.176470588235293,17.41176470588235,25.58823529411765,0.19054216266402169,1,1.0
627,0.8,0.02,roulette,twopoint,uniform,20.37764705882353,1.9105358269874202,20.147058823529413,17.41176470588235,26.41176470588235,0.191053582698742,1,1.0
628,0.5,0.01,stochunif,twopoint,uniform,20.379411764705882,1.8708683930908105,20.294117647058822,17.470588235294116,28.823529411764707,0.18708683930908104,0,0.0
629,0.8,0.1,roulette,scattered,scramble,20.386470588235294,1.9245357971008135,20.0,17.647058823529413,25.941176470588236,0.19245357971008134,0,0.0
630,0.8,0.02,stochunif,singlepoint,frequency,20.391176470588235,1.7489767426383607,20.352941176470587,17.41176470588235,28.0,0.17489767426383607,2,2.0
631,0.9,0.01,stochunif,scattered,frequency,20.397058823529413,1.7001126637516746,20.470588235294116,17.41176470588235,26.11764705882353,0.17001126637516745,1,1.0
632,0.8,0.2,tournament,scattered,block,20.403529411764705,1.5592415273828197,20.11764705882353,17.41176470588235,25.176470588235293,0.15592415273828197,1,1.0
633,0.7,0.01,roulette,scattered,uniform,20.403529411764705,1.8289746771096185,20.11764705882353,17.647058823529413,25.176470588235293,0.18289746771096185,0,0.0
634,0.9,0.02,tournament,scattered,block,20.405882352941177,1.9427962776713104,20.0,17.41176470588235,25.941176470588236,0.19427962776713104,1,1.0
635,0.5,0.01,stochunif,singlepoint,uniform,20.411764705882355,1.8456197488982748,20.176470588235293,17.647058823529413,28.0,0.18456197488982748,0,0.0
636,0.9,0.1,tournament,scattered,block,20.41294117647059,1.8175294694939923,20.147058823529413,17.41176470588235,26.470588235294116,0.18175294694939922,1,1.0
637,0.9,0.05,tournament,singlepoint,uniform,20.41470588235294,1.6719612870681384,20.352941176470587,17.41176470588235,24.764705882352942,0.16719612870681383,1,1.0
638,0.6,0.01,tournament,twopoint,uniform,20.422941176470587,1.8576192726534264,20.294117647058822,17.41176470588235,26.352941176470587,0.18576192726534263,1,1.0
639,0.4,0.2,tournament,scattered,block,20.422941176470587,1.674161506188369,20.441176470588232,17.647058823529413,24.529411764705884,0.1674161506188369,0,0.0
640,0.8,0.1,tournament,scattered,block,20.434117647058823,1.9151695991968292,20.0,17.705882352941178,26.470588235294116,0.19151695991968293,0,0.0
641,0.8,0.02,roulette,twopoint,frequency,20.438823529411767,2.101766226662451,20.0,17.41176470588235,27.0,0.2101766226662451,2,2.0
642,0.8,0.01,roulette,scattered,uniform,20.444117647058825,1.8488056161058382,20.235294117647058,17.41176470588235,26.294117647058822,0.1848805616105838,1,1.0
643,0.9,0.2,tournament,twopoint,uniform,20.444117647058825,1.773977919322372,20.264705882352942,17.647058823529413,24.705882352941178,0.1773977919322372,0,0.0
644,0.7,0.01,roulette,twopoint,frequency,20.446470588235297,1.8627750255593807,20.147058823529413,17.647058823529413,26.11764705882353,0.18627750255593806,0,0.0
645,0.4,0.01,stochunif,twopoint,uniform,20.448823529411765,1.9980707027409177,20.352941176470587,17.41176470588235,26.41176470588235,0.19980707027409178,4,4.0
646,0.4,0.1,stochunif,scattered,scramble,20.451176470588237,1.8290708931148956,20.41176470588235,17.647058823529413,26.235294117647058,0.18290708931148955,0,0.0
647,0.6,0.1,roulette,scattered,block,20.45235294117647,1.9833583793685639,20.147058823529413,17.647058823529413,27.058823529411764,0.19833583793685639,0,0.0
648,0.6,0.2,tournament,scattered,scramble,20.45294117647059,1.9806745179127532,20.147058823529413,17.41176470588235,28.235294117647058,0.19806745179127533,1,1.0
649,0.3,0.01,roulette,singlepoint,uniform,20.47235294117647,1.7831371608162996,20.41176470588235,17.647058823529413,26.705882352941178,0.17831371608162996,0,0.0
650,0.9,0.1,roulette,scattered,scramble,20.472941176470588,1.8942715363577012,20.294117647058822,17.41176470588235,24.352941176470587,0.18942715363577012,2,2.0
651,0.9,0.05,roulette,singlepoint,frequency,20.474117647058826,2.025713215898096,20.176470588235293,17.41176470588235,26.647058823529413,0.2025713215898096,3,3.0
652,0.8,0.02,stochunif,twopoint,uniform,20.488235294117647,1.850225305969317,20.264705882352942,17.41176470588235,24.823529411764707,0.1850225305969317,1,1.0
653,0.6,0.1,roulette,scattered,swap,20.493529411764708,1.839072679145101,20.205882352941174,17.470588235294116,25.41176470588235,0.18390726791451012,0,0.0
654,0.8,0.02,roulette,singlepoint,uniform,20.494117647058825,1.851367825551342,20.235294117647058,17.41176470588235,26.176470588235293,0.1851367825551342,1,1.0
655,0.9,0.2,tournament,singlepoint,uniform,20.495882352941177,1.6411756187212547,20.323529411764703,17.647058823529413,24.764705882352942,0.16411756187212548,0,0.0
656,0.8,0.1,stochunif,scattered,block,20.500588235294117,2.010066849459508,20.088235294117645,17.41176470588235,27.941176470588236,0.2010066849459508,1,1.0
657,0.9,0.1,stochunif,scattered,block,20.501176470588234,1.778230605360596,20.205882352941174,17.647058823529413,25.764705882352942,0.17782306053605962,0,0.0
658,0.9,0.05,stochunif,scattered,scramble,20.506470588235292,1.9791633292467015,20.264705882352942,17.647058823529413,26.647058823529413,0.19791633292467015,0,0.0
659,0.4,0.2,stochunif,twopoint,swap,20.514117647058825,1.7822777359910624,20.470588235294116,17.647058823529413,27.058823529411764,0.17822777359910624,0,0.0
660,0.3,0.2,tournament,singlepoint,block,20.525882352941174,1.7457252172664897,20.235294117647058,17.647058823529413,25.176470588235293,0.17457252172664897,0,0.0
661,0.9,0.2,roulette,scattered,swap,20.531176470588235,1.8969917816689899,20.441176470588236,17.647058823529413,25.352941176470587,0.189699178166899,0,0.0
662,0.7,0.01,tournament,singlepoint,uniform,20.53470588235294,1.8884722096731834,20.61764705882353,17.647058823529413,25.705882352941178,0.18884722096731835,0,0.0
663,0.6,0.01,roulette,twopoint,uniform,20.53470588235294,1.9012365160858378,20.029411764705884,17.647058823529413,26.0,0.19012365160858377,0,0.0
664,0.7,0.1,tournament,scattered,swap,20.539411764705882,1.8011304261284031,20.38235294117647,17.41176470588235,27.352941176470587,0.1801130426128403,1,1.0
665,0.8,0.02,roulette,singlepoint,frequency,20.540588235294116,1.645120134805586,20.41176470588235,17.41176470588235,24.11764705882353,0.1645120134805586,1,1.0
666,0.9,0.2,roulette,scattered,block,20.55941176470588,1.8748083914073144,20.147058823529413,17.647058823529413,25.764705882352942,0.18748083914073144,0,0.0
667,0.5,0.1,stochunif,scattered,block,20.565882352941177,1.7879393538151405,20.323529411764703,17.705882352941178,27.0,0.17879393538151406,0,0.0
668,0.3,0.2,stochunif,scattered,scramble,20.58705882352941,2.4789065746290335,20.058823529411764,17.647058823529413,27.647058823529413,0.24789065746290334,0,0.0
669,0.7,0.01,tournament,twopoint,uniform,20.591176470588234,1.9826829728923299,20.294117647058822,17.647058823529413,28.941176470588236,0.19826829728923298,0,0.0
670,0.6,0.1,roulette,scattered,scramble,20.591176470588234,2.0382277704331355,20.352941176470587,17.647058823529413,27.705882352941178,0.20382277704331356,0,0.0
671,0.6,0.1,stochunif,scattered,swap,20.599411764705884,1.99714407605515,20.11764705882353,17.41176470588235,27.11764705882353,0.199714407605515,2,2.0
672,0.6,0.1,tournament,scattered,swap,20.60764705882353,1.7902499635579252,20.441176470588232,17.41176470588235,25.88235294117647,0.17902499635579253,1,1.0
673,0.7,0.1,stochunif,scattered,swap,20.62,2.0487644938370964,20.205882352941174,17.41176470588235,26.941176470588236,0.20487644938370964,1,1.0
674,0.4,0.1,stochunif,scattered,swap,20.638823529411766,1.9094898481531462,20.235294117647058,17.470588235294116,27.235294117647058,0.1909489848153146,0,0.0
675,0.5,0.01,roulette,twopoint,uniform,20.64294117647059,1.8835270959201311,20.294117647058822,17.41176470588235,26.11764705882353,0.1883527095920131,1,1.0
676,0.5,0.1,stochunif,scattered,swap,20.64294117647059,1.6922180006016483,20.294117647058822,17.764705882352942,27.058823529411764,0.16922180006016482,0,0.0
677,0.8,0.02,stochunif,singlepoint,uniform,20.65352941176471,1.855175444220454,20.705882352941178,17.705882352941178,25.470588235294116,0.1855175444220454,0,0.0
678,0.9,0.01,stochunif,scattered,uniform,20.659411764705883,1.7604284662794263,20.58823529411765,17.41176470588235,26.58823529411765,0.17604284662794262,1,1.0
679,0.8,0.05,stochunif,scattered,scramble,20.661176470588234,1.983330623848822,20.529411764705884,17.41176470588235,28.352941176470587,0.19833306238488219,1,1.0
680,0.5,0.2,tournament,scattered,scramble,20.66294117647059,2.2223859556611116,20.147058823529413,17.647058823529413,28.764705882352942,0.22223859556611117,0,0.0
681,0.8,0.05,tournament,scattered,scramble,20.66705882352941,1.8432552015965058,20.5,17.647058823529413,26.88235294117647,0.1843255201596506,0,0.0
682,0.6,0.01,stochunif,singlepoint,uniform,20.671176470588236,1.9083193965258973,20.558823529411768,17.647058823529413,27.41176470588235,0.19083193965258974,0,0.0
683,0.3,0.2,tournament,scattered,swap,20.671176470588236,2.147151936381889,20.323529411764703,17.647058823529413,27.647058823529413,0.2147151936381889,0,0.0
684,0.3,0.2,roulette,scattered,scramble,20.678823529411765,2.2085275484819338,20.11764705882353,17.764705882352942,27.235294117647058,0.2208527548481934,0,0.0
685,0.5,0.2,stochunif,twopoint,swap,20.68470588235294,1.579474970824453,20.38235294117647,17.647058823529413,26.529411764705884,0.15794749708244532,0,0.0
686,0.7,0.1,stochunif,scattered,block,20.698235294117648,1.9844851898328428,20.470588235294116,17.647058823529413,26.470588235294116,0.19844851898328428,0,0.0
687,0.8,0.05,tournament,scattered,swap,20.698823529411765,1.8229884387225028,20.38235294117647,17.41176470588235,25.352941176470587,0.1822988438722503,1,1.0
688,0.7,0.1,tournament,scattered,scramble,20.70294117647059,1.8962716058849403,20.352941176470587,17.41176470588235,26.294117647058822,0.18962716058849402,1,1.0
689,0.6,0.01,roulette,singlepoint,frequency,20.707058823529408,1.9423551041093425,20.558823529411768,17.647058823529413,27.88235294117647,0.19423551041093426,0,0.0
690,0.8,0.1,stochunif,scattered,swap,20.71470588235294,1.8627615160173356,20.823529411764707,17.647058823529413,26.176470588235293,0.18627615160173355,0,0.0
691,0.8,0.01,tournament,twopoint,frequency,20.71764705882353,2.0798434647491058,20.235294117647058,17.41176470588235,27.235294117647058,0.20798434647491057,2,2.0
692,0.6,0.1,tournament,scattered,scramble,20.763529411764708,2.173762668018391,20.352941176470587,17.647058823529413,29.11764705882353,0.21737626680183908,0,0.0
693,0.3,0.2,tournament,twopoint,block,20.775294117647057,1.9399135235100053,20.61764705882353,17.41176470588235,26.647058823529413,0.19399135235100054,1,1.0
694,0.7,0.2,stochunif,twopoint,swap,20.78058823529412,2.0214303079802973,20.705882352941178,17.647058823529413,26.529411764705884,0.20214303079802973,0,0.0
695,0.4,0.2,roulette,twopoint,swap,20.788235294117648,1.6949575392121978,20.735294117647058,17.647058823529413,25.176470588235293,0.1694957539212198,0,0.0
696,0.6,0.05,stochunif,scattered,scramble,20.794705882352943,2.263163892327973,20.176470588235293,17.41176470588235,29.058823529411764,0.2263163892327973,1,1.0
697,0.3,0.2,stochunif,twopoint,swap,20.794705882352943,1.8616188545746422,20.38235294117647,17.705882352941178,28.470588235294116,0.1861618854574642,0,0.0
698,0.7,0.1,roulette,scattered,swap,20.80294117647059,1.719532231257776,20.823529411764707,17.41176470588235,26.176470588235293,0.1719532231257776,1,1.0
699,0.8,0.05,stochunif,scattered,block,20.80941176470588,1.8909695830815645,20.647058823529413,17.647058823529413,26.0,0.18909695830815645,0,0.0
700,0.7,0.01,stochunif,singlepoint,frequency,20.814705882352943,1.9522340314283149,20.5,17.647058823529413,26.294117647058822,0.1952234031428315,0,0.0
701,0.9,0.01,roulette,scattered,frequency,20.81529411764706,2.2221054458849396,20.58823529411765,17.647058823529413,27.764705882352942,0.22221054458849396,0,0.0
702,0.7,0.05,tournament,scattered,scramble,20.832352941176467,1.9347356189793075,20.558823529411768,17.647058823529413,25.352941176470587,0.19347356189793075,0,0.0
703,0.4,0.1,roulette,scattered,scramble,20.834117647058825,2.525455043432902,20.058823529411764,17.41176470588235,29.058823529411764,0.2525455043432902,1,1.0
704,0.9,0.02,tournament,twopoint,frequency,20.834705882352942,2.205015793347354,20.41176470588235,17.647058823529413,28.352941176470587,0.2205015793347354,0,0.0
705,0.7,0.01,stochunif,twopoint,frequency,20.854117647058825,2.0523279247901494,20.529411764705884,17.41176470588235,26.529411764705884,0.20523279247901494,1,1.0
706,0.9,0.1,stochunif,scattered,swap,20.854705882352942,1.9281138302042795,20.794117647058826,17.647058823529413,26.058823529411764,0.19281138302042794,0,0.0
707,0.5,0.01,roulette,singlepoint,uniform,20.85529411764706,1.8586486526190937,20.705882352941178,17.647058823529413,25.58823529411765,0.18586486526190937,0,0.0
708,0.5,0.1,roulette,scattered,scramble,20.86235294117647,2.4879313743560028,20.264705882352942,17.647058823529413,28.529411764705884,0.24879313743560028,0,0.0
709,0.3,0.1,stochunif,scattered,scramble,20.86294117647059,2.071863550834371,20.352941176470587,17.41176470588235,27.235294117647058,0.2071863550834371,1,1.0
710,0.9,0.02,stochunif,twopoint,frequency,20.865294117647057,1.9181696264976982,20.970588235294116,17.705882352941178,27.823529411764707,0.19181696264976983,0,0.0
711,0.8,0.01,tournament,singlepoint,frequency,20.871176470588235,1.884518492141453,20.705882352941178,17.647058823529413,26.41176470588235,0.18845184921414532,0,0.0
712,0.9,0.01,roulette,scattered,uniform,20.88352941176471,2.0719128939435354,20.558823529411768,17.41176470588235,27.529411764705884,0.20719128939435355,2,2.0
713,0.9,0.05,stochunif,singlepoint,uniform,20.884705882352943,2.0145207031143566,20.529411764705884,17.705882352941178,27.823529411764707,0.20145207031143567,0,0.0
714,0.8,0.1,roulette,scattered,swap,20.89,1.7935580592890836,20.58823529411765,17.41176470588235,26.235294117647058,0.17935580592890837,1,1.0
715,0.7,0.1,roulette,scattered,block,20.898235294117647,2.0022156648117964,20.705882352941178,17.41176470588235,25.705882352941178,0.20022156648117964,1,1.0
716,0.5,0.2,stochunif,singlepoint,swap,20.91705882352941,2.1820294029968914,20.676470588235297,17.647058823529413,28.647058823529413,0.21820294029968915,0,0.0
717,0.7,0.05,stochunif,scattered,scramble,20.921176470588236,1.939261916183657,20.88235294117647,17.647058823529413,27.941176470588236,0.19392619161836572,0,0.0
718,0.7,0.2,roulette,twopoint,swap,20.921764705882353,1.972780681902537,20.58823529411765,17.470588235294116,27.529411764705884,0.1972780681902537,0,0.0
719,0.9,0.02,tournament,twopoint,uniform,20.921764705882353,2.068267196245406,20.529411764705884,17.647058823529413,27.647058823529413,0.20682671962454058,0,0.0
720,0.7,0.05,roulette,scattered,scramble,20.937647058823533,2.26213395021999,20.38235294117647,17.647058823529413,29.294117647058822,0.22621339502199903,0,0.0
721,0.4,0.2,tournament,singlepoint,block,20.94294117647059,1.7156879042518358,21.11764705882353,17.647058823529413,26.235294117647058,0.17156879042518358,0,0.0
722,0.7,0.2,stochunif,twopoint,scramble,20.94470588235294,2.303048266239001,20.58823529411765,17.764705882352942,28.529411764705884,0.23030482662390012,0,0.0
723,0.8,0.01,stochunif,twopoint,frequency,20.950588235294116,1.8432267585504614,20.823529411764707,17.647058823529413,25.58823529411765,0.18432267585504614,0,0.0
724,0.9,0.02,tournament,singlepoint,frequency,20.955294117647057,2.0749326486629305,20.705882352941178,17.764705882352942,28.294117647058822,0.20749326486629305,0,0.0
725,0.8,0.02,tournament,scattered,swap,20.955882352941174,2.021370136056404,20.58823529411765,17.41176470588235,27.0,0.2021370136056404,1,1.0
726,0.5,0.2,roulette,twopoint,swap,20.96,1.9690712583235304,20.735294117647058,17.705882352941178,25.88235294117647,0.19690712583235304,0,0.0
727,0.9,0.05,roulette,scattered,scramble,20.983529411764707,1.9177830221294183,20.647058823529413,17.470588235294116,28.88235294117647,0.19177830221294184,0,0.0
728,0.8,0.05,stochunif,scattered,swap,20.98470588235294,2.1536943183944035,20.5,17.647058823529413,28.294117647058822,0.21536943183944035,0,0.0
729,0.6,0.2,stochunif,singlepoint,swap,20.99,1.9661611661362492,20.852941176470587,17.647058823529413,27.176470588235293,0.19661611661362494,0,0.0
730,0.5,0.2,stochunif,twopoint,block,20.99529411764706,1.8847963938942287,20.823529411764707,17.41176470588235,27.11764705882353,0.18847963938942286,1,1.0
731,0.8,0.01,tournament,scattered,scramble,20.999411764705883,1.9541866719724477,20.58823529411765,17.705882352941178,26.941176470588236,0.19541866719724477,0,0.0
732,0.4,0.1,roulette,scattered,swap,21.014705882352942,1.9115635892202094,20.88235294117647,17.41176470588235,27.41176470588235,0.19115635892202093,1,1.0
733,0.6,0.2,tournament,twopoint,swap,21.018823529411765,2.101507786342501,20.764705882352942,17.647058823529413,26.470588235294116,0.2101507786342501,0,0.0
734,0.9,0.1,roulette,scattered,block,21.020588235294117,1.891639580913566,20.794117647058826,17.41176470588235,25.823529411764707,0.1891639580913566,1,1.0
735,0.6,0.2,roulette,twopoint,swap,21.02294117647059,1.8293735535631066,20.823529411764707,17.647058823529413,26.11764705882353,0.18293735535631067,0,0.0
736,0.8,0.02,tournament,scattered,scramble,21.028823529411767,2.0658397551496743,20.529411764705884,17.470588235294116,25.764705882352942,0.20658397551496743,0,0.0
737,0.8,0.02,stochunif,scattered,scramble,21.034117647058824,2.0174551980689532,20.941176470588236,17.764705882352942,30.11764705882353,0.2017455198068953,0,0.0
738,0.9,0.05,roulette,singlepoint,uniform,21.04352941176471,2.006518683600957,20.852941176470587,17.647058823529413,26.470588235294116,0.2006518683600957,0,0.0
739,0.5,0.1,tournament,scattered,swap,21.04705882352941,2.416694236084171,20.764705882352942,17.470588235294116,29.529411764705884,0.2416694236084171,0,0.0
740,0.4,0.2,tournament,scattered,scramble,21.05470588235294,2.290378215964462,20.61764705882353,17.647058823529413,29.647058823529413,0.2290378215964462,0,0.0
741,0.8,0.2,stochunif,twopoint,swap,21.061176470588233,1.963312452168019,20.764705882352942,17.647058823529413,25.764705882352942,0.1963312452168019,0,0.0
742,0.8,0.05,tournament,scattered,block,21.075294117647058,1.7817375773439794,20.911764705882355,17.647058823529413,25.705882352941178,0.17817375773439795,0,0.0
743,0.6,0.2,stochunif,twopoint,scramble,21.075882352941175,2.1097975435430962,21.029411764705884,17.647058823529413,25.823529411764707,0.21097975435430963,0,0.0
744,0.7,0.1,tournament,scattered,block,21.07941176470588,2.178491056844305,20.764705882352942,17.647058823529413,26.352941176470587,0.2178491056844305,0,0.0
745,0.4,0.2,stochunif,twopoint,block,21.084117647058825,2.1333224382389298,20.705882352941178,17.647058823529413,26.647058823529413,0.213332243823893,0,0.0
746,0.4,0.2,tournament,twopoint,block,21.08529411764706,2.0330252776061464,20.61764705882353,17.41176470588235,25.705882352941178,0.20330252776061464,1,1.0
747,0.3,0.2,roulette,twopoint,block,21.086470588235294,1.9498887118514694,20.941176470588236,17.823529411764707,27.58823529411765,0.19498887118514693,0,0.0
748,0.9,0.05,stochunif,scattered,block,21.095882352941175,2.043524431207074,20.823529411764707,17.647058823529413,26.823529411764707,0.2043524431207074,0,0.0
749,0.4,0.2,roulette,singlepoint,swap,21.09823529411765,2.046061028771908,20.970588235294116,17.41176470588235,27.058823529411764,0.20460610287719078,1,1.0
750,0.8,0.05,roulette,scattered,scramble,21.09823529411765,2.099780292785417,20.88235294117647,17.647058823529413,28.41176470588235,0.20997802927854167,0,0.0
751,0.3,0.2,roulette,twopoint,swap,21.10058823529412,1.997154576499434,20.676470588235297,17.764705882352942,25.529411764705884,0.19971545764994342,0,0.0
752,0.5,0.2,tournament,twopoint,swap,21.104705882352942,2.1101832551657735,20.794117647058826,17.764705882352942,28.058823529411764,0.21101832551657734,0,0.0
753,0.4,0.2,stochunif,singlepoint,block,21.106470588235293,1.8975672834423185,20.941176470588236,17.647058823529413,28.58823529411765,0.18975672834423185,0,0.0
754,0.8,0.02,tournament,scattered,block,21.13823529411765,2.266695887037259,20.58823529411765,17.41176470588235,27.88235294117647,0.22666958870372592,1,1.0
755,0.5,0.1,roulette,scattered,swap,21.148235294117647,2.027776774714716,20.823529411764707,17.705882352941178,29.529411764705884,0.20277767747147163,0,0.0
756,0.4,0.2,roulette,singlepoint,block,21.150588235294116,1.94660326440378,20.911764705882355,17.647058823529413,25.529411764705884,0.194660326440378,0,0.0
757,0.8,0.1,roulette,scattered,block,21.160588235294117,1.9487842241935955,21.176470588235293,17.41176470588235,27.764705882352942,0.19487842241935954,1,1.0
758,0.6,0.01,roulette,singlepoint,uniform,21.166470588235292,2.098964511836634,20.970588235294116,17.647058823529413,27.352941176470587,0.2098964511836634,0,0.0
759,0.6,0.05,stochunif,scattered,swap,21.176470588235293,2.077438972036168,20.941176470588236,17.705882352941178,29.235294117647058,0.2077438972036168,0,0.0
760,0.5,0.1,tournament,scattered,scramble,21.176470588235293,2.151914596363989,21.029411764705884,17.470588235294116,27.0,0.2151914596363989,0,0.0
761,0.6,0.1,tournament,scattered,block,21.183529411764706,2.2022970268813573,21.088235294117645,17.647058823529413,28.11764705882353,0.22022970268813574,0,0.0
762,0.9,0.02,tournament,singlepoint,uniform,21.185294117647057,1.9840927462506313,20.764705882352942,17.647058823529413,26.764705882352942,0.19840927462506314,0,0.0
763,0.3,0.2,roulette,singlepoint,swap,21.195882352941176,2.317922037911379,21.147058823529413,17.647058823529413,27.705882352941178,0.2317922037911379,0,0.0
764,0.8,0.01,tournament,scattered,block,21.203529411764706,2.25293132521051,20.823529411764707,17.41176470588235,27.88235294117647,0.225293132521051,2,2.0
765,0.9,0.02,stochunif,scattered,block,21.205882352941174,1.8528680818185248,21.11764705882353,17.647058823529413,24.647058823529413,0.18528680818185247,0,0.0
766,0.7,0.01,stochunif,singlepoint,uniform,21.221176470588233,2.1426874977577643,21.058823529411764,17.647058823529413,26.764705882352942,0.21426874977577642,0,0.0
767,0.8,0.01,tournament,twopoint,uniform,21.224117647058826,2.2100664615879717,20.823529411764707,17.647058823529413,28.352941176470587,0.22100664615879717,0,0.0
768,0.9,0.01,stochunif,scattered,block,21.22823529411765,1.8561056267316371,21.088235294117645,17.41176470588235,25.705882352941178,0.18561056267316373,1,1.0
769,0.7,0.01,roulette,twopoint,uniform,21.22823529411765,2.2268860220996363,21.029411764705884,17.647058823529413,26.705882352941178,0.22268860220996362,0,0.0
770,0.8,0.01,tournament,scattered,swap,21.235294117647058,2.196014768621412,20.735294117647058,17.705882352941178,27.0,0.2196014768621412,0,0.0
771,0.6,0.2,stochunif,singlepoint,scramble,21.24,2.2274572569016042,21.0,17.647058823529413,28.058823529411764,0.22274572569016043,0,0.0
772,0.9,0.02,stochunif,twopoint,uniform,21.24529411764706,2.0568627450980386,21.029411764705884,17.647058823529413,27.764705882352942,0.20568627450980387,0,0.0
773,0.9,0.02,stochunif,scattered,scramble,21.250588235294117,1.9508772892614517,20.970588235294116,17.647058823529413,26.294117647058822,0.19508772892614518,0,0.0
774,0.7,0.01,roulette,singlepoint,uniform,21.258823529411767,2.123712183298169,20.794117647058826,17.647058823529413,28.529411764705884,0.2123712183298169,0,0.0
775,0.9,0.01,stochunif,scattered,scramble,21.26,1.8357111368626242,20.970588235294116,17.41176470588235,25.705882352941178,0.18357111368626242,1,1.0
776,0.7,0.01,stochunif,twopoint,uniform,21.265882352941176,2.1291606198103614,20.88235294117647,17.41176470588235,27.58823529411765,0.21291606198103613,1,1.0
777,0.7,0.2,roulette,twopoint,scramble,21.274117647058823,2.55250303596845,20.676470588235297,17.647058823529413,30.823529411764707,0.25525030359684503,0,0.0
778,0.7,0.05,tournament,scattered,swap,21.286470588235293,2.298838097954738,21.235294117647058,17.647058823529413,27.58823529411765,0.2298838097954738,0,0.0
779,0.8,0.02,stochunif,scattered,swap,21.302352941176473,2.0886644801773713,21.176470588235293,17.647058823529413,28.705882352941178,0.20886644801773713,0,0.0
780,0.4,0.1,stochunif,scattered,block,21.30941176470588,2.137649311920843,20.941176470588236,17.647058823529413,26.235294117647058,0.2137649311920843,0,0.0
781,0.5,0.2,tournament,singlepoint,block,21.311176470588233,1.9816235736630305,21.264705882352942,17.647058823529413,27.11764705882353,0.19816235736630305,0,0.0
782,0.9,0.01,stochunif,scattered,swap,21.314117647058826,1.9769426904122362,21.147058823529413,17.647058823529413,27.58823529411765,0.1976942690412236,0,0.0
783,0.7,0.01,roulette,singlepoint,frequency,21.314117647058826,2.178520657722865,20.970588235294116,17.647058823529413,28.294117647058822,0.2178520657722865,0,0.0
784,0.3,0.1,stochunif,scattered,swap,21.32705882352941,1.9232471115171437,21.029411764705884,17.41176470588235,26.823529411764707,0.19232471115171437,1,1.0
785,0.7,0.02,tournament,scattered,scramble,21.33294117647059,2.2953927927739795,21.0,17.41176470588235,30.470588235294116,0.22953927927739795,1,1.0
786,0.5,0.2,roulette,twopoint,block,21.333529411764708,1.831171669257153,21.11764705882353,17.647058823529413,27.88235294117647,0.18311716692571528,0,0.0
787,0.6,0.05,roulette,scattered,scramble,21.334705882352942,2.2749660707770754,20.88235294117647,17.647058823529413,31.058823529411764,0.22749660707770752,0,0.0
788,0.3,0.2,tournament,twopoint,swap,21.33764705882353,2.2579088685871493,20.823529411764707,17.764705882352942,28.235294117647058,0.22579088685871493,0,0.0
789,0.5,0.2,stochunif,singlepoint,block,21.33823529411765,2.121182349736402,21.029411764705884,17.647058823529413,26.0,0.2121182349736402,0,0.0
790,0.9,0.02,stochunif,singlepoint,frequency,21.34294117647059,1.8657739705480916,21.294117647058822,17.647058823529413,26.705882352941178,0.18657739705480916,0,0.0
791,0.5,0.1,roulette,scattered,block,21.348823529411767,2.603037334027915,20.88235294117647,17.647058823529413,28.705882352941178,0.2603037334027915,0,0.0
792,0.4,0.2,tournament,twopoint,swap,21.35705882352941,2.2420583615085654,21.235294117647058,17.705882352941178,27.705882352941178,0.22420583615085654,0,0.0
793,0.3,0.2,stochunif,singlepoint,swap,21.365294117647057,2.066699053009083,21.264705882352942,17.41176470588235,28.0,0.2066699053009083,1,1.0
794,0.9,0.05,stochunif,scattered,swap,21.36705882352941,2.289063402661218,21.088235294117645,17.647058823529413,28.941176470588236,0.22890634026612183,0,0.0
795,0.5,0.05,stochunif,scattered,scramble,21.36823529411765,2.337405933700653,21.029411764705884,17.647058823529413,26.647058823529413,0.2337405933700653,0,0.0
796,0.8,0.01,stochunif,scattered,scramble,21.371176470588235,1.9295315927313086,21.11764705882353,17.647058823529413,25.529411764705884,0.19295315927313086,0,0.0
797,0.6,0.05,tournament,scattered,swap,21.371176470588235,2.174626171645101,21.264705882352942,17.647058823529413,28.0,0.21746261716451012,0,0.0
798,0.4,0.1,tournament,scattered,swap,21.376470588235293,1.8505936331185755,21.441176470588232,17.647058823529413,26.0,0.18505936331185754,0,0.0
799,0.3,0.2,stochunif,twopoint,block,21.37764705882353,2.198594497036477,21.0,17.647058823529413,26.470588235294116,0.21985944970364768,0,0.0
800,0.6,0.05,tournament,scattered,scramble,21.387647058823532,2.234716987759007,21.352941176470587,17.647058823529413,28.823529411764707,0.22347169877590073,0,0.0
801,0.9,0.1,roulette,scattered,swap,21.389411764705883,2.1802776999671787,20.941176470588236,17.647058823529413,27.529411764705884,0.21802776999671786,0,0.0
802,0.8,0.02,stochunif,scattered,block,21.393529411764707,2.043148801976395,21.147058823529413,17.823529411764707,27.176470588235293,0.2043148801976395,0,0.0
803,0.6,0.2,roulette,singlepoint,swap,21.39470588235294,2.244349406977235,21.058823529411764,17.764705882352942,28.0,0.22443494069772352,0,0.0
804,0.5,0.2,roulette,twopoint,scramble,21.40705882352941,2.109754222158137,21.41176470588235,17.647058823529413,27.352941176470587,0.2109754222158137,0,0.0
805,0.3,0.2,roulette,singlepoint,block,21.408823529411766,2.0557973685637108,21.147058823529413,17.647058823529413,28.294117647058822,0.20557973685637107,0,0.0
806,0.9,0.02,stochunif,scattered,swap,21.415882352941175,2.1419392156429504,21.11764705882353,17.647058823529413,28.529411764705884,0.21419392156429504,0,0.0
807,0.6,0.2,roulette,twopoint,block,21.416470588235292,2.139627785438764,21.235294117647058,17.705882352941178,28.941176470588236,0.2139627785438764,0,0.0
808,0.6,0.2,stochunif,twopoint,block,21.43,2.2791411297371154,21.352941176470587,17.647058823529413,28.11764705882353,0.22791411297371153,0,0.0
809,0.4,0.2,stochunif,singlepoint,swap,21.430588235294117,2.1441674668820627,21.205882352941174,17.647058823529413,27.294117647058822,0.21441674668820626,0,0.0
810,0.5,0.1,tournament,scattered,block,21.435882352941174,2.275755621073826,21.088235294117645,17.647058823529413,27.88235294117647,0.22757556210738258,0,0.0
811,0.4,0.2,stochunif,twopoint,scramble,21.44294117647059,2.545897649385186,21.11764705882353,17.647058823529413,29.88235294117647,0.2545897649385186,0,0.0
812,0.4,0.1,tournament,scattered,block,21.443529411764708,2.2318737317350963,20.911764705882355,17.764705882352942,29.823529411764707,0.22318737317350962,0,0.0
813,0.7,0.05,tournament,scattered,block,21.44470588235294,2.269761470566989,21.147058823529413,17.647058823529413,28.529411764705884,0.22697614705669888,0,0.0
814,0.5,0.2,stochunif,singlepoint,scramble,21.449411764705882,2.4336358851898874,21.235294117647058,17.647058823529413,27.705882352941178,0.24336358851898873,0,0.0
815,0.3,0.2,stochunif,singlepoint,block,21.464117647058824,2.1227556884807828,21.205882352941174,17.705882352941178,26.294117647058822,0.21227556884807827,0,0.0
816,0.6,0.2,roulette,singlepoint,scramble,21.46529411764706,2.3412976168729323,21.029411764705884,17.647058823529413,27.705882352941178,0.23412976168729321,0,0.0
817,0.6,0.2,tournament,singlepoint,swap,21.47294117647059,1.9869540605616138,21.294117647058822,17.647058823529413,26.88235294117647,0.19869540605616137,0,0.0
818,0.8,0.01,roulette,twopoint,frequency,21.48705882352941,2.1090317918627415,21.352941176470587,17.647058823529413,27.823529411764707,0.21090317918627416,0,0.0
819,0.6,0.2,stochunif,singlepoint,block,21.49,1.7557119790823923,21.470588235294116,17.705882352941178,26.529411764705884,0.17557119790823922,0,0.0
820,0.7,0.2,roulette,twopoint,block,21.5,2.3156356355805356,20.970588235294116,17.764705882352942,27.58823529411765,0.23156356355805358,0,0.0
821,0.8,0.01,tournament,singlepoint,uniform,21.50176470588235,2.369629691396744,21.058823529411764,17.764705882352942,29.058823529411764,0.2369629691396744,0,0.0
822,0.5,0.2,roulette,singlepoint,swap,21.506470588235292,2.321099084737397,21.176470588235293,17.647058823529413,28.470588235294116,0.2321099084737397,0,0.0
823,0.4,0.05,stochunif,scattered,scramble,21.514117647058825,2.0220658942241188,21.441176470588232,17.647058823529413,28.941176470588236,0.20220658942241188,0,0.0
824,0.8,0.01,stochunif,scattered,swap,21.51705882352941,1.8752706747178427,21.352941176470587,17.705882352941178,26.58823529411765,0.18752706747178427,0,0.0
825,0.4,0.2,roulette,twopoint,block,21.51823529411765,2.134885520439737,21.294117647058822,17.470588235294116,28.88235294117647,0.21348855204397368,0,0.0
826,0.4,0.2,roulette,twopoint,scramble,21.52705882352941,2.4404969381158095,21.176470588235293,17.647058823529413,28.529411764705884,0.24404969381158095,0,0.0
827,0.7,0.2,stochunif,twopoint,block,21.52823529411765,2.1672893339068136,21.029411764705884,17.705882352941178,26.764705882352942,0.21672893339068136,0,0.0
828,0.8,0.2,stochunif,singlepoint,scramble,21.528823529411767,2.4574601689513615,21.029411764705884,17.647058823529413,31.529411764705884,0.24574601689513614,0,0.0
829,0.3,0.1,stochunif,scattered,block,21.53235294117647,2.4128640452028427,21.235294117647058,17.41176470588235,31.11764705882353,0.24128640452028427,1,1.0
830,0.7,0.2,tournament,twopoint,scramble,21.53235294117647,2.3653176430111893,21.058823529411764,17.647058823529413,27.705882352941178,0.23653176430111894,0,0.0
831,0.6,0.2,tournament,twopoint,block,21.54176470588235,2.096619290609787,21.558823529411768,18.058823529411764,28.470588235294116,0.2096619290609787,0,0.0
832,0.8,0.01,stochunif,scattered,block,21.544117647058826,1.963694364623133,21.529411764705884,17.705882352941178,26.705882352941178,0.1963694364623133,0,0.0
833,0.8,0.2,stochunif,twopoint,scramble,21.564117647058826,2.1532638099235193,21.735294117647058,17.647058823529413,27.88235294117647,0.21532638099235193,0,0.0
834,0.3,0.1,roulette,scattered,block,21.57764705882353,2.2809145181507424,21.235294117647058,17.647058823529413,27.647058823529413,0.22809145181507423,0,0.0
835,0.7,0.05,stochunif,scattered,block,21.594117647058823,2.2723036199457174,21.58823529411765,17.647058823529413,28.705882352941178,0.22723036199457175,0,0.0
836,0.5,0.2,roulette,singlepoint,block,21.60764705882353,2.37286653935176,21.058823529411764,18.176470588235293,29.294117647058822,0.23728665393517598,0,0.0
837,0.5,0.2,stochunif,twopoint,scramble,21.608235294117648,2.7106602267293276,20.823529411764707,17.647058823529413,28.941176470588236,0.2710660226729328,0,0.0
838,0.7,0.2,roulette,singlepoint,scramble,21.61470588235294,2.7100948248476207,21.029411764705884,17.647058823529413,29.0,0.2710094824847621,0,0.0
839,0.7,0.02,stochunif,scattered,scramble,21.62294117647059,2.3084034231446373,21.176470588235293,17.823529411764707,31.0,0.23084034231446374,0,0.0
840,0.7,0.02,tournament,scattered,swap,21.62470588235294,2.1401520862851973,21.5,17.823529411764707,27.941176470588236,0.21401520862851972,0,0.0
841,0.3,0.1,roulette,scattered,swap,21.631176470588233,2.1975239544838217,21.441176470588232,17.41176470588235,29.176470588235293,0.21975239544838215,1,1.0
842,0.3,0.1,tournament,scattered,swap,21.63352941176471,2.533710437543106,21.294117647058822,17.647058823529413,30.058823529411764,0.2533710437543106,0,0.0
843,0.9,0.05,roulette,scattered,swap,21.635882352941177,2.1715702570782103,21.323529411764703,17.647058823529413,29.823529411764707,0.21715702570782103,0,0.0
844,0.7,0.2,stochunif,singlepoint,block,21.637647058823532,2.078073490191952,21.676470588235297,17.88235294117647,26.705882352941178,0.20780734901919523,0,0.0
845,0.8,0.01,stochunif,singlepoint,frequency,21.638823529411766,2.012161479742252,21.647058823529413,17.705882352941178,27.235294117647058,0.2012161479742252,0,0.0
846,0.5,0.2,tournament,twopoint,block,21.64294117647059,2.092931210036733,21.470588235294116,17.647058823529413,28.764705882352942,0.2092931210036733,0,0.0
847,0.3,0.2,tournament,scattered,scramble,21.652352941176474,2.50368425878908,21.58823529411765,17.41176470588235,28.11764705882353,0.250368425878908,1,1.0
848,0.5,0.2,tournament,singlepoint,swap,21.659411764705883,2.3657301725344335,21.11764705882353,17.705882352941178,28.823529411764707,0.23657301725344335,0,0.0
849,0.3,0.1,roulette,scattered,scramble,21.66235294117647,2.4323156701107065,21.176470588235293,17.764705882352942,27.941176470588236,0.24323156701107065,0,0.0
850,0.7,0.05,roulette,scattered,swap,21.66705882352941,2.3719113475496343,21.38235294117647,17.705882352941178,29.352941176470587,0.23719113475496342,0,0.0
851,0.6,0.05,stochunif,scattered,block,21.671176470588236,2.171222575566673,21.470588235294116,17.647058823529413,27.352941176470587,0.2171222575566673,0,0.0
852,0.9,0.01,tournament,twopoint,frequency,21.67294117647059,2.5128006841609083,21.11764705882353,17.41176470588235,30.176470588235293,0.25128006841609085,1,1.0
853,0.7,0.2,stochunif,singlepoint,scramble,21.67294117647059,2.227278997151536,21.176470588235293,17.647058823529413,29.11764705882353,0.2227278997151536,0,0.0
854,0.4,0.1,tournament,scattered,scramble,21.674705882352942,2.4428664983029633,21.11764705882353,17.705882352941178,28.529411764705884,0.24428664983029633,0,0.0
855,0.3,0.1,tournament,scattered,block,21.676470588235293,2.486164575244597,21.352941176470587,17.764705882352942,28.058823529411764,0.24861645752445968,0,0.0
856,0.9,0.02,roulette,scattered,scramble,21.678823529411765,2.2320929637867692,21.323529411764703,17.705882352941178,29.764705882352942,0.22320929637867692,0,0.0
857,0.8,0.01,stochunif,twopoint,uniform,21.684117647058823,2.4019357559902335,21.352941176470587,17.647058823529413,27.470588235294116,0.24019357559902335,0,0.0
858,0.7,0.2,tournament,twopoint,swap,21.68705882352941,2.295448522352984,21.41176470588235,17.647058823529413,29.352941176470587,0.22954485223529839,0,0.0
859,0.9,0.02,roulette,twopoint,frequency,21.69235294117647,2.3623527606744674,21.61764705882353,17.647058823529413,27.941176470588236,0.23623527606744674,0,0.0
860,0.7,0.02,tournament,scattered,block,21.701176470588234,2.3409480446433246,21.647058823529413,17.41176470588235,27.529411764705884,0.23409480446433245,1,1.0
861,0.7,0.2,tournament,twopoint,block,21.707647058823532,2.39207584386923,21.5,17.647058823529413,29.41176470588235,0.23920758438692297,0,0.0
862,0.9,0.02,stochunif,singlepoint,uniform,21.71705882352941,2.355727628158352,22.029411764705884,17.647058823529413,29.058823529411764,0.2355727628158352,0,0.0
863,0.8,0.05,roulette,scattered,swap,21.718823529411765,2.4992058435950426,21.38235294117647,17.41176470588235,28.764705882352942,0.24992058435950426,1,1.0
864,0.5,0.05,stochunif,scattered,swap,21.745882352941177,2.3008323811047977,21.38235294117647,17.647058823529413,28.941176470588236,0.23008323811047976,0,0.0
865,0.9,0.01,roulette,scattered,scramble,21.75235294117647,2.4294497457032005,21.38235294117647,17.823529411764707,31.058823529411764,0.24294497457032005,0,0.0
866,0.7,0.2,tournament,singlepoint,block,21.759411764705884,1.9632087506912448,21.676470588235297,17.764705882352942,26.647058823529413,0.1963208750691245,0,0.0
867,0.9,0.02,roulette,singlepoint,frequency,21.784117647058824,2.3850755039524474,21.264705882352942,17.764705882352942,27.823529411764707,0.23850755039524474,0,0.0
868,0.9,0.02,roulette,scattered,block,21.78470588235294,2.2006925679945226,21.352941176470587,17.705882352941178,28.11764705882353,0.22006925679945227,0,0.0
869,0.5,0.05,tournament,scattered,scramble,21.788823529411765,2.4149305337971847,21.970588235294116,17.647058823529413,29.941176470588236,0.24149305337971846,0,0.0
870,0.4,0.1,roulette,scattered,block,21.799411764705884,2.1333525839280334,21.41176470588235,17.41176470588235,28.58823529411765,0.21333525839280335,1,1.0
871,0.8,0.2,roulette,twopoint,swap,21.801764705882352,2.2130054136285704,21.41176470588235,17.647058823529413,27.764705882352942,0.22130054136285704,0,0.0
872,0.9,0.05,roulette,scattered,block,21.808823529411764,2.0184458350001546,21.705882352941178,17.647058823529413,26.941176470588236,0.20184458350001547,0,0.0
873,0.7,0.05,roulette,scattered,block,21.81294117647059,2.64352943556352,21.323529411764703,17.705882352941178,29.941176470588236,0.26435294355635197,0,0.0
874,0.7,0.2,stochunif,singlepoint,swap,21.81352941176471,2.0860529381221378,21.38235294117647,18.058823529411764,28.41176470588235,0.20860529381221377,0,0.0
875,0.7,0.2,roulette,singlepoint,swap,21.830588235294115,2.076972548271092,21.676470588235297,17.764705882352942,27.529411764705884,0.2076972548271092,0,0.0
876,0.8,0.05,roulette,scattered,block,21.844117647058823,2.395753921620217,21.323529411764703,18.11764705882353,29.764705882352942,0.2395753921620217,0,0.0
877,0.9,0.01,roulette,scattered,block,21.85294117647059,2.534546874672871,21.205882352941174,17.823529411764707,31.235294117647058,0.2534546874672871,0,0.0
878,0.5,0.05,roulette,scattered,scramble,21.86176470588235,2.579949127320751,21.88235294117647,17.647058823529413,29.11764705882353,0.2579949127320751,0,0.0
879,0.7,0.05,stochunif,scattered,swap,21.863529411764706,2.3513048380205404,21.41176470588235,17.647058823529413,29.764705882352942,0.23513048380205404,0,0.0
880,0.8,0.2,roulette,singlepoint,swap,21.87470588235294,2.2036356948842672,21.441176470588232,18.0,31.0,0.22036356948842672,0,0.0
881,0.4,0.1,stochunif,twopoint,swap,21.876470588235293,2.323155200504564,21.264705882352942,17.764705882352942,28.823529411764707,0.2323155200504564,0,0.0
882,0.8,0.2,roulette,twopoint,scramble,21.881176470588233,2.5275107892067363,21.470588235294116,17.764705882352942,28.529411764705884,0.2527510789206736,0,0.0
883,0.8,0.2,roulette,singlepoint,scramble,21.887647058823532,2.2700659613182608,21.529411764705884,17.41176470588235,28.11764705882353,0.22700659613182608,1,1.0
884,0.9,0.01,roulette,scattered,swap,21.89,2.265080568737836,21.5,17.764705882352942,31.058823529411764,0.22650805687378361,0,0.0
885,0.9,0.02,roulette,scattered,swap,21.904705882352943,2.217283351657107,21.558823529411768,17.764705882352942,31.058823529411764,0.22172833516571072,0,0.0
886,0.9,0.01,tournament,singlepoint,frequency,21.92705882352941,2.330824757353381,21.764705882352942,17.764705882352942,27.352941176470587,0.2330824757353381,0,0.0
887,0.7,0.2,tournament,singlepoint,swap,21.96764705882353,2.159621878056709,21.735294117647058,17.647058823529413,27.294117647058822,0.21596218780567092,0,0.0
888,0.8,0.01,stochunif,singlepoint,uniform,21.97,2.410140968990359,21.558823529411768,17.823529411764707,30.941176470588236,0.24101409689903588,0,0.0
889,0.6,0.02,tournament,scattered,swap,21.972352941176467,2.661043864930687,21.911764705882355,17.705882352941178,31.176470588235293,0.26610438649306867,0,0.0
890,0.7,0.2,roulette,singlepoint,block,21.97352941176471,2.113771045117427,21.823529411764707,17.88235294117647,28.647058823529413,0.21137710451174269,0,0.0
891,0.8,0.2,stochunif,singlepoint,swap,21.978823529411766,2.457360963976075,22.0,17.470588235294116,30.529411764705884,0.2457360963976075,0,0.0
892,0.4,0.2,stochunif,singlepoint,scramble,21.979411764705883,2.6922513754858968,21.529411764705884,17.647058823529413,29.41176470588235,0.2692251375485897,0,0.0
893,0.8,0.2,tournament,twopoint,swap,21.98,2.2966562732368567,21.558823529411768,18.352941176470587,28.470588235294116,0.22966562732368567,0,0.0
894,0.8,0.01,roulette,singlepoint,frequency,21.99176470588235,2.387930868731366,21.61764705882353,17.647058823529413,29.294117647058822,0.23879308687313658,0,0.0
895,0.7,0.01,tournament,scattered,scramble,21.99529411764706,2.3982226359412544,22.0,17.647058823529413,28.823529411764707,0.23982226359412545,0,0.0
896,0.6,0.2,tournament,singlepoint,block,22.00235294117647,2.308007072810289,21.58823529411765,17.647058823529413,29.764705882352942,0.2308007072810289,0,0.0
897,0.3,0.2,stochunif,twopoint,scramble,22.021176470588234,2.863703597504865,21.529411764705884,17.705882352941178,31.764705882352942,0.28637035975048647,0,0.0
898,0.7,0.01,tournament,scattered,swap,22.04,2.491786935523805,22.058823529411764,18.058823529411764,29.41176470588235,0.24917869355238048,0,0.0
899,0.6,0.1,roulette,twopoint,swap,22.04529411764706,2.3284503048296834,22.088235294117645,17.647058823529413,27.941176470588236,0.23284503048296834,0,0.0
900,0.3,0.1,roulette,twopoint,swap,22.046470588235294,2.130831325478244,22.264705882352942,17.823529411764707,28.529411764705884,0.2130831325478244,0,0.0
901,0.9,0.2,stochunif,twopoint,swap,22.04705882352941,2.4991977322358543,21.735294117647058,17.647058823529413,28.58823529411765,0.24991977322358544,0,0.0
902,0.5,0.1,stochunif,twopoint,swap,22.049411764705884,2.1323632060727786,22.029411764705884,17.647058823529413,26.235294117647058,0.21323632060727787,0,0.0
903,0.6,0.2,roulette,twopoint,scramble,22.049411764705884,2.5509346981155434,22.0,17.647058823529413,27.529411764705884,0.25509346981155434,0,0.0
904,0.5,0.05,tournament,scattered,swap,22.071176470588235,2.255828609101677,21.735294117647058,17.764705882352942,30.41176470588235,0.2255828609101677,0,0.0
905,0.6,0.1,stochunif,twopoint,swap,22.082352941176467,2.2391529377998673,21.852941176470587,17.647058823529413,27.941176470588236,0.22391529377998673,0,0.0
906,0.4,0.2,tournament,singlepoint,swap,22.084117647058825,2.3739150617244937,22.0,17.647058823529413,30.058823529411764,0.23739150617244936,0,0.0
907,0.3,0.2,tournament,singlepoint,swap,22.090588235294117,2.607574001364287,22.176470588235293,17.705882352941178,29.235294117647058,0.2607574001364287,0,0.0
908,0.8,0.02,roulette,scattered,scramble,22.09176470588235,2.5885096813450357,21.529411764705884,17.823529411764707,30.11764705882353,0.2588509681345036,0,0.0
909,0.3,0.1,stochunif,twopoint,swap,22.09647058823529,2.248102901599744,21.941176470588236,18.176470588235293,29.41176470588235,0.2248102901599744,0,0.0
910,0.5,0.1,tournament,twopoint,swap,22.101764705882353,2.3551512941631834,22.029411764705884,17.764705882352942,27.58823529411765,0.23551512941631833,0,0.0
911,0.6,0.05,roulette,scattered,swap,22.10529411764706,2.265352748478936,22.352941176470587,17.41176470588235,27.58823529411765,0.22653527484789363,1,1.0
912,0.7,0.02,stochunif,scattered,swap,22.117647058823533,2.4617162377360517,22.235294117647058,17.647058823529413,29.352941176470587,0.24617162377360519,0,0.0
913,0.6,0.05,tournament,scattered,block,22.12764705882353,2.2975666898739266,22.029411764705884,18.176470588235293,27.647058823529413,0.22975666898739266,0,0.0
914,0.9,0.01,stochunif,twopoint,frequency,22.128823529411765,2.3202526591349746,22.088235294117645,17.705882352941178,27.235294117647058,0.23202526591349745,0,0.0
915,0.9,0.2,stochunif,twopoint,scramble,22.129411764705882,2.4671764349166443,21.58823529411765,17.705882352941178,27.176470588235293,0.24671764349166442,0,0.0
916,0.8,0.2,tournament,singlepoint,swap,22.13352941176471,2.298156856692103,21.823529411764707,17.647058823529413,30.823529411764707,0.22981568566921032,0,0.0
917,0.9,0.02,roulette,twopoint,uniform,22.134705882352943,2.305755253145255,22.176470588235293,17.764705882352942,29.647058823529413,0.2305755253145255,0,0.0
918,0.6,0.2,roulette,singlepoint,block,22.139411764705883,2.1609369234163287,21.911764705882355,18.11764705882353,28.235294117647058,0.21609369234163286,0,0.0
919,0.5,0.2,roulette,singlepoint,scramble,22.151176470588233,2.819457042915651,21.941176470588236,17.647058823529413,30.294117647058822,0.28194570429156507,0,0.0
920,0.9,0.2,tournament,twopoint,scramble,22.17294117647059,2.5964437976305126,21.676470588235297,17.647058823529413,29.176470588235293,0.25964437976305127,0,0.0
921,0.8,0.01,roulette,scattered,scramble,22.173529411764708,2.3565535995089752,22.029411764705884,17.88235294117647,30.11764705882353,0.23565535995089754,0,0.0
922,0.6,0.02,tournament,scattered,block,22.179411764705883,2.3962790671342713,22.088235294117645,18.176470588235293,30.294117647058822,0.23962790671342712,0,0.0
923,0.7,0.02,stochunif,scattered,block,22.18,2.3814496941643593,21.735294117647058,17.88235294117647,29.941176470588236,0.23814496941643593,0,0.0
924,0.7,0.01,tournament,scattered,block,22.18176470588235,2.4206839839875385,22.235294117647058,18.058823529411764,28.823529411764707,0.24206839839875385,0,0.0
925,0.9,0.01,stochunif,singlepoint,frequency,22.183529411764706,2.3497345945997594,21.970588235294116,17.705882352941178,29.470588235294116,0.23497345945997594,0,0.0
926,0.9,0.01,tournament,twopoint,uniform,22.19235294117647,2.7118930760232303,22.235294117647058,17.705882352941178,28.941176470588236,0.271189307602323,0,0.0
927,0.5,0.05,stochunif,scattered,block,22.200588235294116,2.159034638133997,21.941176470588236,17.705882352941178,31.235294117647058,0.2159034638133997,0,0.0
928,0.6,0.02,tournament,scattered,scramble,22.200588235294116,2.4046907982313206,21.911764705882355,17.764705882352942,27.88235294117647,0.24046907982313206,0,0.0
929,0.8,0.2,tournament,twopoint,block,22.204117647058823,2.2674371412241343,22.0,17.647058823529413,29.294117647058822,0.22674371412241343,0,0.0
930,0.5,0.1,stochunif,singlepoint,swap,22.21,2.1514151753321675,22.0,17.88235294117647,28.470588235294116,0.21514151753321675,0,0.0
931,0.6,0.02,stochunif,scattered,scramble,22.21529411764706,2.509904465454889,21.794117647058826,18.352941176470587,27.941176470588236,0.2509904465454889,0,0.0
932,0.4,0.05,roulette,scattered,swap,22.225882352941177,2.1257473649106795,22.0,17.647058823529413,27.941176470588236,0.21257473649106795,0,0.0
933,0.8,0.2,tournament,twopoint,scramble,22.23764705882353,2.6412482604940073,21.823529411764707,17.764705882352942,31.294117647058822,0.26412482604940074,0,0.0
934,0.4,0.1,stochunif,twopoint,block,22.23941176470588,2.0925136726778093,21.970588235294116,17.705882352941178,27.647058823529413,0.20925136726778093,0,0.0
935,0.8,0.2,tournament,singlepoint,block,22.24764705882353,2.3560035775211907,21.941176470588236,17.41176470588235,30.11764705882353,0.23560035775211907,1,1.0
936,0.7,0.1,stochunif,twopoint,scramble,22.24823529411765,2.528943012293514,21.852941176470587,18.176470588235293,30.470588235294116,0.2528943012293514,0,0.0
937,0.3,0.2,roulette,twopoint,scramble,22.263529411764708,2.6682584113826695,22.323529411764703,17.647058823529413,28.470588235294116,0.26682584113826696,0,0.0
938,0.8,0.01,roulette,twopoint,uniform,22.275294117647057,2.351379160667044,22.176470588235293,17.705882352941178,30.88235294117647,0.23513791606670442,0,0.0
939,0.6,0.01,tournament,scattered,swap,22.299411764705884,2.5149803875985284,22.294117647058822,17.647058823529413,32.05882352941177,0.2514980387598528,0,0.0
940,0.8,0.01,roulette,scattered,swap,22.301764705882352,2.2707519359496,22.323529411764703,18.294117647058822,29.705882352941178,0.22707519359495998,0,0.0
941,0.4,0.05,roulette,scattered,scramble,22.30294117647059,2.5705844282071304,22.470588235294116,17.705882352941178,32.8235294117647,0.25705844282071305,0,0.0
942,0.9,0.02,roulette,singlepoint,uniform,22.30705882352941,2.427813218993288,22.147058823529413,17.647058823529413,29.58823529411765,0.2427813218993288,0,0.0
943,0.9,0.2,tournament,twopoint,swap,22.31176470588235,2.20422001138404,22.294117647058822,17.647058823529413,27.470588235294116,0.220422001138404,0,0.0
944,0.7,0.02,roulette,scattered,scramble,22.314117647058826,2.452330751006972,22.0,17.764705882352942,30.764705882352942,0.2452330751006972,0,0.0
945,0.6,0.1,stochunif,twopoint,scramble,22.334705882352942,2.5172946232959386,22.5,17.823529411764707,29.235294117647058,0.25172946232959387,0,0.0
946,0.7,0.01,stochunif,scattered,scramble,22.340588235294117,2.2999118595138106,21.911764705882355,18.176470588235293,27.647058823529413,0.22999118595138107,0,0.0
947,0.7,0.1,stochunif,singlepoint,scramble,22.351176470588236,2.2967511584303173,22.294117647058822,17.647058823529413,28.352941176470587,0.22967511584303174,0,0.0
948,0.6,0.2,tournament,twopoint,scramble,22.353529411764708,2.6371504660950897,22.11764705882353,18.058823529411764,29.176470588235293,0.26371504660950895,0,0.0
949,0.5,0.1,roulette,twopoint,swap,22.354117647058825,2.2203267229626293,22.5,17.647058823529413,29.823529411764707,0.22203267229626295,0,0.0
950,0.8,0.02,roulette,scattered,swap,22.356470588235293,2.493020139921857,22.264705882352942,17.705882352941178,31.88235294117647,0.24930201399218568,0,0.0
951,0.7,0.1,stochunif,twopoint,swap,22.36235294117647,2.2338820320079336,22.294117647058822,17.705882352941178,28.529411764705884,0.22338820320079336,0,0.0
952,0.4,0.2,roulette,singlepoint,scramble,22.370588235294118,2.7092064110845553,22.235294117647058,17.88235294117647,31.0,0.27092064110845554,0,0.0
953,0.6,0.05,roulette,scattered,block,22.371764705882352,2.2387139614790383,22.088235294117645,18.470588235294116,29.294117647058822,0.22387139614790383,0,0.0
954,0.8,0.2,stochunif,twopoint,block,22.37705882352941,2.4882808051361853,22.235294117647058,17.764705882352942,29.11764705882353,0.24882808051361854,0,0.0
955,0.8,0.2,stochunif,singlepoint,block,22.378235294117648,2.3566556390922386,22.235294117647058,17.764705882352942,29.941176470588236,0.23566556390922386,0,0.0
956,0.6,0.02,roulette,scattered,scramble,22.390588235294118,2.6826421959935067,22.38235294117647,17.647058823529413,32.1764705882353,0.26826421959935065,0,0.0
957,0.5,0.1,stochunif,twopoint,scramble,22.391176470588235,2.5979584960386126,22.088235294117645,17.88235294117647,29.058823529411764,0.25979584960386126,0,0.0
958,0.9,0.2,roulette,twopoint,scramble,22.401176470588233,2.4014078449737575,22.294117647058822,17.647058823529413,30.0,0.24014078449737575,0,0.0
959,0.4,0.1,stochunif,singlepoint,swap,22.416470588235292,2.6061562903834603,22.235294117647058,17.647058823529413,29.176470588235293,0.260615629038346,0,0.0
960,0.5,0.02,stochunif,scattered,scramble,22.42,2.7187559631066756,22.205882352941174,17.705882352941178,31.176470588235293,0.27187559631066754,0,0.0
961,0.8,0.01,roulette,singlepoint,uniform,22.42294117647059,2.6422772552677403,22.11764705882353,17.41176470588235,31.058823529411764,0.26422772552677404,1,1.0
962,0.6,0.1,roulette,twopoint,scramble,22.42529411764706,2.50342961427527,22.029411764705884,17.41176470588235,28.764705882352942,0.250342961427527,1,1.0
963,0.7,0.2,tournament,singlepoint,scramble,22.426470588235293,2.446568221193838,22.147058823529413,17.823529411764707,29.058823529411764,0.2446568221193838,0,0.0
964,0.5,0.1,roulette,twopoint,scramble,22.43176470588235,2.586887511664888,22.41176470588235,17.764705882352942,28.0,0.2586887511664888,0,0.0
965,0.4,0.1,roulette,twopoint,swap,22.446470588235293,2.3999769172750858,22.470588235294116,17.705882352941178,29.823529411764707,0.23999769172750857,0,0.0
966,0.8,0.1,stochunif,twopoint,scramble,22.45294117647059,2.70132531094771,22.323529411764703,17.647058823529413,32.470588235294116,0.270132531094771,0,0.0
967,0.6,0.1,stochunif,singlepoint,scramble,22.457647058823532,2.4591106508466725,22.529411764705884,17.647058823529413,28.647058823529413,0.24591106508466726,0,0.0
968,0.5,0.05,roulette,scattered,swap,22.45823529411765,2.529560926387181,22.529411764705884,17.647058823529413,28.58823529411765,0.2529560926387181,0,0.0
969,0.4,0.05,stochunif,scattered,block,22.46529411764706,2.253314096432675,22.470588235294116,17.823529411764707,29.176470588235293,0.22533140964326753,0,0.0
970,0.9,0.2,stochunif,singlepoint,swap,22.471176470588233,2.2923038520501775,22.41176470588235,17.647058823529413,29.941176470588236,0.22923038520501776,0,0.0
971,0.8,0.02,roulette,scattered,block,22.477647058823532,2.51896833960416,22.323529411764703,17.705882352941178,29.764705882352942,0.251896833960416,0,0.0
972,0.9,0.01,roulette,twopoint,frequency,22.495882352941177,2.5785517414276837,22.205882352941174,17.705882352941178,29.235294117647058,0.2578551741427684,0,0.0
973,0.5,0.2,tournament,twopoint,scramble,22.499411764705883,2.6593100659593505,22.176470588235293,17.88235294117647,32.76470588235294,0.26593100659593505,0,0.0
974,0.7,0.1,tournament,twopoint,swap,22.503529411764706,2.694832899785161,21.941176470588236,18.235294117647058,31.470588235294116,0.2694832899785161,0,0.0
975,0.5,0.05,tournament,scattered,block,22.50705882352941,2.630838001019099,22.058823529411764,17.41176470588235,28.647058823529413,0.2630838001019099,1,1.0
976,0.5,0.1,tournament,singlepoint,swap,22.50705882352941,2.7292101980604753,22.11764705882353,17.823529411764707,31.823529411764707,0.27292101980604755,0,0.0
977,0.7,0.01,stochunif,scattered,block,22.509411764705884,2.5267949265320215,22.294117647058822,17.647058823529413,29.11764705882353,0.25267949265320216,0,0.0
978,0.8,0.01,roulette,scattered,block,22.51,2.7987631270023763,22.529411764705884,17.705882352941178,33.470588235294116,0.2798763127002376,0,0.0
979,0.3,0.1,stochunif,singlepoint,swap,22.51294117647059,2.519992133105575,22.235294117647058,17.470588235294116,30.294117647058822,0.25199921331055747,0,0.0
980,0.8,0.1,stochunif,twopoint,swap,22.514705882352942,2.291142928704175,22.441176470588232,17.823529411764707,28.352941176470587,0.2291142928704175,0,0.0
981,0.7,0.1,roulette,twopoint,scramble,22.51529411764706,2.5985873030320716,22.735294117647058,17.41176470588235,28.764705882352942,0.25985873030320716,1,1.0
982,0.6,0.1,stochunif,twopoint,block,22.523529411764706,2.4058010698889443,22.529411764705884,17.647058823529413,28.941176470588236,0.24058010698889443,0,0.0
983,0.3,0.05,stochunif,scattered,scramble,22.52647058823529,3.1365905602302644,21.676470588235297,18.058823529411764,32.35294117647059,0.31365905602302646,0,0.0
984,0.8,0.2,roulette,singlepoint,block,22.53529411764706,2.1961023044284276,22.5,17.705882352941178,29.11764705882353,0.21961023044284275,0,0.0
985,0.9,0.2,stochunif,singlepoint,scramble,22.553529411764707,2.589546135402011,22.058823529411764,17.705882352941178,29.41176470588235,0.2589546135402011,0,0.0
986,0.4,0.05,stochunif,scattered,swap,22.562352941176467,2.6177798440153928,22.176470588235293,18.470588235294116,30.58823529411765,0.26177798440153927,0,0.0
987,0.4,0.05,tournament,scattered,swap,22.575294117647058,2.7603419370905153,21.88235294117647,17.764705882352942,31.0,0.2760341937090515,0,0.0
988,0.5,0.1,stochunif,twopoint,block,22.575882352941175,2.7198520145315594,22.176470588235293,17.647058823529413,31.705882352941178,0.27198520145315597,0,0.0
989,0.4,0.1,roulette,singlepoint,swap,22.576470588235292,2.476593442939709,22.235294117647058,17.823529411764707,31.0,0.2476593442939709,0,0.0
990,0.4,0.2,tournament,twopoint,scramble,22.60294117647059,2.6438334479329315,22.41176470588235,17.823529411764707,28.470588235294116,0.2643833447932932,0,0.0
991,0.9,0.01,tournament,singlepoint,uniform,22.62470588235294,2.447973628082205,22.41176470588235,17.647058823529413,30.823529411764707,0.2447973628082205,0,0.0
992,0.3,0.1,roulette,singlepoint,swap,22.629411764705882,2.4034318315425782,22.735294117647058,17.647058823529413,30.0,0.24034318315425782,0,0.0
993,0.9,0.2,roulette,singlepoint,scramble,22.63294117647059,2.5377251490712824,22.764705882352942,17.705882352941178,31.529411764705884,0.25377251490712827,0,0.0
994,0.3,0.1,tournament,scattered,scramble,22.655882352941177,2.805315772196475,22.205882352941174,17.470588235294116,31.823529411764707,0.2805315772196475,0,0.0
995,0.3,0.2,stochunif,singlepoint,scramble,22.655882352941177,3.1395421141162396,22.529411764705884,17.647058823529413,35.11764705882353,0.31395421141162394,0,0.0
996,0.5,0.02,roulette,scattered,scramble,22.66176470588235,2.2422784682928705,22.5,18.58823529411765,29.176470588235293,0.22422784682928704,0,0.0
997,0.7,0.1,stochunif,singlepoint,swap,22.667647058823533,2.482913192557955,22.41176470588235,17.647058823529413,31.941176470588236,0.24829131925579548,0,0.0
998,0.3,0.1,tournament,twopoint,swap,22.681176470588234,2.399162471971171,22.61764705882353,17.41176470588235,28.88235294117647,0.2399162471971171,1,1.0
999,0.7,0.1,roulette,twopoint,swap,22.69470588235294,2.295780663899195,22.529411764705884,17.823529411764707,30.88235294117647,0.22957806638991948,0,0.0
1000,0.4,0.1,stochunif,twopoint,scramble,22.69705882352941,2.8981689226821135,22.205882352941174,17.647058823529413,31.941176470588236,0.28981689226821133,0,0.0
1001,0.8,0.2,roulette,twopoint,block,22.699411764705882,2.418369793940241,22.58823529411765,17.764705882352942,27.88235294117647,0.2418369793940241,0,0.0
1002,0.6,0.2,tournament,singlepoint,scramble,22.724705882352943,2.6792442191453234,22.147058823529413,18.764705882352942,31.294117647058822,0.26792442191453236,0,0.0
1003,0.6,0.1,tournament,twopoint,swap,22.728823529411766,2.554195964471106,22.352941176470587,18.235294117647058,30.235294117647058,0.2554195964471106,0,0.0
1004,0.9,0.2,tournament,singlepoint,swap,22.729411764705883,2.635619303423595,22.529411764705884,17.705882352941178,31.294117647058822,0.2635619303423595,0,0.0
1005,0.7,0.1,tournament,twopoint,block,22.73235294117647,2.69531345491595,22.5,17.823529411764707,32.0,0.26953134549159496,0,0.0
1006,0.4,0.1,stochunif,singlepoint,scramble,22.73235294117647,2.7825102115065383,22.647058823529413,17.647058823529413,30.0,0.2782510211506538,0,0.0
1007,0.6,0.01,tournament,scattered,block,22.74529411764706,2.77057259237182,22.235294117647058,17.647058823529413,31.941176470588236,0.277057259237182,0,0.0
1008,0.6,0.1,stochunif,singlepoint,swap,22.753529411764706,2.665587689336928,22.294117647058822,18.235294117647058,32.1764705882353,0.2665587689336928,0,0.0
1009,0.5,0.02,tournament,scattered,scramble,22.75705882352941,2.7818730358593133,22.823529411764707,17.823529411764707,29.470588235294116,0.27818730358593136,0,0.0
1010,0.3,0.2,roulette,singlepoint,scramble,22.759411764705884,2.915923616010858,22.41176470588235,17.41176470588235,31.11764705882353,0.2915923616010858,1,1.0
1011,0.8,0.1,stochunif,singlepoint,scramble,22.784117647058824,2.7627779905411067,22.58823529411765,17.647058823529413,33.470588235294116,0.27627779905411065,0,0.0
1012,0.3,0.2,tournament,twopoint,scramble,22.788823529411765,2.932275241215431,22.558823529411768,17.705882352941178,30.647058823529413,0.29322752412154307,0,0.0
1013,0.5,0.2,tournament,singlepoint,scramble,22.791176470588233,2.7532013705621305,22.470588235294116,17.647058823529413,30.941176470588236,0.27532013705621305,0,0.0
1014,0.9,0.01,stochunif,twopoint,uniform,22.797647058823532,2.5700669518264374,22.61764705882353,18.176470588235293,30.823529411764707,0.25700669518264374,0,0.0
1015,0.8,0.1,tournament,twopoint,scramble,22.806470588235292,2.7237557799690397,22.41176470588235,17.823529411764707,29.823529411764707,0.272375577996904,0,0.0
1016,0.4,0.1,tournament,singlepoint,swap,22.80705882352941,2.5167584129234575,22.61764705882353,17.823529411764707,30.294117647058822,0.25167584129234577,0,0.0
1017,0.9,0.1,stochunif,twopoint,scramble,22.808235294117647,2.646017092171532,22.323529411764703,17.823529411764707,30.705882352941178,0.2646017092171532,0,0.0
1018,0.7,0.01,stochunif,scattered,swap,22.81,2.610674283782034,22.38235294117647,18.176470588235293,30.235294117647058,0.2610674283782034,0,0.0
1019,0.6,0.1,tournament,singlepoint,swap,22.81352941176471,2.7824685080997744,22.235294117647058,17.764705882352942,31.352941176470587,0.27824685080997746,0,0.0
1020,0.4,0.05,tournament,scattered,block,22.81823529411765,2.5450276570994412,23.0,17.647058823529413,31.529411764705884,0.2545027657099441,0,0.0
1021,0.7,0.1,roulette,singlepoint,swap,22.818823529411766,2.349130604241672,22.676470588235297,18.41176470588235,28.58823529411765,0.2349130604241672,0,0.0
1022,0.7,0.1,tournament,twopoint,scramble,22.831176470588233,2.711117091551104,22.852941176470587,18.176470588235293,30.176470588235293,0.2711117091551104,0,0.0
1023,0.4,0.1,tournament,twopoint,swap,22.851176470588236,2.807732784953458,22.176470588235293,18.11764705882353,31.647058823529413,0.2807732784953458,0,0.0
1024,0.8,0.2,tournament,singlepoint,scramble,22.853529411764708,2.5991034042855925,22.823529411764707,17.647058823529413,28.647058823529413,0.25991034042855926,0,0.0
1025,0.7,0.02,roulette,scattered,swap,22.863529411764706,2.701640737624982,22.61764705882353,17.647058823529413,30.88235294117647,0.2701640737624982,0,0.0
1026,0.6,0.01,tournament,scattered,scramble,22.865882352941174,3.0051518682446936,22.61764705882353,17.647058823529413,32.05882352941177,0.30051518682446937,0,0.0
1027,0.5,0.1,roulette,singlepoint,swap,22.873529411764707,2.744364238566487,22.41176470588235,17.41176470588235,30.294117647058822,0.2744364238566487,1,1.0
1028,0.3,0.1,tournament,singlepoint,block,22.874117647058824,2.6536857695088605,22.38235294117647,17.647058823529413,29.058823529411764,0.26536857695088606,0,0.0
1029,0.5,0.02,tournament,scattered,swap,22.888823529411766,2.683024889515099,22.529411764705884,17.705882352941178,29.58823529411765,0.2683024889515099,0,0.0
1030,0.6,0.02,roulette,scattered,swap,22.89235294117647,2.9581926658299804,22.823529411764707,17.647058823529413,31.705882352941178,0.29581926658299806,0,0.0
1031,0.4,0.1,roulette,twopoint,scramble,22.902352941176467,2.6939235595242472,22.705882352941178,17.647058823529413,30.88235294117647,0.2693923559524247,0,0.0
1032,0.6,0.02,stochunif,scattered,block,22.90529411764706,2.546617475028139,22.88235294117647,18.235294117647058,29.88235294117647,0.2546617475028139,0,0.0
1033,0.5,0.1,stochunif,singlepoint,scramble,22.905882352941177,3.132650364283858,22.38235294117647,17.647058823529413,33.23529411764706,0.3132650364283858,0,0.0
1034,0.9,0.2,stochunif,twopoint,block,22.915294117647058,2.6904065439984715,22.794117647058826,17.823529411764707,29.529411764705884,0.26904065439984715,0,0.0
1035,0.5,0.1,tournament,twopoint,block,22.91705882352941,2.3764437471643296,22.911764705882355,18.352941176470587,30.176470588235293,0.23764437471643296,0,0.0
1036,0.5,0.1,tournament,twopoint,scramble,22.921764705882353,2.8566713949157574,22.411764705882355,17.823529411764707,30.11764705882353,0.28566713949157574,0,0.0
1037,0.6,0.1,tournament,twopoint,block,22.924705882352942,2.593713211346147,22.823529411764707,17.647058823529413,28.294117647058822,0.2593713211346147,0,0.0
1038,0.3,0.05,tournament,scattered,swap,22.934117647058823,2.7195690949769302,22.470588235294116,17.705882352941178,33.11764705882353,0.271956909497693,0,0.0
1039,0.3,0.05,roulette,scattered,scramble,22.945882352941176,3.2201468997101417,22.647058823529413,17.647058823529413,31.88235294117647,0.3220146899710142,0,0.0
1040,0.6,0.02,stochunif,scattered,swap,22.948235294117648,2.718296460492992,22.61764705882353,17.705882352941178,31.058823529411764,0.27182964604929916,0,0.0
1041,0.7,0.1,stochunif,twopoint,block,22.951176470588234,2.5097211299847335,22.529411764705884,18.176470588235293,32.76470588235294,0.25097211299847333,0,0.0
1042,0.7,0.02,roulette,scattered,block,22.953529411764706,2.6622892534554445,22.470588235294116,18.11764705882353,30.11764705882353,0.26622892534554443,0,0.0
1043,0.9,0.1,tournament,twopoint,scramble,22.95647058823529,2.947178901777337,22.558823529411768,17.647058823529413,35.35294117647059,0.2947178901777337,0,0.0
1044,0.5,0.1,stochunif,singlepoint,block,22.961764705882352,2.3065748744843577,22.823529411764707,18.235294117647058,29.705882352941178,0.23065748744843578,0,0.0
1045,0.9,0.2,roulette,twopoint,swap,22.961764705882352,2.4925231593098434,22.764705882352942,17.823529411764707,29.294117647058822,0.24925231593098435,0,0.0
1046,0.5,0.05,roulette,scattered,block,22.965882352941176,2.5858328935802044,23.058823529411764,17.705882352941178,28.294117647058822,0.25858328935802044,0,0.0
1047,0.9,0.2,tournament,singlepoint,scramble,22.970588235294116,2.7736420227298084,22.705882352941178,17.41176470588235,29.529411764705884,0.27736420227298086,1,1.0
1048,0.3,0.05,stochunif,scattered,swap,22.985294117647058,2.539711167839715,22.705882352941178,17.705882352941178,30.823529411764707,0.2539711167839715,0,0.0
1049,0.8,0.1,tournament,twopoint,swap,22.994117647058825,2.484054914366356,23.11764705882353,18.58823529411765,28.88235294117647,0.2484054914366356,0,0.0
1050,0.6,0.01,stochunif,scattered,scramble,23.003529411764706,2.8502133346937777,22.705882352941178,17.647058823529413,30.235294117647058,0.28502133346937775,0,0.0
1051,0.3,0.05,roulette,scattered,swap,23.00470588235294,2.3278772020896645,22.647058823529413,18.941176470588236,27.764705882352942,0.23278772020896646,0,0.0
1052,0.6,0.1,roulette,singlepoint,scramble,23.01,2.6672571302876453,22.58823529411765,17.823529411764707,29.235294117647058,0.2667257130287645,0,0.0
1053,0.5,0.1,tournament,singlepoint,block,23.019411764705882,2.6137811184845887,22.647058823529413,17.823529411764707,29.647058823529413,0.2613781118484589,0,0.0
1054,0.8,0.1,roulette,singlepoint,scramble,23.029411764705884,2.5799372733221686,22.941176470588236,18.235294117647058,30.529411764705884,0.25799372733221687,0,0.0
1055,0.4,0.05,tournament,scattered,scramble,23.03,3.0413194374924837,22.294117647058822,17.764705882352942,32.1764705882353,0.30413194374924835,0,0.0
1056,0.8,0.1,roulette,twopoint,scramble,23.03705882352941,3.0448014336173608,22.558823529411768,17.764705882352942,33.1764705882353,0.30448014336173607,0,0.0
1057,0.7,0.1,tournament,singlepoint,swap,23.064117647058826,2.7502256032726797,22.852941176470587,17.705882352941178,31.058823529411764,0.27502256032726796,0,0.0
1058,0.6,0.1,stochunif,singlepoint,block,23.065882352941177,2.441676172467245,22.88235294117647,17.647058823529413,31.647058823529413,0.2441676172467245,0,0.0
1059,0.8,0.1,roulette,twopoint,swap,23.065882352941177,2.7649306491357204,22.764705882352942,18.11764705882353,30.176470588235293,0.27649306491357206,0,0.0
1060,0.6,0.1,roulette,singlepoint,swap,23.081176470588233,2.3651167452268194,23.058823529411764,17.470588235294116,34.705882352941174,0.23651167452268193,0,0.0
1061,0.8,0.1,tournament,singlepoint,swap,23.08294117647059,2.5073809466238037,22.941176470588236,18.294117647058822,31.529411764705884,0.2507380946623804,0,0.0
1062,0.7,0.1,roulette,singlepoint,scramble,23.08705882352941,2.8424730922573236,22.61764705882353,17.647058823529413,32.294117647058826,0.2842473092257324,0,0.0
1063,0.6,0.01,roulette,scattered,scramble,23.09294117647059,2.838371813020575,22.735294117647058,17.764705882352942,30.941176470588236,0.2838371813020575,0,0.0
1064,0.7,0.1,tournament,singlepoint,block,23.093529411764706,2.6446756949197283,23.0,17.823529411764707,32.11764705882353,0.2644675694919728,0,0.0
1065,0.4,0.1,tournament,singlepoint,block,23.09470588235294,2.523108328083672,22.705882352941178,17.647058823529413,31.235294117647058,0.2523108328083672,0,0.0
1066,0.9,0.01,roulette,twopoint,uniform,23.095294117647057,2.581105883337666,23.029411764705884,18.176470588235293,29.529411764705884,0.2581105883337666,0,0.0
1067,0.3,0.1,stochunif,twopoint,block,23.097647058823533,2.5795134740254198,22.941176470588236,18.0,31.058823529411764,0.257951347402542,0,0.0
1068,0.5,0.1,roulette,singlepoint,scramble,23.117647058823533,2.6904413601718136,23.0,17.647058823529413,29.647058823529413,0.26904413601718136,0,0.0
1069,0.8,0.05,stochunif,twopoint,scramble,23.124117647058824,2.78004109673367,22.794117647058826,18.235294117647058,33.05882352941177,0.27800410967336703,0,0.0
1070,0.3,0.1,stochunif,singlepoint,block,23.12529411764706,2.590754661588509,22.529411764705884,18.058823529411764,30.41176470588235,0.2590754661588509,0,0.0
1071,0.4,0.02,stochunif,scattered,scramble,23.12764705882353,3.173421822041007,22.61764705882353,18.58823529411765,34.411764705882355,0.3173421822041007,0,0.0
1072,0.3,0.1,tournament,twopoint,block,23.129411764705882,2.758371271652874,22.764705882352942,17.647058823529413,32.11764705882353,0.2758371271652874,0,0.0
1073,0.7,0.01,roulette,scattered,scramble,23.13294117647059,2.9075152796734143,22.705882352941178,18.11764705882353,35.0,0.29075152796734144,0,0.0
1074,0.6,0.1,tournament,singlepoint,scramble,23.140588235294118,2.7702804067202984,22.794117647058826,17.705882352941178,30.176470588235293,0.27702804067202985,0,0.0
1075,0.6,0.1,tournament,twopoint,scramble,23.14294117647059,2.874894919157441,22.5,17.705882352941178,32.470588235294116,0.28748949191574413,0,0.0
1076,0.5,0.1,roulette,twopoint,block,23.145882352941175,2.7839305804517958,22.823529411764707,17.705882352941178,30.705882352941178,0.27839305804517955,0,0.0
1077,0.6,0.1,tournament,singlepoint,block,23.146470588235292,2.525415115523502,23.088235294117645,18.176470588235293,32.411764705882355,0.2525415115523502,0,0.0
1078,0.4,0.1,stochunif,singlepoint,block,23.15176470588235,2.5050810621390838,22.88235294117647,18.58823529411765,29.58823529411765,0.2505081062139084,0,0.0
1079,0.9,0.2,tournament,singlepoint,block,23.16,2.5896809013213624,23.205882352941174,18.470588235294116,31.58823529411765,0.25896809013213623,0,0.0
1080,0.9,0.01,stochunif,singlepoint,uniform,23.167647058823533,2.523031860613141,23.11764705882353,17.705882352941178,28.235294117647058,0.25230318606131413,0,0.0
1081,0.3,0.1,stochunif,twopoint,scramble,23.173529411764708,2.5977297767492447,23.147058823529413,18.235294117647058,32.05882352941177,0.25977297767492447,0,0.0
1082,0.4,0.1,tournament,twopoint,block,23.194117647058825,2.4347268564689406,23.38235294117647,17.705882352941178,30.529411764705884,0.24347268564689406,0,0.0
1083,0.9,0.2,roulette,twopoint,block,23.194117647058825,2.858107982212253,22.970588235294116,17.647058823529413,31.352941176470587,0.2858107982212253,0,0.0
1084,0.3,0.1,roulette,twopoint,scramble,23.195882352941176,3.0423370205900273,22.470588235294116,17.705882352941178,32.05882352941177,0.30423370205900274,0,0.0
1085,0.4,0.1,roulette,singlepoint,block,23.201176470588234,2.478317141256156,22.88235294117647,18.294117647058822,30.823529411764707,0.2478317141256156,0,0.0
1086,0.5,0.02,stochunif,scattered,swap,23.20823529411765,2.803384514090714,22.823529411764707,18.705882352941178,31.88235294117647,0.2803384514090714,0,0.0
1087,0.4,0.1,roulette,twopoint,block,23.224705882352943,2.2684685274426677,22.911764705882355,17.647058823529413,28.941176470588236,0.22684685274426677,0,0.0
1088,0.9,0.2,stochunif,singlepoint,block,23.226470588235294,2.796055868386661,22.823529411764707,17.764705882352942,32.705882352941174,0.2796055868386661,0,0.0
1089,0.7,0.1,tournament,singlepoint,scramble,23.235294117647058,2.6302031506083985,23.41176470588235,17.647058823529413,31.352941176470587,0.26302031506083984,0,0.0
1090,0.7,0.1,stochunif,singlepoint,block,23.238235294117647,2.4070338220782097,23.176470588235293,17.647058823529413,29.764705882352942,0.24070338220782098,0,0.0
1091,0.8,0.1,stochunif,twopoint,block,23.24705882352941,2.721569654846287,22.676470588235297,18.352941176470587,31.352941176470587,0.2721569654846287,0,0.0
1092,0.3,0.1,tournament,singlepoint,swap,23.26529411764706,2.772847961958807,22.970588235294116,17.823529411764707,31.0,0.2772847961958807,0,0.0
1093,0.8,0.1,stochunif,singlepoint,swap,23.266470588235293,2.2727489496012834,23.088235294117645,18.470588235294116,29.705882352941178,0.22727489496012834,0,0.0
1094,0.9,0.1,tournament,twopoint,swap,23.29705882352941,2.703703364561522,23.352941176470587,17.647058823529413,30.58823529411765,0.27037033645615216,0,0.0
1095,0.5,0.05,stochunif,twopoint,scramble,23.305882352941175,3.0335811146374465,23.0,17.705882352941178,33.8235294117647,0.30335811146374464,0,0.0
1096,0.9,0.2,tournament,twopoint,block,23.30705882352941,2.766160348631662,23.205882352941174,18.11764705882353,33.0,0.2766160348631662,0,0.0
1097,0.3,0.05,stochunif,scattered,block,23.30764705882353,2.7798394292576227,23.470588235294116,19.0,30.58823529411765,0.2779839429257623,0,0.0
1098,0.4,0.05,roulette,scattered,block,23.34176470588235,3.032955371691604,23.058823529411764,17.705882352941178,32.23529411764706,0.3032955371691604,0,0.0
1099,0.8,0.1,tournament,twopoint,block,23.34235294117647,2.7308054200061416,23.441176470588232,18.176470588235293,31.058823529411764,0.27308054200061416,0,0.0
1100,0.4,0.1,roulette,singlepoint,scramble,23.349411764705884,2.9179573081745938,23.205882352941174,18.294117647058822,32.35294117647059,0.29179573081745935,0,0.0
1101,0.9,0.1,stochunif,twopoint,swap,23.35529411764706,2.5508689301424736,23.147058823529413,17.647058823529413,32.05882352941177,0.25508689301424736,0,0.0
1102,0.7,0.05,tournament,twopoint,scramble,23.361176470588234,2.8774683045997382,23.294117647058822,17.647058823529413,29.352941176470587,0.28774683045997385,0,0.0
1103,0.7,0.01,roulette,scattered,block,23.369411764705884,2.8452457606571744,23.41176470588235,17.823529411764707,35.35294117647059,0.28452457606571746,0,0.0
1104,0.4,0.2,tournament,singlepoint,scramble,23.373529411764707,2.835959653448715,23.058823529411764,17.823529411764707,31.294117647058822,0.2835959653448715,0,0.0
1105,0.6,0.1,roulette,twopoint,block,23.382352941176467,2.653072985647016,23.058823529411764,17.647058823529413,30.470588235294116,0.2653072985647016,0,0.0
1106,0.5,0.1,roulette,singlepoint,block,23.39941176470588,3.2569232711818383,23.264705882352942,17.41176470588235,34.11764705882353,0.32569232711818386,1,1.0
1107,0.3,0.1,roulette,twopoint,block,23.401176470588233,2.850244727285272,23.470588235294116,18.058823529411764,30.823529411764707,0.2850244727285272,0,0.0
1108,0.7,0.05,tournament,twopoint,swap,23.433529411764706,2.615540287277715,23.38235294117647,18.764705882352942,33.0,0.2615540287277715,0,0.0
1109,0.9,0.1,stochunif,singlepoint,scramble,23.435294117647057,2.7860329607119563,22.823529411764707,19.0,32.76470588235294,0.2786032960711956,0,0.0
1110,0.3,0.05,tournament,scattered,scramble,23.43647058823529,2.810727812452242,23.264705882352942,17.647058823529413,31.705882352941178,0.28107278124522417,0,0.0
1111,0.8,0.05,tournament,twopoint,scramble,23.44235294117647,3.0241704539254832,23.323529411764703,17.705882352941178,32.76470588235294,0.3024170453925483,0,0.0
1112,0.3,0.1,roulette,singlepoint,block,23.44529411764706,2.4523740066511324,23.264705882352942,18.235294117647058,30.823529411764707,0.24523740066511324,0,0.0
1113,0.8,0.1,roulette,singlepoint,swap,23.452352941176468,2.320915367333088,23.029411764705884,18.647058823529413,30.647058823529413,0.2320915367333088,0,0.0
1114,0.8,0.1,tournament,singlepoint,scramble,23.48470588235294,2.779666730423248,23.441176470588232,18.11764705882353,31.352941176470587,0.2779666730423248,0,0.0
1115,0.4,0.02,tournament,scattered,scramble,23.49705882352941,2.7907632239710702,23.352941176470587,17.823529411764707,34.23529411764706,0.279076322397107,0,0.0
1116,0.5,0.02,tournament,scattered,block,23.531176470588235,2.6143614007126206,23.529411764705884,18.529411764705884,30.0,0.26143614007126204,0,0.0
1117,0.4,0.1,tournament,twopoint,scramble,23.534117647058824,2.8015294633899663,23.41176470588235,18.294117647058822,32.705882352941174,0.2801529463389966,0,0.0
1118,0.7,0.05,stochunif,singlepoint,scramble,23.538823529411765,2.7816728205169343,23.323529411764703,17.647058823529413,31.58823529411765,0.27816728205169344,0,0.0
1119,0.3,0.05,tournament,scattered,block,23.55470588235294,2.936660287895009,23.205882352941174,17.41176470588235,33.470588235294116,0.2936660287895009,1,1.0
1120,0.5,0.05,stochunif,twopoint,swap,23.560588235294116,2.566503251423754,23.676470588235297,18.705882352941178,29.11764705882353,0.2566503251423754,0,0.0
1121,0.3,0.02,stochunif,scattered,scramble,23.56823529411765,2.8076053733766315,23.41176470588235,17.764705882352942,31.470588235294116,0.28076053733766315,0,0.0
1122,0.7,0.05,stochunif,twopoint,swap,23.578823529411764,2.621760939114342,23.264705882352942,17.705882352941178,29.529411764705884,0.2621760939114342,0,0.0
1123,0.5,0.02,stochunif,scattered,block,23.584705882352942,2.875959295350354,23.11764705882353,17.764705882352942,31.823529411764707,0.2875959295350354,0,0.0
1124,0.4,0.02,tournament,scattered,swap,23.590588235294117,2.7770098270877717,23.558823529411764,17.470588235294116,34.470588235294116,0.2777009827087772,0,0.0
1125,0.8,0.1,tournament,singlepoint,block,23.59294117647059,2.715690199936672,23.176470588235293,18.294117647058822,31.058823529411764,0.2715690199936672,0,0.0
1126,0.7,0.05,stochunif,twopoint,scramble,23.595882352941175,3.1516121457315744,23.323529411764703,17.705882352941178,33.411764705882355,0.31516121457315743,0,0.0
1127,0.9,0.1,tournament,twopoint,block,23.59647058823529,3.0932861392848556,23.5,17.647058823529413,33.05882352941177,0.30932861392848554,0,0.0
1128,0.8,0.05,tournament,twopoint,swap,23.598823529411767,3.005422848020535,23.205882352941174,17.705882352941178,30.764705882352942,0.30054228480205347,0,0.0
1129,0.6,0.05,stochunif,twopoint,swap,23.6,2.693440615281495,23.441176470588232,17.823529411764707,30.176470588235293,0.2693440615281495,0,0.0
1130,0.7,0.1,roulette,singlepoint,block,23.61705882352941,2.7165499890996037,23.441176470588232,17.764705882352942,32.588235294117645,0.27165499890996037,0,0.0
1131,0.5,0.01,stochunif,scattered,scramble,23.625882352941176,3.07099730236984,23.205882352941174,17.647058823529413,31.58823529411765,0.307099730236984,0,0.0
1132,0.7,0.1,roulette,twopoint,block,23.63176470588235,2.8301766179747205,23.58823529411765,17.647058823529413,31.352941176470587,0.28301766179747206,0,0.0
1133,0.5,0.01,tournament,scattered,swap,23.636470588235294,3.035244141877863,23.088235294117645,18.352941176470587,33.411764705882355,0.3035244141877863,0,0.0
1134,0.6,0.01,stochunif,scattered,swap,23.64235294117647,2.8243052014042527,23.352941176470587,18.58823529411765,30.58823529411765,0.28243052014042525,0,0.0
1135,0.9,0.1,tournament,singlepoint,scramble,23.643529411764707,2.755541884939273,23.235294117647058,18.11764705882353,31.352941176470587,0.2755541884939273,0,0.0
1136,0.4,0.05,stochunif,twopoint,scramble,23.645882352941175,2.980075271642455,23.41176470588235,17.647058823529413,34.76470588235294,0.2980075271642455,0,0.0
1137,0.9,0.05,tournament,twopoint,scramble,23.664117647058823,3.035139524037803,23.352941176470587,17.647058823529413,30.470588235294116,0.3035139524037803,0,0.0
1138,0.6,0.05,tournament,twopoint,swap,23.67764705882353,2.5861478104916342,23.941176470588236,17.647058823529413,28.823529411764707,0.2586147810491634,0,0.0
1139,0.4,0.05,stochunif,twopoint,swap,23.681176470588234,2.6266284928636674,23.676470588235297,18.58823529411765,30.11764705882353,0.26266284928636674,0,0.0
1140,0.4,0.02,roulette,scattered,scramble,23.681176470588234,2.9760168184330733,23.38235294117647,18.647058823529413,30.11764705882353,0.2976016818433073,0,0.0
1141,0.8,0.05,roulette,twopoint,scramble,23.689411764705884,3.382711546775599,23.176470588235293,18.176470588235293,32.705882352941174,0.3382711546775599,0,0.0
1142,0.5,0.01,tournament,scattered,scramble,23.701176470588234,3.2113648629466085,23.470588235294116,17.647058823529413,32.411764705882355,0.32113648629466085,0,0.0
1143,0.3,0.05,roulette,scattered,block,23.70176470588235,2.707073738597953,23.764705882352942,17.705882352941178,34.529411764705884,0.27070737385979526,0,0.0
1144,0.3,0.2,tournament,singlepoint,scramble,23.71,3.037694461448856,23.38235294117647,18.294117647058822,33.529411764705884,0.3037694461448856,0,0.0
1145,0.9,0.05,stochunif,twopoint,scramble,23.710588235294118,2.6142574540927965,23.911764705882355,17.764705882352942,31.88235294117647,0.26142574540927965,0,0.0
1146,0.9,0.02,tournament,twopoint,scramble,23.710588235294118,3.019928218761439,23.470588235294116,18.11764705882353,30.058823529411764,0.3019928218761439,0,0.0
1147,0.9,0.2,roulette,singlepoint,block,23.714117647058824,2.895932699444757,23.294117647058822,17.647058823529413,33.23529411764706,0.2895932699444757,0,0.0
1148,0.8,0.05,stochunif,singlepoint,scramble,23.73764705882353,2.6643906088291116,23.764705882352942,17.647058823529413,31.764705882352942,0.26643906088291114,0,0.0
1149,0.8,0.05,stochunif,twopoint,swap,23.74764705882353,2.7724168393737676,23.852941176470587,18.58823529411765,33.05882352941177,0.27724168393737675,0,0.0
1150,0.5,0.05,tournament,twopoint,swap,23.753529411764706,2.6944616121073084,23.852941176470587,18.058823529411764,30.470588235294116,0.26944616121073084,0,0.0
1151,0.3,0.1,stochunif,singlepoint,scramble,23.756470588235292,3.259065910319733,23.88235294117647,17.764705882352942,31.823529411764707,0.3259065910319733,0,0.0
1152,0.6,0.05,stochunif,twopoint,scramble,23.75823529411765,2.982676849702661,23.470588235294116,17.764705882352942,30.647058823529413,0.29826768497026607,0,0.0
1153,0.6,0.01,stochunif,scattered,block,23.761176470588236,2.7623195476162494,23.764705882352942,17.764705882352942,30.294117647058822,0.27623195476162493,0,0.0
1154,0.7,0.01,roulette,scattered,swap,23.784117647058824,2.928219290204718,23.147058823529413,18.529411764705884,32.0,0.29282192902047177,0,0.0
1155,0.9,0.1,roulette,twopoint,scramble,23.79529411764706,2.887683237553001,23.764705882352942,17.647058823529413,31.823529411764707,0.2887683237553001,0,0.0
1156,0.7,0.02,tournament,twopoint,scramble,23.796470588235294,3.0309117769597647,23.735294117647058,17.705882352941178,32.23529411764706,0.3030911776959765,0,0.0
1157,0.9,0.01,roulette,singlepoint,frequency,23.804117647058824,2.924624309738935,23.61764705882353,18.470588235294116,31.58823529411765,0.2924624309738935,0,0.0
1158,0.8,0.05,tournament,singlepoint,scramble,23.811176470588233,3.043821419591564,23.470588235294116,17.823529411764707,31.88235294117647,0.3043821419591564,0,0.0
1159,0.3,0.05,roulette,twopoint,swap,23.82764705882353,2.632185786226288,23.61764705882353,18.647058823529413,30.823529411764707,0.26321857862262876,0,0.0
1160,0.8,0.02,stochunif,twopoint,scramble,23.828235294117647,2.7886120822152853,23.058823529411764,19.647058823529413,31.764705882352942,0.27886120822152854,0,0.0
1161,0.5,0.02,roulette,scattered,swap,23.84647058823529,2.8796766286481668,23.794117647058826,18.058823529411764,30.705882352941178,0.2879676628648167,0,0.0
1162,0.9,0.05,stochunif,twopoint,swap,23.84705882352941,2.64278389868937,23.852941176470587,17.88235294117647,30.705882352941178,0.26427838986893704,0,0.0
1163,0.6,0.05,roulette,twopoint,scramble,23.851176470588236,3.25374692260855,23.735294117647058,17.823529411764707,33.11764705882353,0.325374692260855,0,0.0
1164,0.5,0.1,tournament,singlepoint,scramble,23.869411764705884,3.0896746214393,23.323529411764703,17.764705882352942,32.588235294117645,0.30896746214393,0,0.0
1165,0.9,0.05,tournament,twopoint,block,23.871764705882352,2.7521856553753627,23.705882352941178,17.647058823529413,30.176470588235293,0.27521856553753626,0,0.0
1166,0.8,0.1,roulette,twopoint,block,23.875882352941176,2.9404740099933258,24.0,17.88235294117647,32.1764705882353,0.2940474009993326,0,0.0
1167,0.4,0.1,tournament,singlepoint,scramble,23.88352941176471,3.119143129194834,23.941176470588236,17.705882352941178,31.529411764705884,0.3119143129194834,0,0.0
1168,0.6,0.1,roulette,singlepoint,block,23.88529411764706,2.8651416603936424,23.558823529411764,18.11764705882353,33.76470588235294,0.28651416603936425,0,0.0
1169,0.4,0.05,tournament,twopoint,swap,23.888823529411766,2.9604230044799085,23.529411764705884,17.647058823529413,35.0,0.29604230044799085,0,0.0
1170,0.9,0.1,stochunif,twopoint,block,23.89235294117647,2.6058126066187057,23.941176470588236,18.58823529411765,33.76470588235294,0.2605812606618706,0,0.0
1171,0.9,0.2,roulette,singlepoint,swap,23.895294117647058,2.5714028902019845,23.941176470588236,17.823529411764707,31.294117647058822,0.2571402890201985,0,0.0
1172,0.9,0.05,tournament,twopoint,swap,23.898823529411764,3.0404296350800935,23.647058823529413,17.647058823529413,33.705882352941174,0.30404296350800936,0,0.0
1173,0.9,0.1,tournament,singlepoint,swap,23.910588235294117,3.2083682654437444,23.38235294117647,18.941176470588236,33.76470588235294,0.32083682654437445,0,0.0
1174,0.8,0.1,stochunif,singlepoint,block,23.914117647058823,2.668074232690324,23.676470588235297,17.823529411764707,30.647058823529413,0.2668074232690324,0,0.0
1175,0.9,0.01,roulette,singlepoint,uniform,23.91705882352941,3.1472556177051145,23.294117647058822,17.764705882352942,33.64705882352941,0.3147255617705115,0,0.0
1176,0.6,0.02,roulette,scattered,block,23.931176470588234,2.970196170217371,23.676470588235297,18.058823529411764,36.64705882352941,0.29701961702173707,0,0.0
1177,0.5,0.05,roulette,twopoint,scramble,23.966470588235293,3.0347935743187486,24.029411764705884,18.176470588235293,33.11764705882353,0.3034793574318749,0,0.0
1178,0.5,0.05,stochunif,singlepoint,swap,23.977647058823532,2.6426487327358483,23.794117647058826,18.58823529411765,32.76470588235294,0.26426487327358483,0,0.0
1179,0.9,0.1,tournament,singlepoint,block,23.991176470588233,2.8625299042504295,23.529411764705884,18.764705882352942,33.294117647058826,0.28625299042504293,0,0.0
1180,0.7,0.05,tournament,twopoint,block,23.994705882352942,2.824458836433909,23.558823529411768,18.647058823529413,32.05882352941177,0.2824458836433909,0,0.0
1181,0.5,0.05,roulette,twopoint,swap,24.006470588235292,2.611303977284229,23.794117647058826,18.11764705882353,29.529411764705884,0.2611303977284229,0,0.0
1182,0.3,0.05,tournament,twopoint,swap,24.01529411764706,2.886401657665963,24.058823529411764,17.764705882352942,32.1764705882353,0.2886401657665963,0,0.0
1183,0.6,0.05,stochunif,singlepoint,scramble,24.023529411764706,2.709961017086948,23.5,18.294117647058822,32.470588235294116,0.2709961017086948,0,0.0
1184,0.6,0.01,roulette,scattered,block,24.02647058823529,2.6512658850163677,24.029411764705884,18.529411764705884,30.235294117647058,0.2651265885016368,0,0.0
1185,0.6,0.05,stochunif,twopoint,block,24.02705882352941,2.8285682410651347,24.058823529411764,18.647058823529413,32.8235294117647,0.28285682410651347,0,0.0
1186,0.4,0.02,tournament,scattered,block,24.07,3.1261020006551097,23.794117647058826,18.176470588235293,32.588235294117645,0.312610200065511,0,0.0
1187,0.5,0.05,stochunif,singlepoint,scramble,24.070588235294117,3.0177089661107575,23.441176470588232,18.705882352941178,32.88235294117647,0.30177089661107576,0,0.0
1188,0.8,0.05,stochunif,twopoint,block,24.08176470588235,2.852285913809528,23.911764705882355,18.294117647058822,32.588235294117645,0.2852285913809528,0,0.0
1189,0.9,0.05,roulette,twopoint,scramble,24.08764705882353,2.9024845964598556,23.911764705882355,18.352941176470587,31.0,0.29024845964598556,0,0.0
1190,0.3,0.1,roulette,singlepoint,scramble,24.091176470588234,2.91992769958221,24.205882352941174,17.823529411764707,31.88235294117647,0.291992769958221,0,0.0
1191,0.4,0.02,stochunif,scattered,swap,24.097647058823533,3.0779058783748323,23.764705882352942,18.58823529411765,32.529411764705884,0.30779058783748325,0,0.0
1192,0.5,0.02,roulette,scattered,block,24.119411764705884,2.7633396328341453,23.735294117647058,17.764705882352942,34.0,0.27633396328341453,0,0.0
1193,0.6,0.05,roulette,twopoint,swap,24.123529411764707,3.047450175259572,23.941176470588236,18.470588235294116,34.0,0.30474501752595723,0,0.0
1194,0.9,0.1,stochunif,singlepoint,swap,24.128235294117648,2.6162581185613223,23.911764705882355,17.647058823529413,32.0,0.2616258118561322,0,0.0
1195,0.9,0.1,roulette,singlepoint,scramble,24.138823529411766,2.937686818684919,23.911764705882355,18.647058823529413,30.58823529411765,0.2937686818684919,0,0.0
1196,0.5,0.05,tournament,twopoint,scramble,24.140588235294118,3.036792720554328,24.352941176470587,17.647058823529413,31.294117647058822,0.30367927205543277,0,0.0
1197,0.9,0.01,tournament,twopoint,block,24.145294117647058,3.0314656519843926,23.794117647058826,17.647058823529413,31.176470588235293,0.30314656519843924,0,0.0
1198,0.3,0.02,roulette,scattered,scramble,24.14705882352941,2.93672271225939,23.852941176470587,17.764705882352942,31.88235294117647,0.29367227122593903,0,0.0
1199,0.4,0.05,tournament,singlepoint,swap,24.18470588235294,2.6881412252712646,23.88235294117647,19.11764705882353,31.058823529411764,0.26881412252712644,0,0.0
1200,0.3,0.1,tournament,twopoint,scramble,24.19,3.2158259936604496,23.823529411764707,17.764705882352942,32.0,0.32158259936604494,0,0.0
1201,0.9,0.01,tournament,twopoint,scramble,24.191176470588236,3.135230797575614,23.970588235294116,18.11764705882353,31.176470588235293,0.3135230797575614,0,0.0
1202,0.9,0.1,roulette,twopoint,swap,24.19470588235294,2.7133727605037317,24.235294117647058,18.941176470588236,30.176470588235293,0.27133727605037317,0,0.0
1203,0.8,0.02,tournament,twopoint,scramble,24.198235294117648,3.145917796714434,24.088235294117645,18.647058823529413,33.05882352941177,0.31459177967144336,0,0.0
1204,0.6,0.01,roulette,scattered,swap,24.20176470588235,2.749465013845535,23.911764705882355,18.352941176470587,31.294117647058822,0.2749465013845535,0,0.0
1205,0.9,0.05,tournament,singlepoint,block,24.204117647058823,2.963367915746432,24.205882352941174,18.58823529411765,30.529411764705884,0.2963367915746432,0,0.0
1206,0.6,0.05,roulette,singlepoint,scramble,24.211764705882352,2.7670752542953783,24.147058823529413,18.764705882352942,31.941176470588236,0.2767075254295378,0,0.0
1207,0.9,0.02,tournament,twopoint,block,24.21941176470588,2.9373933483004184,24.058823529411764,17.705882352941178,31.058823529411764,0.29373933483004183,0,0.0
1208,0.6,0.05,stochunif,singlepoint,swap,24.236470588235292,2.7275089665022447,23.852941176470587,17.823529411764707,31.294117647058822,0.27275089665022445,0,0.0
1209,0.9,0.05,tournament,singlepoint,scramble,24.24176470588235,2.9228531433106846,24.205882352941174,18.58823529411765,32.64705882352941,0.29228531433106847,0,0.0
1210,0.5,0.01,tournament,scattered,block,24.24529411764706,3.1522375634944564,23.88235294117647,18.647058823529413,36.294117647058826,0.31522375634944566,0,0.0
1211,0.9,0.1,stochunif,singlepoint,block,24.246470588235294,2.826210538791605,24.0,17.705882352941178,32.411764705882355,0.28262105387916053,0,0.0
1212,0.7,0.05,tournament,singlepoint,swap,24.24705882352941,2.7414924117728874,23.735294117647058,19.11764705882353,32.8235294117647,0.2741492411772887,0,0.0
1213,0.9,0.01,tournament,twopoint,swap,24.24705882352941,2.9444070196245553,24.294117647058822,18.11764705882353,31.058823529411764,0.29444070196245553,0,0.0
1214,0.3,0.05,stochunif,twopoint,swap,24.25470588235294,3.043382285649439,23.970588235294116,17.764705882352942,33.05882352941177,0.3043382285649439,0,0.0
1215,0.9,0.05,stochunif,twopoint,block,24.278823529411767,2.645858577825885,23.941176470588236,18.235294117647058,31.0,0.2645858577825885,0,0.0
1216,0.5,0.01,stochunif,scattered,swap,24.29,3.282641232172512,23.705882352941178,18.470588235294116,33.64705882352941,0.3282641232172512,0,0.0
1217,0.6,0.05,tournament,singlepoint,scramble,24.29176470588235,2.692998337826105,24.470588235294116,18.470588235294116,32.88235294117647,0.2692998337826105,0,0.0
1218,0.4,0.05,roulette,twopoint,swap,24.306470588235292,3.1540581091128317,24.176470588235293,18.176470588235293,33.0,0.31540581091128317,0,0.0
1219,0.4,0.05,stochunif,singlepoint,swap,24.308235294117647,2.7783713042465368,24.11764705882353,19.294117647058822,32.411764705882355,0.2778371304246537,0,0.0
1220,0.8,0.05,roulette,twopoint,swap,24.315882352941177,3.092242314549966,24.470588235294116,18.823529411764707,33.88235294117647,0.30922423145499656,0,0.0
1221,0.7,0.05,tournament,singlepoint,scramble,24.31823529411765,3.014500101667739,24.088235294117645,18.235294117647058,33.35294117647059,0.3014500101667739,0,0.0
1222,0.3,0.05,stochunif,twopoint,scramble,24.347647058823533,3.1655154830992167,23.88235294117647,17.705882352941178,35.64705882352941,0.31655154830992166,0,0.0
1223,0.9,0.05,stochunif,singlepoint,scramble,24.354705882352942,2.6093699710601546,24.41176470588235,19.176470588235293,30.235294117647058,0.2609369971060155,0,0.0
1224,0.4,0.01,stochunif,scattered,scramble,24.35529411764706,3.1053515994408314,24.147058823529413,18.647058823529413,33.76470588235294,0.31053515994408315,0,0.0
1225,0.7,0.05,tournament,singlepoint,block,24.373529411764707,3.188588217953083,24.5,17.823529411764707,32.94117647058823,0.3188588217953083,0,0.0
1226,0.4,0.05,roulette,twopoint,scramble,24.37764705882353,3.166752811971531,24.588235294117645,17.647058823529413,32.0,0.3166752811971531,0,0.0
1227,0.7,0.05,stochunif,singlepoint,swap,24.38,2.7825484600153367,24.147058823529413,18.11764705882353,31.823529411764707,0.27825484600153366,0,0.0
1228,0.3,0.05,tournament,singlepoint,swap,24.404117647058825,2.9199549910995515,24.58823529411765,17.705882352941178,33.411764705882355,0.29199549910995515,0,0.0
1229,0.8,0.01,tournament,twopoint,scramble,24.41294117647059,3.509918240701893,24.235294117647058,17.647058823529413,35.0,0.3509918240701893,0,0.0
1230,0.8,0.05,tournament,twopoint,block,24.434117647058823,3.167796744323177,24.058823529411764,17.705882352941178,32.470588235294116,0.3167796744323177,0,0.0
1231,0.8,0.02,tournament,twopoint,swap,24.44529411764706,3.178750254792354,24.5,17.647058823529413,33.294117647058826,0.3178750254792354,0,0.0
1232,0.4,0.05,tournament,singlepoint,scramble,24.448823529411765,3.057356645849647,23.911764705882355,19.11764705882353,32.11764705882353,0.3057356645849647,0,0.0
1233,0.5,0.01,stochunif,scattered,block,24.455294117647057,3.1248822423725438,24.41176470588235,18.058823529411764,32.0,0.31248822423725436,0,0.0
1234,0.6,0.05,tournament,twopoint,block,24.46529411764706,2.8659066736077374,24.470588235294116,18.235294117647058,33.529411764705884,0.28659066736077377,0,0.0
1235,0.3,0.1,tournament,singlepoint,scramble,24.486470588235292,2.897728462109146,24.676470588235297,18.470588235294116,32.470588235294116,0.2897728462109146,0,0.0
1236,0.8,0.01,stochunif,twopoint,scramble,24.495882352941177,2.854556390810869,24.294117647058822,18.235294117647058,31.41176470588235,0.2854556390810869,0,0.0
1237,0.9,0.02,tournament,twopoint,swap,24.49823529411765,3.1284910457169226,24.323529411764703,18.11764705882353,33.23529411764706,0.31284910457169224,0,0.0
1238,0.8,0.1,roulette,singlepoint,block,24.508823529411767,2.6902903352627416,24.794117647058826,17.88235294117647,30.88235294117647,0.26902903352627416,0,0.0
1239,0.3,0.05,stochunif,singlepoint,swap,24.514117647058825,2.736319296252159,24.558823529411768,17.647058823529413,31.0,0.27363192962521593,0,0.0
1240,0.4,0.02,stochunif,scattered,block,24.51529411764706,3.1914888911198074,24.235294117647058,18.647058823529413,35.470588235294116,0.31914888911198075,0,0.0
1241,0.5,0.05,tournament,twopoint,block,24.52,3.388777849872669,24.205882352941174,18.058823529411764,33.76470588235294,0.3388777849872669,0,0.0
1242,0.7,0.02,tournament,twopoint,swap,24.520588235294117,3.032018100167405,24.352941176470587,18.41176470588235,35.529411764705884,0.3032018100167405,0,0.0
1243,0.7,0.05,roulette,twopoint,scramble,24.53470588235294,2.9877488597772066,24.61764705882353,17.647058823529413,32.0,0.2987748859777207,0,0.0
1244,0.5,0.05,roulette,singlepoint,scramble,24.54705882352941,3.2129732914607736,24.058823529411764,19.058823529411764,32.88235294117647,0.32129732914607734,0,0.0
1245,0.8,0.05,tournament,singlepoint,swap,24.553529411764707,3.0782564638027052,24.38235294117647,17.823529411764707,31.529411764705884,0.30782564638027055,0,0.0
1246,0.9,0.05,stochunif,singlepoint,block,24.55470588235294,2.7771399008961772,24.5,19.88235294117647,32.705882352941174,0.2777139900896177,0,0.0
1247,0.5,0.05,roulette,singlepoint,swap,24.55941176470588,2.5377303138676686,24.5,19.058823529411764,32.76470588235294,0.2537730313867669,0,0.0
1248,0.9,0.1,roulette,singlepoint,swap,24.56823529411765,3.014745025324481,24.764705882352942,17.88235294117647,32.11764705882353,0.3014745025324481,0,0.0
1249,0.4,0.02,roulette,scattered,swap,24.576470588235292,3.269697703388788,24.323529411764703,17.647058823529413,33.588235294117645,0.3269697703388788,0,0.0
1250,0.9,0.02,stochunif,twopoint,block,24.58,2.723059226972169,24.794117647058826,18.235294117647058,30.235294117647058,0.27230592269721693,0,0.0
1251,0.5,0.05,tournament,singlepoint,scramble,24.58,2.820866985978721,24.5,18.941176470588236,31.470588235294116,0.2820866985978721,0,0.0
1252,0.8,0.05,stochunif,singlepoint,swap,24.584117647058825,2.991421741148132,24.352941176470587,18.235294117647058,31.705882352941178,0.2991421741148132,0,0.0
1253,0.7,0.05,roulette,twopoint,swap,24.58705882352941,2.8081376377886156,24.470588235294116,18.705882352941178,34.705882352941174,0.2808137637788616,0,0.0
1254,0.5,0.05,tournament,singlepoint,block,24.595882352941175,3.1591886450543547,24.147058823529413,19.176470588235293,34.76470588235294,0.3159188645054355,0,0.0
1255,0.9,0.02,tournament,singlepoint,scramble,24.60058823529412,2.896177392144829,24.235294117647058,19.11764705882353,33.76470588235294,0.28961773921448286,0,0.0
1256,0.7,0.05,stochunif,twopoint,block,24.601764705882353,3.2857232721687843,24.264705882352942,18.235294117647058,32.470588235294116,0.32857232721687846,0,0.0
1257,0.4,0.01,tournament,scattered,scramble,24.608235294117648,3.3363331369126428,23.852941176470587,18.58823529411765,40.94117647058823,0.33363331369126425,0,0.0
1258,0.5,0.05,tournament,singlepoint,swap,24.626470588235293,3.2184824914974923,24.088235294117645,18.11764705882353,33.588235294117645,0.32184824914974924,0,0.0
1259,0.3,0.02,tournament,scattered,scramble,24.62705882352941,3.2367923933083245,24.029411764705884,19.235294117647058,31.470588235294116,0.3236792393308324,0,0.0
1260,0.9,0.1,roulette,twopoint,block,24.629411764705882,3.0505796399940417,24.676470588235297,19.58823529411765,32.76470588235294,0.30505796399940416,0,0.0
1261,0.6,0.05,tournament,twopoint,scramble,24.63352941176471,2.9755784256595157,24.441176470588232,19.11764705882353,35.411764705882355,0.2975578425659516,0,0.0
1262,0.9,0.02,stochunif,twopoint,scramble,24.634705882352943,2.771269373678971,24.38235294117647,18.235294117647058,31.705882352941178,0.2771269373678971,0,0.0
1263,0.8,0.05,tournament,singlepoint,block,24.64470588235294,2.684015079564187,24.5,18.235294117647058,33.0,0.2684015079564187,0,0.0
1264,0.8,0.05,roulette,singlepoint,scramble,24.64941176470588,3.257337748046904,24.647058823529413,18.529411764705884,32.23529411764706,0.3257337748046904,0,0.0
1265,0.7,0.02,stochunif,twopoint,swap,24.65764705882353,3.0767719223619436,24.352941176470587,18.823529411764707,35.64705882352941,0.3076771922361944,0,0.0
1266,0.3,0.05,roulette,twopoint,scramble,24.67,3.6132728169178536,24.352941176470587,17.705882352941178,34.88235294117647,0.36132728169178535,0,0.0
1267,0.9,0.01,tournament,singlepoint,block,24.67058823529412,3.0208113905838903,24.58823529411765,19.11764705882353,32.76470588235294,0.302081139058389,0,0.0
1268,0.9,0.02,stochunif,twopoint,swap,24.67294117647059,2.8013752570633446,24.676470588235297,18.235294117647058,31.294117647058822,0.28013752570633443,0,0.0
1269,0.6,0.05,tournament,singlepoint,swap,24.684117647058823,2.92460757857498,24.764705882352942,18.294117647058822,32.35294117647059,0.292460757857498,0,0.0
1270,0.9,0.02,tournament,singlepoint,block,24.69235294117647,2.9881086779169537,24.38235294117647,18.764705882352942,32.76470588235294,0.29881086779169536,0,0.0
1271,0.9,0.02,tournament,singlepoint,swap,24.695882352941176,2.9806156098802483,24.176470588235293,19.11764705882353,32.76470588235294,0.29806156098802483,0,0.0
1272,0.4,0.01,tournament,scattered,swap,24.727647058823532,3.3685116052120527,24.088235294117645,18.176470588235293,39.94117647058823,0.3368511605212053,0,0.0
1273,0.4,0.05,stochunif,singlepoint,scramble,24.734117647058824,3.1223742455082673,24.38235294117647,18.294117647058822,34.529411764705884,0.3122374245508267,0,0.0
1274,0.9,0.01,tournament,singlepoint,scramble,24.73941176470588,2.759134663012524,24.941176470588236,19.11764705882353,32.294117647058826,0.2759134663012524,0,0.0
1275,0.7,0.02,stochunif,twopoint,scramble,24.746470588235294,2.9451274116704527,24.352941176470587,18.823529411764707,31.235294117647058,0.2945127411670453,0,0.0
1276,0.5,0.01,roulette,scattered,swap,24.76058823529412,3.2912118475624803,24.647058823529413,18.235294117647058,33.35294117647059,0.329121184756248,0,0.0
1277,0.4,0.05,tournament,twopoint,scramble,24.772352941176468,3.3732811770040314,24.911764705882355,17.823529411764707,32.470588235294116,0.33732811770040316,0,0.0
1278,0.9,0.01,stochunif,twopoint,scramble,24.78705882352941,3.1276231379926136,24.676470588235297,18.235294117647058,33.76470588235294,0.31276231379926134,0,0.0
1279,0.4,0.05,roulette,singlepoint,swap,24.792352941176468,3.2024144080074577,24.41176470588235,18.764705882352942,34.88235294117647,0.3202414408007458,0,0.0
1280,0.4,0.01,roulette,scattered,scramble,24.79705882352941,2.880252851532841,25.029411764705884,19.11764705882353,35.588235294117645,0.2880252851532841,0,0.0
1281,0.5,0.01,roulette,scattered,scramble,24.801176470588235,3.2555008791161626,24.852941176470587,17.823529411764707,33.0,0.32555008791161627,0,0.0
1282,0.3,0.05,roulette,singlepoint,scramble,24.82294117647059,3.0832415273592004,24.764705882352942,18.529411764705884,35.294117647058826,0.30832415273592007,0,0.0
1283,0.9,0.01,stochunif,twopoint,block,24.83,2.9877816148466154,24.852941176470587,18.235294117647058,31.294117647058822,0.2987781614846615,0,0.0
1284,0.3,0.05,tournament,singlepoint,block,24.83529411764706,2.9633035757758854,24.441176470588232,17.823529411764707,31.647058823529413,0.2963303575775885,0,0.0
1285,0.3,0.05,stochunif,singlepoint,scramble,24.83529411764706,3.200127570768105,24.11764705882353,17.823529411764707,36.05882352941177,0.3200127570768105,0,0.0
1286,0.9,0.05,stochunif,singlepoint,swap,24.845882352941175,2.692788853613101,24.88235294117647,20.11764705882353,33.88235294117647,0.26927888536131006,0,0.0
1287,0.8,0.02,roulette,twopoint,scramble,24.845882352941175,3.3794728495896447,24.294117647058822,18.058823529411764,36.294117647058826,0.3379472849589645,0,0.0
1288,0.6,0.05,tournament,singlepoint,block,24.851764705882353,2.741944712932746,24.852941176470587,19.176470588235293,30.941176470588236,0.27419447129327457,0,0.0
1289,0.8,0.02,tournament,twopoint,block,24.86823529411765,3.6226554030773226,24.441176470588236,18.823529411764707,34.05882352941177,0.3622655403077323,0,0.0
1290,0.7,0.05,roulette,singlepoint,swap,24.87294117647059,2.8991015446468666,24.970588235294116,18.764705882352942,33.411764705882355,0.28991015446468665,0,0.0
1291,0.8,0.02,tournament,singlepoint,swap,24.878823529411765,3.093588942446203,24.61764705882353,17.705882352941178,34.11764705882353,0.30935889424462026,0,0.0
1292,0.4,0.02,roulette,scattered,block,24.884705882352943,2.984352374076606,24.558823529411764,20.11764705882353,33.8235294117647,0.2984352374076606,0,0.0
1293,0.9,0.1,roulette,singlepoint,block,24.887647058823532,2.928362997625717,24.61764705882353,18.647058823529413,32.588235294117645,0.2928362997625717,0,0.0
1294,0.8,0.02,stochunif,twopoint,swap,24.89941176470588,2.9985525966739517,24.58823529411765,17.823529411764707,33.470588235294116,0.2998552596673952,0,0.0
1295,0.3,0.02,tournament,scattered,swap,24.902352941176467,3.5833589495074296,24.323529411764703,19.176470588235293,39.411764705882355,0.358335894950743,0,0.0
1296,0.7,0.05,roulette,singlepoint,scramble,24.90294117647059,3.36193428639344,24.41176470588235,17.88235294117647,34.35294117647059,0.336193428639344,0,0.0
1297,0.4,0.05,tournament,twopoint,block,24.918823529411767,2.946670803920088,25.0,17.647058823529413,32.411764705882355,0.2946670803920088,0,0.0
1298,0.5,0.01,roulette,scattered,block,24.919411764705885,3.057390941550211,24.647058823529413,18.352941176470587,32.411764705882355,0.3057390941550211,0,0.0
1299,0.8,0.05,roulette,singlepoint,swap,24.930588235294117,3.276695930405327,24.676470588235297,18.058823529411764,35.11764705882353,0.3276695930405327,0,0.0
1300,0.5,0.05,stochunif,twopoint,block,24.937647058823533,3.096220274256726,24.61764705882353,19.0,33.1764705882353,0.3096220274256726,0,0.0
1301,0.6,0.05,roulette,singlepoint,swap,24.938823529411767,3.0055686785253055,24.38235294117647,18.941176470588236,32.294117647058826,0.30055686785253055,0,0.0
1302,0.4,0.05,stochunif,twopoint,block,24.94470588235294,2.9928651189714195,24.558823529411764,18.176470588235293,36.88235294117647,0.29928651189714195,0,0.0
1303,0.8,0.05,stochunif,singlepoint,block,24.95470588235294,3.3018843060653507,24.88235294117647,19.235294117647058,35.0,0.3301884306065351,0,0.0
1304,0.5,0.05,stochunif,singlepoint,block,24.967647058823527,2.57772639691887,24.58823529411765,18.176470588235293,32.23529411764706,0.257772639691887,0,0.0
1305,0.6,0.02,stochunif,twopoint,scramble,24.97,3.0351878893652704,25.088235294117645,18.764705882352942,34.05882352941177,0.30351878893652706,0,0.0
1306,0.8,0.01,tournament,twopoint,swap,24.984117647058824,3.1951854553405483,24.88235294117647,17.647058823529413,33.05882352941177,0.31951854553405484,0,0.0
1307,0.4,0.05,tournament,singlepoint,block,24.99823529411765,3.092477407859659,24.970588235294116,19.235294117647058,32.76470588235294,0.3092477407859659,0,0.0
1308,0.7,0.02,tournament,twopoint,block,25.00823529411765,2.9035624524439605,24.676470588235297,19.235294117647058,34.588235294117645,0.29035624524439607,0,0.0
1309,0.4,0.05,stochunif,singlepoint,block,25.00823529411765,3.0877558974879755,25.205882352941174,18.176470588235293,35.64705882352941,0.30877558974879754,0,0.0
1310,0.4,0.05,roulette,singlepoint,scramble,25.009411764705884,3.010818051610597,24.941176470588236,18.176470588235293,32.94117647058823,0.3010818051610597,0,0.0
1311,0.9,0.02,stochunif,singlepoint,scramble,25.031176470588235,3.090046493751031,24.823529411764707,18.176470588235293,34.705882352941174,0.3090046493751031,0,0.0
1312,0.9,0.05,tournament,singlepoint,swap,25.033529411764707,3.2805749864079625,24.735294117647058,18.235294117647058,32.35294117647059,0.32805749864079625,0,0.0
1313,0.8,0.02,stochunif,twopoint,block,25.047647058823532,3.0369400370056887,25.058823529411764,18.176470588235293,31.705882352941178,0.30369400370056887,0,0.0
1314,0.7,0.01,tournament,twopoint,swap,25.053529411764707,3.183901159139716,24.794117647058826,18.705882352941178,34.94117647058823,0.3183901159139716,0,0.0
1315,0.8,0.01,tournament,twopoint,block,25.053529411764707,3.4424531558227334,25.11764705882353,17.647058823529413,34.529411764705884,0.34424531558227334,0,0.0
1316,0.3,0.05,tournament,twopoint,block,25.075294117647058,3.1903821596198596,24.941176470588236,18.0,34.23529411764706,0.31903821596198595,0,0.0
1317,0.9,0.05,roulette,twopoint,block,25.078823529411764,3.1246764328659693,24.88235294117647,19.529411764705884,33.05882352941177,0.31246764328659693,0,0.0
1318,0.7,0.01,tournament,twopoint,scramble,25.078823529411764,3.1383823731614604,24.794117647058826,19.0,35.76470588235294,0.313838237316146,0,0.0
1319,0.9,0.05,roulette,twopoint,swap,25.085882352941177,3.414738597759414,24.647058823529413,18.529411764705884,33.8235294117647,0.34147385977594136,0,0.0
1320,0.4,0.01,tournament,scattered,block,25.09470588235294,3.0488077601203285,25.11764705882353,19.058823529411764,35.1764705882353,0.30488077601203284,0,0.0
1321,0.3,0.02,stochunif,scattered,swap,25.104705882352942,3.0581559214775993,24.823529411764707,19.294117647058822,34.35294117647059,0.30581559214775994,0,0.0
1322,0.6,0.05,roulette,singlepoint,block,25.112352941176468,2.426639850773694,25.058823529411764,19.705882352941178,31.941176470588236,0.2426639850773694,0,0.0
1323,0.7,0.05,roulette,twopoint,block,25.115882352941174,3.1767176572560896,24.823529411764707,18.823529411764707,34.11764705882353,0.31767176572560896,0,0.0
1324,0.4,0.05,roulette,singlepoint,block,25.119411764705884,2.888469567059836,24.911764705882355,20.0,36.05882352941177,0.2888469567059836,0,0.0
1325,0.3,0.05,roulette,singlepoint,swap,25.12,2.974510097680816,24.794117647058826,19.176470588235293,33.35294117647059,0.2974510097680816,0,0.0
1326,0.9,0.01,stochunif,twopoint,swap,25.12470588235294,2.9173878136027596,25.264705882352942,18.235294117647058,31.823529411764707,0.291738781360276,0,0.0
1327,0.9,0.01,tournament,singlepoint,swap,25.12705882352941,2.8076738414790676,25.147058823529413,19.11764705882353,32.76470588235294,0.28076738414790675,0,0.0
1328,0.4,0.01,roulette,scattered,swap,25.13176470588235,3.9364967205743913,24.5,18.352941176470587,34.705882352941174,0.3936496720574391,0,0.0
1329,0.6,0.05,roulette,twopoint,block,25.13352941176471,2.9720642515274527,24.852941176470587,18.764705882352942,33.76470588235294,0.29720642515274526,0,0.0
1330,0.8,0.01,stochunif,twopoint,swap,25.17058823529412,3.0288016622551637,25.176470588235293,17.823529411764707,33.470588235294116,0.3028801662255164,0,0.0
1331,0.3,0.05,tournament,twopoint,scramble,25.17529411764706,3.1716472699890135,25.294117647058822,18.058823529411764,32.64705882352941,0.31716472699890136,0,0.0
1332,0.3,0.02,tournament,scattered,block,25.18470588235294,3.4228722827896982,25.176470588235293,17.41176470588235,34.0,0.34228722827896985,1,1.0
1333,0.8,0.02,tournament,singlepoint,scramble,25.19235294117647,3.0264853848825877,25.11764705882353,17.705882352941178,32.11764705882353,0.3026485384882588,0,0.0
1334,0.8,0.01,stochunif,twopoint,block,25.202352941176468,3.0854945821713895,25.176470588235293,18.941176470588236,32.35294117647059,0.30854945821713897,0,0.0
1335,0.7,0.05,stochunif,singlepoint,block,25.211764705882352,2.952752027992487,24.794117647058826,18.352941176470587,32.294117647058826,0.2952752027992487,0,0.0
1336,0.4,0.01,stochunif,scattered,swap,25.230588235294118,3.3629041708944474,24.676470588235297,18.941176470588236,34.294117647058826,0.33629041708944474,0,0.0
1337,0.8,0.01,tournament,singlepoint,scramble,25.238235294117647,3.2021188395168276,24.852941176470587,17.647058823529413,33.88235294117647,0.32021188395168276,0,0.0
1338,0.9,0.02,roulette,twopoint,scramble,25.238823529411764,3.2258092479645497,25.088235294117645,17.823529411764707,32.529411764705884,0.32258092479645495,0,0.0
1339,0.6,0.02,stochunif,singlepoint,scramble,25.29529411764706,3.1428090318494086,25.294117647058822,17.705882352941178,32.588235294117645,0.31428090318494084,0,0.0
1340,0.8,0.05,roulette,twopoint,block,25.306470588235292,3.368300343737211,25.088235294117645,17.647058823529413,33.35294117647059,0.3368300343737211,0,0.0
1341,0.6,0.05,stochunif,singlepoint,block,25.311176470588233,3.223451506403412,24.764705882352942,19.470588235294116,36.88235294117647,0.3223451506403412,0,0.0
1342,0.3,0.05,stochunif,singlepoint,block,25.32764705882353,3.228943748711134,24.294117647058822,20.352941176470587,35.05882352941177,0.3228943748711134,0,0.0
1343,0.3,0.05,roulette,singlepoint,block,25.370588235294118,3.385525134170293,25.264705882352942,18.647058823529413,36.0,0.3385525134170293,0,0.0
1344,0.8,0.01,tournament,singlepoint,swap,25.373529411764707,3.2584905480141697,25.029411764705884,17.647058823529413,35.294117647058826,0.32584905480141696,0,0.0
1345,0.3,0.05,stochunif,twopoint,block,25.37764705882353,3.0036755878678947,25.264705882352942,19.705882352941178,34.35294117647059,0.30036755878678945,0,0.0
1346,0.9,0.05,roulette,singlepoint,scramble,25.38705882352941,3.3450687830071866,25.558823529411768,18.58823529411765,35.88235294117647,0.3345068783007187,0,0.0
1347,0.8,0.02,tournament,singlepoint,block,25.39764705882353,3.095478532880447,25.0,17.705882352941178,32.8235294117647,0.3095478532880447,0,0.0
1348,0.7,0.02,tournament,singlepoint,scramble,25.404705882352943,3.271805857886924,25.264705882352942,19.58823529411765,34.05882352941177,0.32718058578869236,0,0.0
1349,0.6,0.02,tournament,twopoint,swap,25.42235294117647,3.460299562582409,25.088235294117645,17.647058823529413,33.23529411764706,0.3460299562582409,0,0.0
1350,0.9,0.02,roulette,twopoint,block,25.423529411764708,3.4801071912662636,25.176470588235293,18.764705882352942,33.05882352941177,0.34801071912662634,0,0.0
1351,0.6,0.02,stochunif,twopoint,swap,25.431176470588234,3.1487873485603077,25.235294117647058,18.647058823529413,33.411764705882355,0.3148787348560308,0,0.0
1352,0.9,0.02,stochunif,singlepoint,swap,25.43470588235294,3.1282389945939078,25.029411764705884,19.058823529411764,33.94117647058823,0.31282389945939076,0,0.0
1353,0.8,0.05,roulette,singlepoint,block,25.46,3.141200504624752,26.029411764705884,19.41176470588235,34.705882352941174,0.3141200504624752,0,0.0
1354,0.3,0.02,roulette,scattered,swap,25.46529411764706,3.1356066860233174,24.970588235294116,19.647058823529413,32.8235294117647,0.3135606686023317,0,0.0
1355,0.3,0.02,stochunif,scattered,block,25.46529411764706,3.224544286421061,25.61764705882353,18.58823529411765,34.529411764705884,0.3224544286421061,0,0.0
1356,0.8,0.02,roulette,twopoint,swap,25.46529411764706,3.2597744493594853,25.323529411764703,19.41176470588235,35.88235294117647,0.32597744493594855,0,0.0
1357,0.9,0.01,stochunif,singlepoint,swap,25.470588235294116,2.9198633600175494,25.029411764705884,20.0,33.588235294117645,0.29198633600175494,0,0.0
1358,0.9,0.02,stochunif,singlepoint,block,25.474117647058826,2.852958879216873,24.970588235294116,19.764705882352942,32.529411764705884,0.2852958879216873,0,0.0
1359,0.7,0.02,stochunif,singlepoint,scramble,25.5,2.943427540220233,25.41176470588235,19.294117647058822,32.88235294117647,0.29434275402202326,0,0.0
1360,0.6,0.02,roulette,twopoint,scramble,25.519411764705882,3.309773666976134,25.58823529411765,19.11764705882353,34.1764705882353,0.3309773666976134,0,0.0
1361,0.7,0.05,roulette,singlepoint,block,25.555882352941175,3.2034392998250314,25.470588235294116,19.058823529411764,37.411764705882355,0.32034392998250316,0,0.0
1362,0.3,0.02,roulette,scattered,block,25.56294117647059,3.1652522461617747,25.529411764705884,19.176470588235293,34.76470588235294,0.3165252246161775,0,0.0
1363,0.7,0.02,tournament,singlepoint,swap,25.567647058823532,2.9751851385497052,25.5,18.235294117647058,33.294117647058826,0.2975185138549705,0,0.0
1364,0.3,0.05,roulette,twopoint,block,25.575294117647058,2.900955889026571,25.352941176470587,19.11764705882353,33.88235294117647,0.29009558890265713,0,0.0
1365,0.3,0.01,roulette,scattered,scramble,25.57764705882353,3.2896835873567962,25.529411764705884,19.88235294117647,35.1764705882353,0.32896835873567964,0,0.0
1366,0.9,0.01,stochunif,singlepoint,block,25.60705882352941,3.1740035753454356,25.5,19.235294117647058,33.588235294117645,0.31740035753454354,0,0.0
1367,0.9,0.01,roulette,twopoint,scramble,25.608823529411765,3.4476099141931913,25.411764705882355,18.764705882352942,33.588235294117645,0.34476099141931915,0,0.0
1368,0.9,0.01,stochunif,singlepoint,scramble,25.62529411764706,3.0807597607126125,25.58823529411765,19.176470588235293,33.588235294117645,0.30807597607126125,0,0.0
1369,0.8,0.01,roulette,twopoint,scramble,25.62705882352941,3.5627286657517305,25.11764705882353,18.41176470588235,34.35294117647059,0.35627286657517304,0,0.0
1370,0.9,0.01,roulette,twopoint,block,25.63529411764706,3.4694550855648516,25.0,19.58823529411765,33.588235294117645,0.34694550855648515,0,0.0
1371,0.3,0.01,stochunif,scattered,scramble,25.640588235294118,3.3364659182014296,25.470588235294116,19.235294117647058,34.23529411764706,0.33364659182014295,0,0.0
1372,0.8,0.02,stochunif,singlepoint,scramble,25.65294117647059,3.410058581337498,25.176470588235293,19.823529411764707,35.8235294117647,0.3410058581337498,0,0.0
1373,0.6,0.02,tournament,twopoint,scramble,25.688823529411767,3.5758901923751703,25.558823529411768,18.823529411764707,39.1764705882353,0.357589019237517,0,0.0
1374,0.6,0.02,roulette,singlepoint,scramble,25.70647058823529,2.9627196163453884,25.147058823529413,18.41176470588235,32.94117647058823,0.29627196163453884,0,0.0
1375,0.4,0.05,roulette,twopoint,block,25.71470588235294,3.437131658005301,25.411764705882355,18.294117647058822,32.94117647058823,0.3437131658005301,0,0.0
1376,0.5,0.02,tournament,singlepoint,swap,25.71705882352941,3.2468458492763377,25.823529411764707,19.235294117647058,35.470588235294116,0.32468458492763375,0,0.0
1377,0.8,0.02,stochunif,singlepoint,swap,25.72,2.9607326080645318,25.794117647058826,17.823529411764707,32.8235294117647,0.2960732608064532,0,0.0
1378,0.5,0.02,stochunif,twopoint,scramble,25.72352941176471,2.958138847175156,25.11764705882353,19.764705882352942,32.88235294117647,0.29581388471751563,0,0.0
1379,0.7,0.02,stochunif,twopoint,block,25.734117647058824,3.153151348516922,25.470588235294116,18.705882352941178,33.588235294117645,0.31531513485169216,0,0.0
1380,0.5,0.05,roulette,singlepoint,block,25.751176470588234,2.803177980007544,25.941176470588236,19.58823529411765,31.647058823529413,0.2803177980007544,0,0.0
1381,0.9,0.02,roulette,twopoint,swap,25.757647058823533,3.356023017898137,25.38235294117647,19.176470588235293,34.23529411764706,0.3356023017898137,0,0.0
1382,0.7,0.01,stochunif,twopoint,scramble,25.76705882352941,3.282009407928485,25.647058823529413,19.647058823529413,34.23529411764706,0.3282009407928485,0,0.0
1383,0.8,0.02,roulette,twopoint,block,25.77294117647059,3.4632138134778456,25.235294117647058,18.176470588235293,33.94117647058823,0.34632138134778456,0,0.0
1384,0.8,0.01,stochunif,singlepoint,scramble,25.78529411764706,2.8959731913289555,25.941176470588236,19.88235294117647,33.76470588235294,0.28959731913289555,0,0.0
1385,0.5,0.05,roulette,twopoint,block,25.78764705882353,2.849551986552303,25.58823529411765,19.235294117647058,32.294117647058826,0.2849551986552303,0,0.0
1386,0.8,0.01,tournament,singlepoint,block,25.799411764705884,3.0614858266499474,25.58823529411765,17.647058823529413,34.94117647058823,0.30614858266499473,0,0.0
1387,0.7,0.02,stochunif,singlepoint,swap,25.871176470588235,3.205417007661046,25.794117647058826,19.11764705882353,34.05882352941177,0.3205417007661046,0,0.0
1388,0.3,0.05,tournament,singlepoint,scramble,25.87529411764706,3.5637199611576174,25.794117647058826,18.058823529411764,33.529411764705884,0.35637199611576176,0,0.0
1389,0.8,0.02,stochunif,singlepoint,block,25.876470588235293,2.9713543895893126,25.823529411764707,19.235294117647058,34.470588235294116,0.29713543895893124,0,0.0
1390,0.7,0.02,roulette,twopoint,scramble,25.878235294117648,3.5775705750496445,25.647058823529413,17.647058823529413,34.11764705882353,0.35775705750496445,0,0.0
1391,0.7,0.01,tournament,twopoint,block,25.88705882352941,3.5060992806750586,25.323529411764703,19.058823529411764,35.76470588235294,0.35060992806750585,0,0.0
1392,0.8,0.01,roulette,twopoint,swap,25.89235294117647,3.098682834382745,25.735294117647058,20.176470588235293,34.294117647058826,0.3098682834382745,0,0.0
1393,0.7,0.01,stochunif,twopoint,swap,25.898235294117647,3.4950681510648547,25.58823529411765,18.470588235294116,36.88235294117647,0.34950681510648546,0,0.0
1394,0.7,0.02,tournament,singlepoint,block,25.905882352941177,3.3214109949190163,26.235294117647058,18.058823529411764,33.588235294117645,0.3321410994919016,0,0.0
1395,0.5,0.02,roulette,twopoint,swap,25.914117647058823,3.0300121701660507,25.852941176470587,19.41176470588235,32.35294117647059,0.3030012170166051,0,0.0
1396,0.9,0.01,roulette,twopoint,swap,25.924705882352942,3.4699998494160487,25.41176470588235,19.176470588235293,35.11764705882353,0.3469999849416049,0,0.0
1397,0.6,0.02,roulette,twopoint,swap,25.93294117647059,3.4319176546907157,25.823529411764707,19.0,40.411764705882355,0.3431917654690716,0,0.0
1398,0.5,0.02,stochunif,singlepoint,scramble,25.939411764705884,3.0806894201598247,25.470588235294116,19.88235294117647,35.11764705882353,0.30806894201598245,0,0.0
1399,0.5,0.02,tournament,twopoint,scramble,25.943529411764708,3.916564721957053,25.823529411764707,17.823529411764707,35.88235294117647,0.3916564721957053,0,0.0
1400,0.9,0.05,roulette,singlepoint,block,25.944117647058825,3.5746592087896025,25.823529411764707,19.176470588235293,37.88235294117647,0.35746592087896023,0,0.0
1401,0.6,0.02,tournament,singlepoint,scramble,25.957058823529408,3.078174257232739,26.176470588235293,18.11764705882353,33.411764705882355,0.30781742572327386,0,0.0
1402,0.9,0.05,roulette,singlepoint,swap,25.996470588235294,3.2675143824348205,25.88235294117647,18.11764705882353,34.8235294117647,0.3267514382434821,0,0.0
1403,0.7,0.01,tournament,singlepoint,scramble,26.01294117647059,3.3129879253845256,26.0,18.764705882352942,33.05882352941177,0.33129879253845257,0,0.0
1404,0.3,0.01,tournament,scattered,scramble,26.029411764705884,3.220036403722605,26.205882352941174,20.0,34.64705882352941,0.3220036403722605,0,0.0
1405,0.7,0.02,stochunif,singlepoint,block,26.03058823529412,2.8383385651385327,25.941176470588236,18.647058823529413,34.23529411764706,0.2838338565138533,0,0.0
1406,0.8,0.02,roulette,singlepoint,scramble,26.040588235294116,3.5756692878347236,25.911764705882355,18.941176470588236,35.8235294117647,0.35756692878347235,0,0.0
1407,0.4,0.01,stochunif,scattered,block,26.058235294117647,3.3250131560948506,25.470588235294116,20.11764705882353,33.88235294117647,0.33250131560948504,0,0.0
1408,0.6,0.02,stochunif,singlepoint,swap,26.060588235294116,3.0620721242833886,26.264705882352942,20.0,33.705882352941174,0.30620721242833887,0,0.0
1409,0.8,0.01,stochunif,singlepoint,swap,26.067647058823532,3.2651126809446134,25.647058823529413,18.88235294117647,34.88235294117647,0.32651126809446135,0,0.0
1410,0.6,0.01,stochunif,twopoint,scramble,26.07,3.7560589850197994,25.941176470588236,19.11764705882353,38.294117647058826,0.37560589850197995,0,0.0
1411,0.5,0.02,stochunif,singlepoint,swap,26.078823529411764,3.0293407510612496,25.970588235294116,19.88235294117647,32.705882352941174,0.30293407510612497,0,0.0
1412,0.5,0.02,tournament,twopoint,swap,26.11823529411765,3.690893823230101,25.676470588235297,18.764705882352942,34.411764705882355,0.3690893823230101,0,0.0
1413,0.5,0.02,tournament,singlepoint,scramble,26.12470588235294,3.3177498793605795,26.441176470588232,19.11764705882353,35.1764705882353,0.331774987936058,0,0.0
1414,0.7,0.01,tournament,singlepoint,swap,26.129411764705882,3.178945361962696,25.647058823529413,20.352941176470587,36.0,0.3178945361962696,0,0.0
1415,0.3,0.01,tournament,scattered,swap,26.16,3.536199454412149,26.176470588235293,18.058823529411764,35.705882352941174,0.3536199454412149,0,0.0
1416,0.6,0.02,tournament,twopoint,block,26.16705882352941,3.714325328439338,26.029411764705884,18.235294117647058,35.529411764705884,0.3714325328439338,0,0.0
1417,0.7,0.01,stochunif,singlepoint,scramble,26.174705882352942,3.4929034243091803,26.205882352941174,19.647058823529413,37.35294117647059,0.34929034243091805,0,0.0
1418,0.4,0.02,stochunif,twopoint,swap,26.17764705882353,3.520219560642369,25.58823529411765,19.88235294117647,37.470588235294116,0.3520219560642369,0,0.0
1419,0.4,0.02,tournament,twopoint,swap,26.179411764705883,3.0461065575998902,26.058823529411764,19.705882352941178,33.88235294117647,0.304610655759989,0,0.0
1420,0.6,0.02,tournament,singlepoint,swap,26.18176470588235,2.8539421585948834,26.294117647058822,20.529411764705884,33.294117647058826,0.2853942158594883,0,0.0
1421,0.4,0.02,stochunif,twopoint,scramble,26.187647058823533,3.654657284887337,26.029411764705884,18.058823529411764,35.294117647058826,0.3654657284887337,0,0.0
1422,0.7,0.02,roulette,singlepoint,scramble,26.21235294117647,3.5085927365764817,26.11764705882353,18.764705882352942,33.23529411764706,0.3508592736576482,0,0.0
1423,0.8,0.01,roulette,singlepoint,scramble,26.222352941176467,3.096104678158235,26.235294117647058,17.647058823529413,33.35294117647059,0.30961046781582346,0,0.0
1424,0.8,0.02,roulette,singlepoint,swap,26.22705882352941,3.497329128666276,25.764705882352942,18.058823529411764,37.05882352941177,0.3497329128666276,0,0.0
1425,0.9,0.02,roulette,singlepoint,scramble,26.23294117647059,3.3899864260735595,25.852941176470587,18.176470588235293,33.8235294117647,0.33899864260735596,0,0.0
1426,0.5,0.02,stochunif,twopoint,swap,26.255294117647058,3.1075152354333255,26.058823529411764,20.294117647058822,34.0,0.3107515235433326,0,0.0
1427,0.8,0.01,stochunif,singlepoint,block,26.261764705882353,3.1350524243018927,26.058823529411764,19.235294117647058,34.470588235294116,0.3135052424301893,0,0.0
1428,0.6,0.02,stochunif,twopoint,block,26.26235294117647,3.728410713784874,26.088235294117645,18.176470588235293,35.76470588235294,0.37284107137848743,0,0.0
1429,0.4,0.01,roulette,scattered,block,26.292941176470592,3.342965845235374,25.941176470588236,20.235294117647058,34.588235294117645,0.3342965845235374,0,0.0
1430,0.9,0.01,roulette,singlepoint,scramble,26.32705882352941,3.2796806121464024,25.970588235294116,18.941176470588236,34.05882352941177,0.3279680612146402,0,0.0
1431,0.7,0.01,stochunif,twopoint,block,26.33823529411765,3.5446233394893865,26.264705882352942,19.294117647058822,34.88235294117647,0.35446233394893867,0,0.0
1432,0.6,0.01,stochunif,singlepoint,scramble,26.354117647058825,2.7072122077620855,26.176470588235293,19.235294117647058,32.88235294117647,0.2707212207762085,0,0.0
1433,0.8,0.01,roulette,twopoint,block,26.363529411764706,3.5099720132226064,26.088235294117645,18.705882352941178,35.588235294117645,0.35099720132226064,0,0.0
1434,0.5,0.02,roulette,twopoint,scramble,26.371176470588235,3.770890409961517,26.5,18.941176470588236,39.470588235294116,0.3770890409961517,0,0.0
1435,0.7,0.01,roulette,singlepoint,scramble,26.395294117647058,3.523178095740604,25.911764705882355,19.705882352941178,34.588235294117645,0.3523178095740604,0,0.0
1436,0.7,0.02,roulette,twopoint,block,26.395294117647058,3.7696424852780757,26.5,19.235294117647058,36.11764705882353,0.3769642485278076,0,0.0
1437,0.5,0.02,tournament,twopoint,block,26.402352941176467,3.716517198585119,26.058823529411764,19.705882352941178,37.0,0.3716517198585119,0,0.0
1438,0.6,0.02,stochunif,singlepoint,block,26.411176470588234,3.195115883621275,26.470588235294116,18.58823529411765,35.35294117647059,0.3195115883621275,0,0.0
1439,0.4,0.02,roulette,singlepoint,scramble,26.428823529411765,3.8849834891612076,26.676470588235297,19.176470588235293,35.588235294117645,0.3884983489161208,0,0.0
1440,0.6,0.01,stochunif,twopoint,swap,26.43,3.0422179984125775,26.41176470588235,19.235294117647058,37.470588235294116,0.30422179984125775,0,0.0
1441,0.3,0.02,tournament,twopoint,swap,26.44235294117647,3.2870486923057216,26.294117647058822,18.470588235294116,37.529411764705884,0.3287048692305722,0,0.0
1442,0.5,0.02,roulette,singlepoint,scramble,26.451176470588234,4.005553927955082,26.235294117647058,18.764705882352942,36.23529411764706,0.40055539279550817,0,0.0
1443,0.7,0.02,roulette,twopoint,swap,26.454117647058823,3.4454671565929766,26.470588235294116,19.647058823529413,33.76470588235294,0.3445467156592977,0,0.0
1444,0.3,0.01,stochunif,scattered,swap,26.52705882352941,3.761249899154086,26.38235294117647,19.41176470588235,36.0,0.3761249899154086,0,0.0
1445,0.6,0.02,tournament,singlepoint,block,26.529411764705884,3.3443667662417065,26.647058823529413,19.176470588235293,33.294117647058826,0.33443667662417065,0,0.0
1446,0.8,0.02,roulette,singlepoint,block,26.549411764705884,3.0890822481195173,26.441176470588232,20.705882352941178,33.411764705882355,0.30890822481195174,0,0.0
1447,0.6,0.01,tournament,singlepoint,scramble,26.56,3.083150668068593,26.676470588235297,20.352941176470587,33.94117647058823,0.30831506680685933,0,0.0
1448,0.3,0.02,roulette,twopoint,scramble,26.565882352941177,3.431283726887075,26.58823529411765,20.58823529411765,36.94117647058823,0.3431283726887075,0,0.0
1449,0.3,0.02,stochunif,twopoint,scramble,26.589411764705883,3.2656329345975195,26.647058823529413,19.58823529411765,34.76470588235294,0.32656329345975194,0,0.0
1450,0.7,0.02,roulette,singlepoint,swap,26.6,3.2918462587534503,26.58823529411765,17.705882352941178,36.588235294117645,0.329184625875345,0,0.0
1451,0.7,0.01,roulette,twopoint,scramble,26.614117647058823,3.613422021587303,26.11764705882353,18.058823529411764,36.64705882352941,0.3613422021587303,0,0.0
1452,0.7,0.01,tournament,singlepoint,block,26.61823529411765,3.012939079101383,26.529411764705884,18.88235294117647,33.88235294117647,0.3012939079101383,0,0.0
1453,0.4,0.02,roulette,twopoint,scramble,26.650588235294116,3.627569685392137,26.352941176470587,18.647058823529413,35.94117647058823,0.3627569685392137,0,0.0
1454,0.5,0.01,stochunif,singlepoint,scramble,26.66470588235294,3.7572201646747176,26.264705882352942,19.352941176470587,36.705882352941174,0.3757220164674718,0,0.0
1455,0.5,0.02,roulette,singlepoint,swap,26.666470588235292,2.9989111185499833,26.11764705882353,21.41176470588235,34.35294117647059,0.29989111185499834,0,0.0
1456,0.6,0.01,tournament,twopoint,swap,26.666470588235292,3.744347201007547,26.529411764705884,19.823529411764707,38.23529411764706,0.3744347201007547,0,0.0
1457,0.6,0.02,roulette,singlepoint,swap,26.678823529411765,3.2448938764260173,26.470588235294116,20.705882352941178,37.35294117647059,0.3244893876426017,0,0.0
1458,0.3,0.01,roulette,scattered,swap,26.69764705882353,3.4362635882865953,26.61764705882353,19.941176470588236,37.64705882352941,0.34362635882865955,0,0.0
1459,0.7,0.01,stochunif,singlepoint,block,26.72529411764706,3.4990180220942375,26.294117647058822,19.88235294117647,35.470588235294116,0.34990180220942374,0,0.0
1460,0.6,0.01,stochunif,singlepoint,swap,26.725882352941177,3.182211532679651,26.41176470588235,20.705882352941178,36.05882352941177,0.31822115326796513,0,0.0
1461,0.6,0.01,tournament,twopoint,scramble,26.735882352941175,4.068233299208041,26.352941176470587,19.11764705882353,40.64705882352941,0.40682332992080406,0,0.0
1462,0.5,0.01,tournament,twopoint,scramble,26.764117647058825,3.6847144174727324,26.529411764705884,19.176470588235293,35.05882352941177,0.36847144174727325,0,0.0
1463,0.3,0.01,stochunif,scattered,block,26.76705882352941,3.544776616918135,26.705882352941178,20.823529411764707,35.76470588235294,0.3544776616918135,0,0.0
1464,0.9,0.02,roulette,singlepoint,block,26.76764705882353,3.73310390965101,26.647058823529413,18.941176470588236,38.705882352941174,0.373310390965101,0,0.0
1465,0.5,0.01,stochunif,twopoint,scramble,26.789411764705882,3.9200458719129183,26.764705882352942,19.176470588235293,38.0,0.39200458719129183,0,0.0
1466,0.8,0.01,roulette,singlepoint,block,26.79529411764706,3.534008494017867,26.970588235294116,19.11764705882353,37.64705882352941,0.35340084940178673,0,0.0
1467,0.6,0.02,roulette,singlepoint,block,26.797647058823532,3.32183525984529,26.5,19.294117647058822,34.88235294117647,0.332183525984529,0,0.0
1468,0.6,0.01,roulette,twopoint,scramble,26.799411764705884,3.4911082046325084,26.38235294117647,19.176470588235293,40.35294117647059,0.3491108204632508,0,0.0
1469,0.8,0.01,roulette,singlepoint,swap,26.80941176470588,3.4670679146080428,26.11764705882353,20.529411764705884,37.05882352941177,0.3467067914608043,0,0.0
1470,0.9,0.02,roulette,singlepoint,swap,26.81,3.1178640380104885,26.588235294117645,19.470588235294116,35.11764705882353,0.31178640380104883,0,0.0
1471,0.4,0.02,stochunif,singlepoint,scramble,26.87764705882353,3.496726051049699,26.11764705882353,20.235294117647058,35.1764705882353,0.3496726051049699,0,0.0
1472,0.4,0.02,roulette,twopoint,swap,26.885882352941177,3.263329296047091,26.794117647058826,20.235294117647058,34.8235294117647,0.3263329296047091,0,0.0
1473,0.9,0.01,roulette,singlepoint,block,26.904705882352943,3.4141588092356017,26.823529411764707,18.941176470588236,38.705882352941174,0.3414158809235602,0,0.0
1474,0.6,0.01,tournament,twopoint,block,26.93,3.964045312240525,26.970588235294116,19.294117647058822,38.76470588235294,0.3964045312240525,0,0.0
1475,0.4,0.01,tournament,twopoint,scramble,26.948235294117648,3.8968048774309842,26.294117647058822,19.11764705882353,38.294117647058826,0.38968048774309844,0,0.0
1476,0.4,0.02,stochunif,singlepoint,block,26.960588235294118,3.174082584251937,26.529411764705884,20.294117647058822,33.8235294117647,0.3174082584251937,0,0.0
1477,0.5,0.02,tournament,singlepoint,block,26.967647058823527,3.7840262467811563,27.058823529411764,19.764705882352942,36.294117647058826,0.37840262467811564,0,0.0
1478,0.4,0.01,stochunif,twopoint,scramble,26.978823529411766,3.652321352236805,27.029411764705884,18.235294117647058,38.529411764705884,0.36523213522368053,0,0.0
1479,0.3,0.02,stochunif,twopoint,swap,26.980588235294118,3.788611110922117,26.41176470588235,17.705882352941178,36.1764705882353,0.3788611110922117,0,0.0
1480,0.4,0.02,tournament,twopoint,scramble,26.996470588235294,3.594097468321173,26.470588235294116,20.294117647058822,37.0,0.3594097468321173,0,0.0
1481,0.6,0.01,stochunif,twopoint,block,27.00470588235294,3.8874692156453046,26.823529411764707,19.176470588235293,40.35294117647059,0.38874692156453045,0,0.0
1482,0.4,0.02,tournament,singlepoint,swap,27.03058823529412,3.5921584195405636,27.147058823529413,18.705882352941178,34.23529411764706,0.35921584195405637,0,0.0
1483,0.5,0.02,stochunif,twopoint,block,27.03294117647059,3.6005537459702626,26.823529411764707,18.176470588235293,35.529411764705884,0.36005537459702625,0,0.0
1484,0.7,0.01,stochunif,singlepoint,swap,27.034117647058824,3.256503482467065,26.794117647058826,20.352941176470587,36.529411764705884,0.32565034824670647,0,0.0
1485,0.9,0.01,roulette,singlepoint,swap,27.038823529411765,3.2439437122783628,27.205882352941174,18.176470588235293,35.11764705882353,0.32439437122783626,0,0.0
1486,0.3,0.01,tournament,scattered,block,27.038823529411765,3.3070709163105305,27.352941176470587,20.705882352941178,36.35294117647059,0.33070709163105305,0,0.0
1487,0.6,0.02,roulette,twopoint,block,27.048823529411766,3.210966222004022,26.764705882352942,20.294117647058822,34.705882352941174,0.3210966222004022,0,0.0
1488,0.4,0.01,stochunif,twopoint,swap,27.051764705882352,3.546919144827435,26.794117647058826,20.235294117647058,36.11764705882353,0.3546919144827435,0,0.0
1489,0.5,0.01,tournament,singlepoint,scramble,27.05529411764706,3.268808425817166,27.38235294117647,19.58823529411765,35.64705882352941,0.32688084258171657,0,0.0
1490,0.5,0.02,stochunif,singlepoint,block,27.058823529411764,3.6970771285810193,26.735294117647058,18.294117647058822,41.294117647058826,0.36970771285810194,0,0.0
1491,0.3,0.01,roulette,scattered,block,27.07705882352941,3.177325372984604,27.5,20.058823529411764,34.11764705882353,0.3177325372984604,0,0.0
1492,0.7,0.02,roulette,singlepoint,block,27.09705882352941,3.6084376689865136,26.823529411764707,20.470588235294116,36.64705882352941,0.3608437668986514,0,0.0
1493,0.7,0.01,roulette,twopoint,block,27.106470588235293,3.506298800470337,27.11764705882353,18.235294117647058,35.8235294117647,0.35062988004703366,0,0.0
1494,0.4,0.02,tournament,singlepoint,scramble,27.134117647058826,3.5290362248216733,26.705882352941178,21.470588235294116,35.94117647058823,0.35290362248216733,0,0.0
1495,0.7,0.01,roulette,singlepoint,block,27.16176470588235,3.3203098314063255,26.470588235294116,20.235294117647058,35.470588235294116,0.33203098314063256,0,0.0
1496,0.7,0.01,roulette,singlepoint,swap,27.165882352941175,3.5428776587380035,26.647058823529413,20.11764705882353,37.1764705882353,0.35428776587380034,0,0.0
1497,0.3,0.02,roulette,twopoint,swap,27.16705882352941,3.007798283136823,26.88235294117647,21.352941176470587,35.64705882352941,0.30077982831368233,0,0.0
1498,0.3,0.02,stochunif,singlepoint,scramble,27.18823529411765,3.349974190497347,27.61764705882353,19.235294117647058,34.470588235294116,0.3349974190497347,0,0.0
1499,0.5,0.01,tournament,twopoint,swap,27.211764705882352,3.727872397203984,27.11764705882353,19.470588235294116,40.705882352941174,0.3727872397203984,0,0.0
1500,0.6,0.01,roulette,singlepoint,scramble,27.244705882352942,3.8735628538184668,26.88235294117647,19.764705882352942,37.76470588235294,0.3873562853818467,0,0.0
1501,0.6,0.01,tournament,singlepoint,swap,27.264117647058825,3.5454527037740258,27.38235294117647,18.41176470588235,34.411764705882355,0.3545452703774026,0,0.0
1502,0.6,0.01,roulette,twopoint,swap,27.289411764705882,3.5203853678686166,27.176470588235293,20.235294117647058,38.11764705882353,0.35203853678686164,0,0.0
1503,0.5,0.02,roulette,twopoint,block,27.31705882352941,3.478539036168889,27.323529411764703,18.58823529411765,35.529411764705884,0.3478539036168889,0,0.0
1504,0.5,0.01,roulette,singlepoint,scramble,27.335882352941177,3.6338893096999407,26.58823529411765,19.941176470588236,37.88235294117647,0.3633889309699941,0,0.0
1505,0.4,0.02,stochunif,singlepoint,swap,27.364117647058823,3.2933185411354398,27.058823529411764,20.058823529411764,35.05882352941177,0.329331854113544,0,0.0
1506,0.4,0.02,roulette,twopoint,block,27.381176470588233,3.7604837435348974,27.147058823529413,18.88235294117647,39.23529411764706,0.37604837435348976,0,0.0
1507,0.6,0.01,roulette,singlepoint,swap,27.400588235294116,3.3680554464669514,27.323529411764703,18.529411764705884,37.411764705882355,0.33680554464669515,0,0.0
1508,0.5,0.01,roulette,twopoint,scramble,27.411176470588234,3.6207192438985456,27.764705882352942,19.58823529411765,35.470588235294116,0.3620719243898546,0,0.0
1509,0.3,0.02,roulette,singlepoint,scramble,27.41294117647059,4.2963349015623615,27.588235294117645,19.176470588235293,38.294117647058826,0.42963349015623614,0,0.0
1510,0.6,0.01,tournament,singlepoint,block,27.434117647058823,3.765251557304458,27.441176470588236,18.294117647058822,36.294117647058826,0.37652515573044576,0,0.0
1511,0.4,0.02,tournament,twopoint,block,27.43705882352941,3.8712029069081546,27.794117647058826,19.352941176470587,37.705882352941174,0.38712029069081544,0,0.0
1512,0.3,0.02,tournament,twopoint,scramble,27.457058823529408,3.713470195472648,27.058823529411764,20.294117647058822,37.94117647058823,0.3713470195472648,0,0.0
1513,0.5,0.01,stochunif,singlepoint,swap,27.46,3.621104242028207,27.470588235294116,19.705882352941178,36.64705882352941,0.3621104242028207,0,0.0
1514,0.6,0.01,stochunif,singlepoint,block,27.51235294117647,3.3174445162212276,27.147058823529413,21.235294117647058,36.35294117647059,0.33174445162212274,0,0.0
1515,0.5,0.01,tournament,twopoint,block,27.522352941176468,3.992743408997981,27.147058823529413,19.764705882352942,38.529411764705884,0.39927434089979813,0,0.0
1516,0.3,0.02,tournament,singlepoint,swap,27.531764705882352,3.5495653552677866,27.029411764705884,20.294117647058822,37.11764705882353,0.35495653552677864,0,0.0
1517,0.7,0.01,roulette,twopoint,swap,27.544117647058826,3.911898728488278,27.470588235294116,18.705882352941178,39.529411764705884,0.3911898728488278,0,0.0
1518,0.5,0.02,roulette,singlepoint,block,27.6,3.2927486332723217,27.529411764705884,20.647058823529413,36.8235294117647,0.32927486332723216,0,0.0
1519,0.4,0.01,tournament,singlepoint,scramble,27.67764705882353,3.3419463014778494,27.058823529411764,21.058823529411764,35.8235294117647,0.33419463014778494,0,0.0
1520,0.3,0.02,tournament,twopoint,block,27.68176470588235,3.615034828271878,27.705882352941178,18.529411764705884,37.411764705882355,0.3615034828271878,0,0.0
1521,0.5,0.01,stochunif,singlepoint,block,27.711176470588235,3.3258497833873086,27.323529411764703,21.294117647058822,38.64705882352941,0.33258497833873085,0,0.0
1522,0.4,0.01,roulette,singlepoint,scramble,27.72176470588235,3.3831844801814595,27.941176470588236,21.529411764705884,37.529411764705884,0.3383184480181459,0,0.0
1523,0.4,0.02,tournament,singlepoint,block,27.725882352941177,3.7225733961233063,27.41176470588235,20.11764705882353,36.8235294117647,0.37225733961233065,0,0.0
1524,0.6,0.01,roulette,twopoint,block,27.734117647058824,3.166171106293539,27.470588235294116,20.764705882352942,36.35294117647059,0.31661711062935394,0,0.0
1525,0.3,0.02,stochunif,singlepoint,swap,27.736470588235292,3.799559032487154,27.323529411764703,20.11764705882353,40.11764705882353,0.3799559032487154,0,0.0
1526,0.5,0.01,stochunif,twopoint,swap,27.84176470588235,3.4975157578173226,27.823529411764707,21.11764705882353,38.529411764705884,0.34975157578173227,0,0.0
1527,0.3,0.02,tournament,singlepoint,scramble,27.84647058823529,3.405498527821023,27.5,19.352941176470587,36.8235294117647,0.3405498527821023,0,0.0
1528,0.4,0.01,tournament,singlepoint,swap,27.867647058823533,3.5745907649262008,27.794117647058826,21.11764705882353,35.8235294117647,0.3574590764926201,0,0.0
1529,0.5,0.01,roulette,singlepoint,swap,27.882352941176467,3.5203190459152607,27.529411764705884,21.470588235294116,38.05882352941177,0.35203190459152606,0,0.0
1530,0.4,0.02,roulette,singlepoint,swap,27.95,3.2205560166277354,27.764705882352942,20.88235294117647,34.94117647058823,0.3220556016627735,0,0.0
1531,0.5,0.01,tournament,singlepoint,block,27.981176470588235,3.6278400330942904,28.0,19.764705882352942,36.11764705882353,0.36278400330942906,0,0.0
1532,0.4,0.02,stochunif,twopoint,block,27.985882352941175,3.5983475755122996,27.676470588235297,19.294117647058822,38.0,0.35983475755122996,0,0.0
1533,0.5,0.01,roulette,twopoint,swap,28.021176470588234,3.4354345196322584,28.058823529411764,19.764705882352942,36.64705882352941,0.34354345196322583,0,0.0
1534,0.4,0.01,tournament,twopoint,swap,28.093529411764706,3.847237572186371,27.647058823529413,20.11764705882353,37.0,0.3847237572186371,0,0.0
1535,0.4,0.02,roulette,singlepoint,block,28.128235294117648,4.103160835082948,27.970588235294116,20.705882352941178,38.588235294117645,0.41031608350829474,0,0.0
1536,0.3,0.01,stochunif,twopoint,swap,28.14470588235294,3.5118439783598383,27.823529411764707,21.941176470588236,43.1764705882353,0.3511843978359838,0,0.0
1537,0.3,0.02,roulette,singlepoint,swap,28.14941176470588,3.4660324388987647,27.764705882352942,20.058823529411764,39.94117647058823,0.34660324388987646,0,0.0
1538,0.3,0.01,stochunif,twopoint,scramble,28.164117647058823,3.8987150036298948,28.088235294117645,18.88235294117647,39.588235294117645,0.38987150036298945,0,0.0
1539,0.5,0.01,tournament,singlepoint,swap,28.198823529411765,3.6189936578547086,27.911764705882355,19.941176470588236,38.05882352941177,0.3618993657854709,0,0.0
1540,0.5,0.01,stochunif,twopoint,block,28.198823529411765,3.7368976304680435,27.88235294117647,18.764705882352942,38.588235294117645,0.37368976304680435,0,0.0
1541,0.4,0.01,roulette,twopoint,scramble,28.24,3.994278526666138,27.529411764705884,19.529411764705884,39.294117647058826,0.3994278526666138,0,0.0
1542,0.4,0.01,stochunif,singlepoint,scramble,28.315882352941177,4.019539628132972,28.235294117647058,20.11764705882353,38.470588235294116,0.4019539628132972,0,0.0
1543,0.4,0.01,tournament,singlepoint,block,28.34823529411765,3.616751383018372,28.61764705882353,19.11764705882353,38.35294117647059,0.3616751383018372,0,0.0
1544,0.4,0.01,roulette,singlepoint,swap,28.38529411764706,3.909351513292523,27.970588235294116,20.294117647058822,40.11764705882353,0.39093515132925233,0,0.0
1545,0.3,0.02,tournament,singlepoint,block,28.387647058823532,4.063974918646392,28.176470588235293,20.705882352941178,38.294117647058826,0.4063974918646392,0,0.0
1546,0.3,0.02,roulette,twopoint,block,28.424705882352942,3.472491899631976,28.470588235294116,20.470588235294116,36.76470588235294,0.3472491899631976,0,0.0
1547,0.3,0.02,stochunif,twopoint,block,28.474117647058826,3.4470872141254887,28.61764705882353,21.647058823529413,36.35294117647059,0.3447087214125489,0,0.0
1548,0.3,0.01,roulette,twopoint,scramble,28.51529411764706,3.7638156255762967,28.735294117647058,19.88235294117647,37.529411764705884,0.37638156255762967,0,0.0
1549,0.6,0.01,roulette,singlepoint,block,28.52294117647059,3.6165795081037913,28.235294117647058,18.764705882352942,37.588235294117645,0.3616579508103791,0,0.0
1550,0.4,0.01,stochunif,twopoint,block,28.538235294117648,3.6900876758321584,28.147058823529413,21.294117647058822,37.88235294117647,0.3690087675832158,0,0.0
1551,0.3,0.01,stochunif,singlepoint,scramble,28.56,3.9511936266728913,27.911764705882355,20.0,39.64705882352941,0.39511936266728914,0,0.0
1552,0.4,0.01,stochunif,singlepoint,swap,28.652352941176467,3.6673871864920033,28.5,22.470588235294116,36.8235294117647,0.3667387186492003,0,0.0
1553,0.5,0.01,roulette,twopoint,block,28.67,3.715615913245548,28.852941176470587,20.11764705882353,36.0,0.3715615913245548,0,0.0
1554,0.5,0.01,roulette,singlepoint,block,28.71,3.6500309416035894,29.029411764705884,19.235294117647058,37.705882352941174,0.3650030941603589,0,0.0
1555,0.3,0.02,stochunif,singlepoint,block,28.724117647058826,3.3194288481738616,28.647058823529413,20.529411764705884,38.94117647058823,0.33194288481738615,0,0.0
1556,0.3,0.01,tournament,twopoint,swap,28.728823529411766,3.49839705251094,28.647058823529413,19.88235294117647,39.35294117647059,0.349839705251094,0,0.0
1557,0.4,0.01,roulette,twopoint,swap,28.74,3.786582124713622,28.470588235294116,20.470588235294116,39.1764705882353,0.3786582124713622,0,0.0
1558,0.3,0.02,roulette,singlepoint,block,28.75823529411765,3.6770649073994446,28.823529411764707,20.647058823529413,38.1764705882353,0.36770649073994444,0,0.0
1559,0.4,0.01,tournament,twopoint,block,28.769411764705882,4.210228859875937,28.794117647058826,20.823529411764707,39.470588235294116,0.42102288598759374,0,0.0
1560,0.3,0.01,tournament,twopoint,scramble,28.841176470588234,3.8107286063523187,28.676470588235297,21.823529411764707,38.8235294117647,0.3810728606352319,0,0.0
1561,0.4,0.01,roulette,twopoint,block,29.081176470588233,3.8813425286288528,29.264705882352942,21.58823529411765,39.11764705882353,0.3881342528628853,0,0.0
1562,0.3,0.01,tournament,singlepoint,swap,29.139411764705883,3.5152185899310773,28.970588235294116,22.294117647058822,38.88235294117647,0.3515218589931077,0,0.0
1563,0.4,0.01,roulette,singlepoint,block,29.17705882352941,3.6028456339569916,29.235294117647058,20.058823529411764,37.705882352941174,0.36028456339569914,0,0.0
1564,0.3,0.01,roulette,singlepoint,scramble,29.199411764705882,4.050914085940313,28.970588235294116,21.235294117647058,41.588235294117645,0.4050914085940313,0,0.0
1565,0.3,0.01,stochunif,singlepoint,swap,29.31294117647059,3.702602364417149,28.970588235294116,21.058823529411764,37.529411764705884,0.3702602364417149,0,0.0
1566,0.3,0.01,tournament,singlepoint,scramble,29.32705882352941,3.9192802592460185,29.352941176470587,22.294117647058822,38.35294117647059,0.39192802592460185,0,0.0
1567,0.4,0.01,stochunif,singlepoint,block,29.42529411764706,3.6637138634187676,29.323529411764703,20.647058823529413,37.470588235294116,0.36637138634187677,0,0.0
1568,0.3,0.01,roulette,twopoint,swap,29.525294117647057,3.1746683450472513,29.235294117647058,23.941176470588236,37.05882352941177,0.3174668345047251,0,0.0
1569,0.3,0.01,tournament,twopoint,block,29.573529411764707,3.7077952508617695,29.61764705882353,20.058823529411764,39.35294117647059,0.37077952508617695,0,0.0
1570,0.3,0.01,roulette,singlepoint,swap,29.746470588235294,3.751505889896472,29.88235294117647,19.88235294117647,36.705882352941174,0.3751505889896472,0,0.0
1571,0.3,0.01,stochunif,singlepoint,block,29.85058823529412,3.8684135503583,29.676470588235297,20.11764705882353,40.294117647058826,0.38684135503583,0,0.0
1572,0.3,0.01,tournament,singlepoint,block,29.873529411764707,3.704636022019293,29.558823529411768,21.11764705882353,41.11764705882353,0.3704636022019293,0,0.0
1573,0.3,0.01,roulette,twopoint,block,30.13294117647059,4.092877029097039,29.941176470588236,20.705882352941178,39.76470588235294,0.4092877029097039,0,0.0
1574,0.3,0.01,stochunif,twopoint,block,30.15352941176471,4.136210553239413,30.088235294117645,19.941176470588236,42.64705882352941,0.4136210553239413,0,0.0
1575,0.3,0.01,roulette,singlepoint,block,30.974705882352943,4.06903015424331,30.970588235294116,20.764705882352942,43.05882352941177,0.40690301542433105,0,0.0
