Pc,Pm,Selection,Crossover fn,Mutation fn,mean,p (Welch),p (Wilcoxon paired),p_holm,p_bh
0.3,0.2,tournament,scattered,frequency,18.145294117647058,1.0,1.0,1.0,1.0
0.3,0.1,tournament,scattered,frequency,18.17,0.838570847253648,0.7460645337181201,1.0,0.839103611451395
0.5,0.2,tournament,scattered,frequency,18.189411764705884,0.7211425951252961,0.5730978508850606,1.0,0.7220594960726899
0.6,0.2,stochunif,scattered,frequency,18.193529411764708,0.7006092001457037,0.6298309272500248,1.0,0.7019462406039971
0.5,0.1,tournament,scattered,uniform,18.201764705882354,0.657222657950556,0.6395289605202235,1.0,0.6588960447308247
0.3,0.05,tournament,scattered,frequency,18.204117647058823,0.6196562479914115,0.7708788836154488,1.0,0.6216296755327854
0.5,0.1,tournament,scattered,frequency,18.213529411764704,0.5878464022294899,0.7112283713791427,1.0,0.5900943808231017
0.7,0.2,stochunif,scattered,frequency,18.22529411764706,0.5377192850091093,0.530815359713961,1.0,0.5401198175314714
0.6,0.2,tournament,scattered,frequency,18.229411764705883,0.49918178147266284,0.29064530086032603,1.0,0.5020506422857242
0.4,0.1,tournament,scattered,frequency,18.231176470588238,0.5018310363592746,0.8713509235574906,1.0,0.504393032715927
0.7,0.1,tournament,scattered,frequency,18.231176470588238,0.48437769535197966,0.5014077420681804,1.0,0.4874727604979987
0.4,0.2,tournament,scattered,frequency,18.240588235294116,0.4471559759788189,0.8767614164777415,1.0,0.4503009348891559
0.7,0.1,tournament,scattered,uniform,18.24529411764706,0.40510449415090144,0.037884446803986074,1.0,0.4084760424376887
0.4,0.2,tournament,scattered,uniform,18.24705882352941,0.4232490300015823,0.2942968571564174,1.0,0.4264985427079285
0.4,0.2,tournament,twopoint,frequency,18.263529411764708,0.31825009143070326,0.36719161204942685,1.0,0.3211043523403957
0.4,0.1,tournament,singlepoint,frequency,18.28470588235294,0.24813439079594424,0.2276139935784789,1.0,0.2508418905671452
0.5,0.1,stochunif,scattered,frequency,18.287058823529414,0.2577384767896888,0.7035409171239424,1.0,0.26021673137420503
0.5,0.05,tournament,scattered,frequency,18.296470588235294,0.23768520171894864,0.41372629194397015,1.0,0.2404330075191677
0.3,0.1,tournament,twopoint,uniform,18.29764705882353,0.21354370691595412,0.21666626933121214,1.0,0.2162902497701786
0.3,0.1,tournament,scattered,uniform,18.298235294117646,0.25379739860729256,0.42340251570497955,1.0,0.25640211854168427
0.4,0.2,tournament,twopoint,uniform,18.300588235294118,0.21441017120367742,0.33507510173860044,1.0,0.21702829026079173
0.6,0.1,tournament,twopoint,frequency,18.306470588235296,0.19943979732746567,0.18190842410140762,1.0,0.20213492972378277
0.3,0.1,tournament,singlepoint,frequency,18.312941176470588,0.1808904150292427,0.18390596060547226,1.0,0.18345293217711348
0.6,0.2,roulette,scattered,frequency,18.316470588235294,0.16189153694528058,0.15757993919545665,1.0,0.16429070276341295
0.6,0.05,tournament,scattered,frequency,18.332941176470587,0.15131255272077673,0.3057564715943899,1.0,0.1536539461864754
0.3,0.2,tournament,twopoint,uniform,18.334705882352942,0.11702655363668302,0.007916498059584678,1.0,0.11922174772171783
0.7,0.1,stochunif,scattered,frequency,18.336470588235294,0.134785423812169,0.052043104542003255,1.0,0.13695938226075235
0.4,0.1,tournament,twopoint,frequency,18.34,0.13284945495097453,0.037513012727653956,1.0,0.13507933605408964
0.8,0.2,stochunif,scattered,frequency,18.34,0.11316878927911904,0.02795655157905834,1.0,0.11536624149813106
0.3,0.1,tournament,twopoint,frequency,18.34294117647059,0.11184109908838127,0.06205406175043939,1.0,0.11408661338354954
0.3,0.2,tournament,scattered,uniform,18.34294117647059,0.12258563616035112,0.08425264652479653,1.0,0.12472375772128748
0.5,0.2,tournament,scattered,uniform,18.35235294117647,0.09986981830100766,0.009363329832045107,1.0,0.10200711013235218
0.4,0.2,tournament,singlepoint,frequency,18.354117647058825,0.11972094733356879,0.024067181152500887,1.0,0.12188784230793202
0.5,0.05,tournament,scattered,uniform,18.355882352941176,0.10462962329893805,0.024972100926656103,1.0,0.10679951827338134
0.7,0.05,tournament,scattered,frequency,18.371176470588235,0.08236150899172856,0.032580582839392865,1.0,0.08417869997532283
0.6,0.1,tournament,scattered,frequency,18.390588235294118,0.06916792112157767,0.04424641263274169,1.0,0.07073991932888625
0.4,0.1,tournament,scattered,uniform,18.391764705882352,0.05491898049930577,0.020478728321598912,1.0,0.05620363501390942
0.3,0.2,tournament,singlepoint,frequency,18.39588235294118,0.04567648040561214,0.011863781961664566,1.0,0.04680576228942038
0.3,0.1,tournament,singlepoint,uniform,18.405882352941177,0.0417808031784518,0.05142739759375344,1.0,0.04284164388415468
0.7,0.05,tournament,scattered,uniform,18.416470588235295,0.028636817892360864,0.008743114992420009,1.0,0.029459822456217085
0.5,0.1,tournament,singlepoint,uniform,18.42235294117647,0.03856570666937459,0.01483678872351726,1.0,0.03957067622427686
0.4,0.1,tournament,twopoint,uniform,18.423529411764708,0.034827373378202325,0.02387689615964779,1.0,0.03578154799130376
0.3,0.2,tournament,twopoint,frequency,18.424117647058825,0.02800962935812173,0.01087608439944288,1.0,0.02883344198630178
0.6,0.1,tournament,scattered,uniform,18.42529411764706,0.03852980527733976,0.04708136362855644,1.0,0.03955961102464806
0.5,0.1,tournament,twopoint,frequency,18.425882352941176,0.05016116734885709,0.009222321913621816,1.0,0.05136790544502595
0.5,0.1,tournament,singlepoint,frequency,18.43,0.02970451095375654,0.031961286869652016,1.0,0.030538253754677905
0.5,0.2,tournament,singlepoint,frequency,18.43470588235294,0.022359615022299138,0.005161041456084291,1.0,0.023107869855722534
0.8,0.1,stochunif,scattered,frequency,18.44058823529412,0.020649340481590048,0.008139367457884458,1.0,0.021354373774461144
0.4,0.05,tournament,scattered,uniform,18.44235294117647,0.027513311356802222,0.014958446583501822,1.0,0.028341049958772725
0.5,0.1,stochunif,scattered,uniform,18.445882352941176,0.024454188100990256,0.0036149198861349097,1.0,0.02522288556585439
0.7,0.2,tournament,scattered,uniform,18.449411764705882,0.02245172201550466,0.002012782173320517,1.0,0.023187844048799897
0.5,0.02,tournament,scattered,frequency,18.458235294117646,0.025454903934370346,0.02204247433674648,1.0,0.02623787545591184
0.8,0.2,stochunif,scattered,uniform,18.460588235294118,0.022571896874810562,0.006530596096789644,1.0,0.023296682554276957
0.7,0.2,tournament,scattered,frequency,18.46235294117647,0.013918077790279534,0.0020516443541176463,0.835084667416772,0.014459744406128145
0.3,0.05,tournament,scattered,uniform,18.462941176470586,0.02049541517748622,0.010556043630380032,1.0,0.02120911885975085
0.5,0.05,tournament,singlepoint,frequency,18.46764705882353,0.0125116114687004,0.005924984749141221,0.7652700626830676,0.013007120833797445
0.6,0.2,stochunif,scattered,uniform,18.46764705882353,0.015563816015443186,0.0004680397640123546,0.918265144911148,0.016158872923087025
0.5,0.2,tournament,twopoint,uniform,18.46941176470588,0.016410449658792178,0.007960278884260501,0.9353956305511542,0.017015443194600185
0.5,0.05,stochunif,scattered,uniform,18.471176470588237,0.011451873281604786,0.0015785902370213081,0.7329198900227063,0.011929034668338319
0.5,0.2,stochunif,scattered,frequency,18.474117647058826,0.01117873929370837,0.014259030258950207,0.7285999630765838,0.011652226596684766
0.5,0.2,stochunif,scattered,uniform,18.47705882352941,0.012210008696486222,0.000577752960300092,0.7652700626830676,0.012701957527718495
0.4,0.1,tournament,singlepoint,uniform,18.47764705882353,0.01103939337994824,0.006575343170798973,0.7285999630765838,0.011514599055244025
0.5,0.1,stochunif,singlepoint,frequency,18.48,0.005923367192756968,0.0025672645824354125,0.46202264103504354,0.006227839338179056
0.4,0.05,stochunif,scattered,frequency,18.484117647058824,0.016600432224260813,0.018637155748087025,0.9353956305511542,0.017201105758691302
0.4,0.1,roulette,scattered,frequency,18.48470588235294,0.007253547806943427,0.0035956617080653472,0.5344865288046168,0.007601023150988621
0.8,0.1,tournament,scattered,frequency,18.485294117647058,0.01019342867715468,0.002081735210550544,0.6829597213693636,0.0106392645238692
0.3,0.1,stochunif,scattered,uniform,18.486470588235296,0.015992449755333087,0.002694403316799605,0.927562085809319,0.016592956761956264
0.4,0.05,tournament,scattered,frequency,18.49235294117647,0.00903558313067655,0.0020449308630987903,0.6234552360166818,0.00944329358381922
0.6,0.1,roulette,scattered,uniform,18.494705882352942,0.008593969204628673,0.015266020065694594,0.6015778443240072,0.00898771679766943
0.8,0.1,stochunif,scattered,uniform,18.5,0.007307970632983361,0.00033139179609571745,0.5344865288046168,0.007652961267918081
0.6,0.1,roulette,scattered,frequency,18.505294117647058,0.007191528140684596,0.0004165480003605203,0.5344865288046168,0.007541049814632649
0.4,0.05,tournament,singlepoint,uniform,18.508235294117647,0.017057969818184526,0.01663366274062749,0.938188340000149,0.017663578214096403
0.5,0.2,roulette,scattered,frequency,18.508235294117647,0.007126487050728224,0.019051337563004988,0.5344865288046168,0.00747782618580743
0.3,0.05,tournament,twopoint,frequency,18.51,0.006005114322106194,0.0007408133455492151,0.46239380280217696,0.006309576422493165
0.8,0.1,roulette,scattered,frequency,18.51235294117647,0.009329792087294961,0.023496015382055504,0.6344258619360573,0.009744312027512973
0.7,0.1,stochunif,scattered,uniform,18.513529411764708,0.012147143852112184,0.006252418606619167,0.7652700626830676,0.012644911809039452
0.5,0.05,tournament,twopoint,frequency,18.51529411764706,0.00796030781408181,0.001162575619377179,0.5651818547998085,0.008330554689155382
0.8,0.05,tournament,scattered,frequency,18.515882352941176,0.004396470015885221,0.0008292997425634421,0.3726059027265725,0.004641045760736744
0.5,0.2,tournament,twopoint,frequency,18.517647058823528,0.005025484968144046,0.0004936798053233842,0.40706428241966774,0.005294407240686872
0.8,0.2,roulette,scattered,frequency,18.518235294117645,0.0032640479896993545,0.006633294447904143,0.29997728580081395,0.003461869079984164
0.5,0.1,tournament,twopoint,uniform,18.52294117647059,0.004346821307662974,0.009625015648952379,0.3726059027265725,0.004591712648939762
0.5,0.1,roulette,scattered,frequency,18.52470588235294,0.006056896444637947,0.062315704728494285,0.46239380280217696,0.006359741266869844
0.3,0.1,roulette,scattered,frequency,18.53,0.003260622671747978,0.0018676039646817833,0.29997728580081395,0.0034605665148268634
0.6,0.2,tournament,twopoint,frequency,18.534117647058824,0.0018644044707599404,0.0007202490783978818,0.18830485154675397,0.0019908047738623094
0.5,0.1,stochunif,twopoint,frequency,18.53764705882353,0.0020958776147458795,0.0015403372947193112,0.20539600624509619,0.0022334284460248715
0.7,0.1,stochunif,twopoint,frequency,18.53764705882353,0.004421635590983499,0.0033922405472259797,0.3726059027265725,0.004664484967045553
0.4,0.05,tournament,twopoint,uniform,18.538235294117648,0.003815871806163505,0.0002772532592977606,0.33198084713622494,0.004036264670723654
0.3,0.1,stochunif,twopoint,frequency,18.539411764705882,0.005366557585613205,0.00035517956904016596,0.42424429974459715,0.005646177820534935
0.6,0.2,tournament,scattered,uniform,18.539411764705882,0.004332626775890378,0.005406556069957132,0.3726059027265725,0.0045797900483405
0.8,0.1,tournament,scattered,uniform,18.541764705882354,0.003087497896973454,9.199151183374911e-05,0.28713730441853125,0.0032790351906494875
0.3,0.05,stochunif,scattered,frequency,18.54235294117647,0.0037451554127025228,0.0037460330018552657,0.32957367631782203,0.003964126192880694
0.5,0.1,roulette,scattered,uniform,18.544117647058826,0.0026479125549937455,0.0008098798056936561,0.2515516927244058,0.0028159772276267043
0.6,0.1,tournament,singlepoint,uniform,18.54764705882353,0.005303053746807464,0.004539033588141295,0.42424429974459715,0.005583094686645558
0.3,0.1,stochunif,scattered,frequency,18.548235294117646,0.003528924113974973,0.003882380109641987,0.31760317025774754,0.0037402795959021414
0.4,0.05,stochunif,twopoint,frequency,18.552941176470586,0.003654119995143623,0.002565450539295946,0.32521667956778244,0.0038703691945872268
0.3,0.02,tournament,scattered,frequency,18.554117647058824,0.00200535750280144,0.0027180996416740605,0.19853039277734255,0.002138414398721915
0.6,0.05,tournament,scattered,uniform,18.56764705882353,0.002949761897790288,0.004083203476162678,0.27727761839228704,0.0031348684136435247
0.4,0.2,stochunif,scattered,frequency,18.568235294117645,0.0016591035963528786,0.0023353411846973936,0.17586498121340513,0.00177761099609237
0.3,0.05,roulette,scattered,frequency,18.570588235294117,0.001869276967014181,0.0006788152306688804,0.18830485154675397,0.0019946553001675715
0.4,0.05,roulette,scattered,frequency,18.571176470588238,0.0017801327661233978,0.0010304434368355994,0.18157354214458657,0.0019021092989446075
0.3,0.1,roulette,twopoint,frequency,18.573529411764707,0.001323211866924428,0.0014408368705344128,0.14653145088448352,0.0014215952867707871
0.4,0.05,tournament,twopoint,frequency,18.575294117647058,0.004656442243489532,0.011768156503403718,0.3818282639661416,0.004908899955485952
0.4,0.1,stochunif,scattered,frequency,18.578823529411764,0.0012371110705733227,0.006032613264192411,0.14226043907830685,0.0013327290944958846
0.3,0.2,tournament,singlepoint,uniform,18.58,0.0016759496966249955,3.1822132340673e-05,0.17597471814562451,0.0017944396819744174
0.6,0.1,stochunif,twopoint,frequency,18.58235294117647,0.0011992717587178542,0.0010916260655079223,0.13911552401127109,0.0012937349451922057
0.3,0.05,stochunif,scattered,uniform,18.584705882352942,0.0025014953202468705,0.002836723758030234,0.24264504606394643,0.002663864184847073
0.6,0.1,tournament,singlepoint,frequency,18.58529411764706,0.0017591915813873074,0.00033054481945538674,0.18119673288289267,0.0018810093283672838
0.6,0.2,roulette,scattered,uniform,18.601176470588236,0.0013201031611214731,0.0016982890318057357,0.14653145088448352,0.0014192235349940751
0.5,0.05,roulette,scattered,frequency,18.60235294117647,0.001237047296333103,0.0004885751167771373,0.14226043907830685,0.0013327290944958846
0.3,0.05,stochunif,singlepoint,frequency,18.603529411764704,0.0012554653244152409,0.0013948084617129563,0.14226043907830685,0.0013515775023609053
0.3,0.1,roulette,twopoint,uniform,18.60529411764706,0.000846947228641604,6.06357538063301e-05,0.1033275618942757,0.0009174290819192066
0.7,0.2,roulette,scattered,frequency,18.605882352941176,0.0014547563521470545,0.0006909366321751496,0.1571136860318819,0.0015607910453893806
0.6,0.05,tournament,twopoint,frequency,18.606470588235297,0.0010005643496963303,7.142973097405444e-05,0.11806659326416698,0.0010808565505978876
0.4,0.05,tournament,singlepoint,frequency,18.607058823529414,0.0014914859347209296,0.0005432182847160707,0.15958899501513948,0.001599108473237212
0.5,0.05,tournament,twopoint,uniform,18.610588235294117,0.002528762748114197,0.0005580316419786226,0.2427612238189629,0.002691081978567473
0.4,0.02,tournament,scattered,frequency,18.614117647058823,0.001184963418952845,0.00121472337483296,0.13864072001748287,0.001279175726422708
0.7,0.2,stochunif,scattered,uniform,18.61470588235294,0.0013013053772597642,0.0023094531334104345,0.1457462022530936,0.001399969924306099
0.5,0.1,stochunif,twopoint,uniform,18.616470588235295,0.00046509561704798606,8.987900835603698e-05,0.06185771706738215,0.0005076407462581968
0.6,0.1,roulette,twopoint,uniform,18.62,0.0005528426286075119,4.892054547926345e-05,0.07076385646176152,0.0006013308978293033
0.4,0.02,tournament,scattered,uniform,18.62,0.000906504765549311,0.0005340815425668088,0.10787406710036801,0.0009799210746329202
0.6,0.05,stochunif,scattered,uniform,18.623529411764707,0.001428692004421143,0.0004399055316543166,0.15572742848190457,0.0015338717838877301
0.3,0.05,tournament,singlepoint,frequency,18.62470588235294,0.0006179691156376397,0.0005370476662737572,0.0778641085703426,0.0006712423152615741
0.6,0.1,stochunif,scattered,frequency,18.625882352941176,0.0016874994346645661,0.0026855336284575884,0.17597471814562451,0.0018055785391281871
0.7,0.1,stochunif,twopoint,uniform,18.626470588235296,0.0005596955905094368,0.00016442907228824397,0.07108133999469848,0.0006083647722928662
0.5,0.05,tournament,singlepoint,uniform,18.63,0.0006754471180828311,0.0017545090203129774,0.08443088976035389,0.0007331696836529697
0.3,0.05,tournament,twopoint,uniform,18.63,0.0006975708494323496,5.7271824827925905e-05,0.08649878532961135,0.0007566625949421146
0.9,0.2,stochunif,scattered,frequency,18.632941176470588,0.0004568116914535364,0.00021094470706527457,0.061212766654773876,0.0004989448086264354
0.5,0.1,roulette,twopoint,uniform,18.63764705882353,0.0004760851048004321,0.0005022769400133605,0.06241632428047406,0.0005189162906994329
0.3,0.02,tournament,scattered,uniform,18.639411764705883,0.0004908861885360593,3.1328925444001646e-05,0.06381520450968771,0.0005346789397955002
0.6,0.05,stochunif,scattered,frequency,18.64,0.0008614267443325668,0.0021529894645070653,0.10423263606424059,0.0009324722490197889
0.6,0.05,tournament,singlepoint,frequency,18.642941176470586,0.0002612143555803578,7.151377019438028e-05,0.038659724625892955,0.0002881040686548064
0.5,0.05,stochunif,scattered,frequency,18.642941176470586,0.0003260423721432402,0.0003711679729744525,0.04694321832543957,0.00035835082772198417
0.8,0.1,roulette,scattered,uniform,18.642941176470586,0.0002439488634560386,8.705627807086923e-05,0.03659232951840579,0.00026943861146091217
0.6,0.2,stochunif,twopoint,frequency,18.645882352941175,0.00021312536574608044,4.738372344945968e-05,0.033185938272600246,0.0002362226960239808
0.6,0.1,roulette,singlepoint,frequency,18.646470588235296,0.00014868408955755755,1.655135517782654e-05,0.024086822508324324,0.00016561346609133884
0.8,0.05,tournament,scattered,uniform,18.646470588235296,0.0003153776269529841,0.0001572971469703683,0.04572975590818269,0.00034711374035705796
0.4,0.2,stochunif,scattered,uniform,18.647058823529413,0.00032599457170444146,2.891870385151222e-05,0.04694321832543957,0.00035835082772198417
0.4,0.1,stochunif,scattered,uniform,18.648823529411764,0.0008976023215307717,0.000516926882933439,0.1077122785836926,0.0009709640497328059
0.4,0.1,roulette,scattered,uniform,18.655882352941177,0.00011786230474541466,3.220890953446664e-05,0.020154454111465908,0.0001321232241808029
0.7,0.2,roulette,scattered,uniform,18.655882352941177,0.0003591852272988861,0.00021425212334024406,0.05100430227644182,0.00039450260320484347
0.7,0.05,stochunif,scattered,frequency,18.656470588235294,0.0004152153188326875,0.00010025044121473703,0.05688449868007819,0.0004544573503554432
0.6,0.05,roulette,scattered,uniform,18.65705882352941,0.0005184708563724988,0.0026975956471562493,0.06688274047205234,0.0005643342078691677
0.6,0.1,roulette,twopoint,frequency,18.65705882352941,0.0004728509415187429,9.604986570153649e-05,0.06241632428047406,0.0005157480837202355
0.3,0.05,stochunif,singlepoint,uniform,18.658235294117645,0.00017913203302271418,0.00011158152764862212,0.02830286121758884,0.00019896541044483416
0.3,0.2,stochunif,scattered,frequency,18.658823529411766,0.0001270051483783453,7.60334748828454e-05,0.0215908752243187,0.00014227105881642522
0.4,0.1,roulette,twopoint,frequency,18.658823529411766,0.0008313579852178287,0.00727824824671669,0.10225703218179293,0.0009011623033159534
0.7,0.1,tournament,twopoint,frequency,18.661176470588238,0.00036781128872607024,1.7132804466152762e-05,0.05149358042164983,0.0004034141920219781
0.7,0.05,roulette,scattered,frequency,18.661764705882355,6.927470661482206e-05,7.86214805385949e-05,0.01246944719066797,7.81573516607054e-05
0.6,0.1,stochunif,scattered,uniform,18.665294117647058,0.00037170000211130796,8.737486939230783e-05,0.05166630029347181,0.00040739561818045237
0.9,0.1,tournament,scattered,frequency,18.665882352941175,0.00016482539996442693,5.3137200933577085e-05,0.02620723859434388,0.00018320395550033337
0.3,0.1,roulette,scattered,uniform,18.66588235294118,5.4028404664728225e-05,1.2832228118557898e-05,0.01004928326763945,6.121923550140069e-05
0.7,0.05,tournament,twopoint,frequency,18.667058823529413,0.00023233505956763844,7.642739979501837e-06,0.035082593994713404,0.0002567913816273898
0.5,0.1,roulette,twopoint,frequency,18.66764705882353,0.0003127584384721972,0.0007456820495101591,0.045662732016940794,0.0003444717067088885
0.7,0.1,roulette,scattered,frequency,18.668235294117647,0.0003871514342809414,6.061289360993824e-05,0.053426897930769914,0.0004240358198835068
0.4,0.05,roulette,twopoint,frequency,18.671764705882353,0.00022931112987218584,0.0011270505143649713,0.034855291740572246,0.0002536271274920595
0.4,0.2,tournament,singlepoint,uniform,18.674705882352942,0.00022455411307305777,8.927992553283467e-05,0.03435918286762909,0.00024854021650742516
0.4,0.05,roulette,singlepoint,frequency,18.678823529411765,0.00022311157706252655,0.0007722042956589363,0.03435918286762909,0.0002471172530755832
0.5,0.1,roulette,singlepoint,frequency,18.681764705882355,0.00015168496336331178,2.797818546485853e-06,0.024269594138129885,0.000168717385096904
0.7,0.1,roulette,twopoint,uniform,18.68235294117647,0.00021273037354230926,0.0005269945317124818,0.033185938272600246,0.00023595094248530778
0.8,0.05,stochunif,scattered,frequency,18.684117647058823,0.00027096788497948444,1.2067795718687884e-05,0.03983227909198421,0.0002986524974406494
0.4,0.2,roulette,scattered,frequency,18.685882352941174,7.213954526278799e-05,1.6245028558980106e-05,0.012840839056776262,8.127309283897789e-05
0.4,0.1,stochunif,twopoint,frequency,18.68764705882353,0.00013140687366479061,2.4289123028566658e-05,0.02207635477568482,0.0001469927741633844
0.3,0.1,stochunif,singlepoint,frequency,18.688823529411767,0.00013845708522310871,3.066309664776738e-05,0.022983876147036047,0.0001546595100896427
0.4,0.1,stochunif,singlepoint,frequency,18.69,0.00014594509797990812,7.406091824885099e-05,0.023789050970725024,0.00016267765698397402
0.5,0.2,roulette,scattered,uniform,18.69058823529412,5.7702626651595765e-05,4.138628646396835e-07,0.010674985930545217,6.53252136284511e-05
0.4,0.05,stochunif,singlepoint,frequency,18.69529411764706,0.000435101475928614,0.0005683217021671703,0.05873869925036289,0.000475561987916424
0.5,0.05,stochunif,twopoint,uniform,18.698823529411765,7.072856893098471e-05,0.00013146295521797302,0.012660413838646264,7.974051257430274e-05
0.5,0.2,tournament,singlepoint,uniform,18.701176470588237,8.511897458985255e-05,1.1815694928996295e-05,0.014830893507322878,9.562224320899983e-05
0.5,0.05,stochunif,singlepoint,frequency,18.701176470588237,9.26825417354128e-05,6.252796025899912e-06,0.016034079720226413,0.00010404490608216334
0.3,0.05,roulette,scattered,uniform,18.701764705882354,6.855311131816834e-05,0.000339172539440508,0.01240811314858847,7.739867406889974e-05
0.3,0.05,tournament,singlepoint,uniform,18.70235294117647,5.1793739618760745e-05,9.139240829217181e-06,0.00968542930870826,5.872940237548465e-05
0.4,0.1,stochunif,twopoint,uniform,18.70470588235294,0.00042703533741427884,0.0015791818587555762,0.05807680588834192,0.0004670699002968675
0.3,0.1,stochunif,twopoint,uniform,18.708823529411767,0.00014057886813807416,3.168504542440214e-05,0.023195513242782236,0.00015691829717751014
0.7,0.02,tournament,scattered,frequency,18.708823529411767,0.00014464308751641086,3.374052696138089e-06,0.02372146635269138,0.00016134055441809284
0.6,0.1,tournament,twopoint,uniform,18.709411764705884,5.079211595505071e-05,1.6313983770762913e-05,0.009599709915504583,5.767669980476198e-05
0.3,0.02,tournament,singlepoint,frequency,18.710588235294118,0.0003634850933118346,0.002037594617145874,0.05125139815696868,0.00039894705363494043
0.8,0.05,stochunif,scattered,uniform,18.71470588235294,0.00020454481879896214,5.053507631580062e-06,0.032113536551437054,0.0002270317756225267
0.8,0.2,tournament,scattered,uniform,18.71529411764706,7.344573086863742e-05,1.1146979502775685e-05,0.012999894363748824,8.26855083045775e-05
0.7,0.2,tournament,twopoint,frequency,18.72,8.363952409488186e-05,4.6543190092492214e-05,0.014720556240699208,9.409446460674209e-05
0.7,0.1,tournament,twopoint,uniform,18.721764705882354,5.1244166303678733e-05,1.195425257890892e-05,0.009633903265091602,5.8148099371969745e-05
0.4,0.1,stochunif,singlepoint,uniform,18.733529411764707,0.00015031770960324695,0.0002266683761270501,0.024201151246122758,0.0001673147651060876
0.3,0.05,stochunif,twopoint,frequency,18.733529411764707,5.773504594971678e-05,8.715400404215884e-06,0.010674985930545217,6.53252136284511e-05
0.4,0.1,roulette,twopoint,uniform,18.733529411764707,4.014747650043434e-05,2.841084218869415e-05,0.007668168011582959,4.565507255464555e-05
0.7,0.1,roulette,scattered,uniform,18.734117647058824,0.00013610915158109138,0.00021604906642546954,0.02273022831404226,0.00015214472231385304
0.6,0.05,tournament,twopoint,uniform,18.736470588235296,0.00010495620021541504,2.1720624733408443e-05,0.018052466437051388,0.0001177393271647284
0.5,0.2,roulette,twopoint,frequency,18.737058823529413,1.5043963647676315e-05,4.264508629039888e-06,0.0031141004750689974,1.730770105558086e-05
0.8,0.2,roulette,scattered,uniform,18.741176470588236,2.452688362807394e-05,3.4346374940186254e-06,0.004782742307474418,2.7972369090670857e-05
0.5,0.02,tournament,scattered,uniform,18.74235294117647,0.00025603757628603487,2.8662356074574615e-05,0.03814959886661919,0.00028259227936265234
0.6,0.2,tournament,singlepoint,frequency,18.747647058823528,1.7512279415770606e-05,4.515982971235232e-07,0.003554992721401433,2.008874004358245e-05
0.6,0.2,stochunif,twopoint,uniform,18.748823529411766,6.815047139693677e-05,3.278782411308542e-05,0.012403385794242492,7.699927722394219e-05
0.4,0.2,roulette,scattered,uniform,18.75294117647059,2.1241934345627478e-05,1.2081919347280404e-05,0.004205903000434241,2.427869854453068e-05
0.7,0.1,tournament,singlepoint,frequency,18.755294117647058,8.474796289898787e-05,2.8135182330360632e-05,0.014830893507322878,9.527340582862663e-05
0.3,0.1,stochunif,singlepoint,uniform,18.755882352941175,0.00012913858923832366,7.881003902300496e-05,0.021824421581276697,0.00014455812228170557
0.6,0.1,stochunif,twopoint,uniform,18.759411764705884,3.255936611606461e-05,1.1166200014975669e-07,0.006283957660400469,3.7079538418511756e-05
0.9,0.05,tournament,scattered,uniform,18.76235294117647,1.456498336237062e-05,3.094789605987351e-06,0.0030440815227354596,1.6781162249988097e-05
0.8,0.1,stochunif,twopoint,frequency,18.76235294117647,2.0263868713250707e-05,6.456719980542938e-07,0.004073037611363392,2.3211340526087175e-05
0.3,0.2,stochunif,scattered,uniform,18.76235294117647,6.6921406159622086e-06,2.8088506212279622e-06,0.0014521945136637992,7.755792104591963e-06
0.9,0.05,tournament,scattered,frequency,18.769411764705882,2.4155410950279125e-05,0.00011839367619226726,0.004758615957204988,2.7588667328999003e-05
0.4,0.05,roulette,scattered,uniform,18.77235294117647,2.42329227555053e-05,1.3527521506599048e-05,0.004758615957204988,2.765714010139192e-05
0.5,0.2,stochunif,twopoint,frequency,18.781176470588235,1.3318249876326872e-05,4.49997842934096e-06,0.002796832474028643,1.535596160703867e-05
0.4,0.05,roulette,singlepoint,uniform,18.78235294117647,2.0856937626580908e-05,5.328748342380896e-06,0.0041505305876896005,2.3855974409487964e-05
0.6,0.02,stochunif,scattered,frequency,18.785882352941176,1.7060065110662853e-05,1.9469594869090565e-06,0.003480253282575222,1.9584258417852764e-05
0.8,0.2,tournament,scattered,frequency,18.785882352941176,5.829598641808639e-06,3.466289068848435e-06,0.001276682102556092,6.766114856926019e-06
0.6,0.05,stochunif,twopoint,frequency,18.78764705882353,3.475098195158273e-05,4.343024737195515e-06,0.006672188534703884,3.9546818333629196e-05
0.5,0.05,roulette,twopoint,frequency,18.788823529411765,5.698319665092341e-06,1.7841290273491819e-06,0.0012536303263203149,6.618623504808582e-06
0.6,0.02,tournament,scattered,frequency,18.79,2.478468641607534e-05,3.630166670795048e-05,0.004808229164718615,2.824593422960829e-05
0.8,0.1,tournament,singlepoint,frequency,18.79294117647059,4.696727876437402e-05,1.0947349049827935e-05,0.008923782965231063,5.3371907686788654e-05
0.8,0.02,tournament,scattered,frequency,18.79352941176471,7.975093749716e-06,1.3742493376686178e-06,0.0017146451561889401,9.229076161500882e-06
0.9,0.1,stochunif,scattered,frequency,18.794117647058826,1.1707489358275934e-06,4.998680086083954e-07,0.0002973702297002087,1.3948030059973218e-06
0.5,0.2,roulette,twopoint,uniform,18.794117647058826,2.0534102302247603e-05,2.432823196815481e-06,0.00410682046044952,2.3503787155552306e-05
0.5,0.05,roulette,singlepoint,frequency,18.796470588235294,1.463542306550564e-05,8.619974443430761e-06,0.003044167997625173,1.6849993660943994e-05
0.5,0.05,stochunif,singlepoint,uniform,18.8,1.8145542964113117e-05,3.3166397409585176e-06,0.0036653996787508495,2.0800021956679883e-05
0.4,0.2,stochunif,twopoint,frequency,18.801176470588235,3.1572287672422598e-06,5.7199759857427976e-08,0.000729319845232962,3.6971266233506016e-06
0.5,0.02,stochunif,scattered,frequency,18.80529411764706,8.219837684036339e-06,1.2794225397160537e-05,0.0017508254266997401,9.498345086102153e-06
0.6,0.2,roulette,twopoint,frequency,18.80529411764706,2.9211664012013326e-06,9.220535749857108e-08,0.0006777106050787091,3.4232418764078116e-06
0.4,0.05,stochunif,scattered,uniform,18.80764705882353,1.611481499043555e-05,8.963661045663682e-06,0.0033035370730392878,1.8512643041528803e-05
0.6,0.05,roulette,twopoint,frequency,18.808235294117647,1.8547007240297293e-06,6.036056200945759e-07,0.00045996577955937284,2.1996638858033308e-06
0.4,0.1,roulette,singlepoint,frequency,18.808235294117647,9.404620525866083e-06,1.5580302828209906e-05,0.0019843749309577437,1.0851485222153173e-05
0.7,0.05,roulette,twopoint,frequency,18.816470588235294,5.940713000485412e-05,1.0652149640752749e-05,0.010871504790888303,6.716886558337778e-05
0.6,0.05,roulette,singlepoint,uniform,18.818235294117645,1.930853011823158e-06,6.96213475283012e-07,0.0004691972818730274,2.281390467833064e-06
0.7,0.2,roulette,twopoint,frequency,18.819411764705883,8.064513307435302e-06,1.733825377429322e-06,0.0017258058477911545,9.325703714545227e-06
0.3,0.02,stochunif,twopoint,frequency,18.82294117647059,1.99665755285818e-06,8.890495474962983e-08,0.00048319112779167953,2.35737304778983e-06
0.8,0.1,tournament,twopoint,frequency,18.82764705882353,1.2270348646901708e-06,1.2133326200647725e-07,0.00031043982076661323,1.4607557912978224e-06
0.3,0.02,tournament,twopoint,frequency,18.83,5.496350913376398e-06,2.6726075979607986e-07,0.001214693551856184,6.3887473716367735e-06
0.6,0.2,stochunif,singlepoint,uniform,18.83235294117647,4.1656295906114404e-06,6.698231271039483e-07,0.0009497635466594084,4.867111724935474e-06
0.5,0.02,tournament,singlepoint,frequency,18.832941176470587,4.964817854691742e-06,4.408842983167162e-06,0.0011071543815962584,5.779444287612339e-06
0.7,0.1,tournament,singlepoint,uniform,18.834117647058825,6.082797740392409e-06,2.7739811782337258e-06,0.0013260499074055452,7.054791193754082e-06
0.6,0.05,roulette,scattered,frequency,18.836470588235294,7.644906069770761e-06,4.944297966840849e-06,0.0016512997110704843,8.85347577933011e-06
0.7,0.2,stochunif,twopoint,frequency,18.841176470588234,2.0095578962304988e-06,8.144726751006832e-08,0.0004843034529915502,2.370826731507892e-06
0.7,0.05,tournament,twopoint,uniform,18.841176470588238,4.8629878834265845e-06,6.22498157086382e-07,0.0010941722737709816,5.669286392595759e-06
0.6,0.2,tournament,twopoint,uniform,18.84294117647059,5.417010541171966e-06,4.947724510341863e-06,0.0012025763401401766,6.301175481791615e-06
0.8,0.05,tournament,twopoint,frequency,18.845294117647057,2.4145803042096642e-06,2.8510106368962365e-07,0.0005674263714892711,2.83591646467578e-06
0.3,0.05,roulette,singlepoint,uniform,18.847058823529412,4.371633661205191e-06,1.7346242843234206e-06,0.0009923608410935783,5.104020026981598e-06
0.7,0.1,stochunif,singlepoint,uniform,18.851764705882353,2.3870440503290152e-06,5.260442399064615e-07,0.0005633423958776476,2.805667447215074e-06
0.5,0.05,stochunif,twopoint,frequency,18.853529411764708,3.881309036493149e-06,2.2118589611716348e-06,0.0008888197693569311,4.538278940220275e-06
0.3,0.05,roulette,twopoint,uniform,18.854117647058825,4.902022392607813e-06,3.107164573856958e-06,0.00109805301594415,5.710566026891497e-06
0.3,0.02,stochunif,scattered,frequency,18.854117647058825,1.915800291580681e-06,1.7309448333734755e-07,0.0004674552711456862,2.265304398828508e-06
0.7,0.05,tournament,singlepoint,frequency,18.85764705882353,2.189361085653868e-06,7.099723574800066e-08,0.0005210679383856206,2.5771627129333646e-06
0.7,0.05,stochunif,scattered,uniform,18.86235294117647,1.552019133573353e-05,2.9084111948644607e-05,0.003197159415161107,1.7842555732686357e-05
0.6,0.02,tournament,twopoint,frequency,18.864117647058823,2.636571060806383e-06,3.5154233639070516e-06,0.0006143210571678872,3.09203233117651e-06
0.7,0.2,stochunif,singlepoint,uniform,18.865882352941174,1.8705933436556942e-06,2.0141249031054727e-06,0.00046203655588295645,2.2168431273571997e-06
0.9,0.2,stochunif,scattered,uniform,18.868823529411767,2.1110470819085815e-06,6.684542456496124e-07,0.0005066512996580595,2.488696971561389e-06
0.5,0.2,stochunif,twopoint,uniform,18.869411764705884,2.4560849068020866e-06,2.6539565368578855e-05,0.0005747238681916882,2.8825139554495427e-06
0.4,0.2,roulette,twopoint,frequency,18.870588235294118,9.19942486890455e-06,4.102057247957863e-06,0.0019502780722077647,1.062250305610313e-05
0.4,0.1,roulette,singlepoint,uniform,18.870588235294118,1.8786680014527133e-06,2.813913998080368e-06,0.00046203655588295645,2.223066943867786e-06
0.3,0.01,tournament,scattered,frequency,18.871764705882352,4.590345141818144e-06,6.684669935995207e-08,0.0010374180020509005,5.355402665454501e-06
0.8,0.1,tournament,singlepoint,uniform,18.871764705882352,1.8765428591169343e-06,2.937197256950125e-08,0.00046203655588295645,2.2222218068490012e-06
0.7,0.1,stochunif,singlepoint,frequency,18.87235294117647,3.2708477757432175e-07,6.895696592276121e-07,8.831288994506688e-05,3.94455225635189e-07
0.7,0.2,roulette,twopoint,uniform,18.873529411764704,1.2638724777143057e-06,6.612439914892504e-07,0.00031849586438400504,1.5034736800604467e-06
0.6,0.05,stochunif,twopoint,uniform,18.875882352941176,3.349602798165695e-06,3.7599196284479174e-07,0.0007704086435781098,3.9194832147926964e-06
0.6,0.2,tournament,singlepoint,uniform,18.875882352941176,3.3068378454856054e-08,8.810457372897304e-09,1.0118923807185953e-05,4.100999690267582e-08
0.7,0.05,stochunif,twopoint,frequency,18.87764705882353,9.038723641112632e-07,1.7336629691316838e-06,0.00023229519757659466,1.0793017236355114e-06
0.4,0.2,stochunif,twopoint,uniform,18.87764705882353,1.4095670056505496e-06,1.076871492020076e-06,0.0003509821844069868,1.6729977648075477e-06
0.6,0.1,stochunif,singlepoint,frequency,18.885882352941177,1.299323957620045e-06,7.63639937266415e-08,0.0003261303133626313,1.5444794213219403e-06
0.5,0.05,roulette,scattered,uniform,18.890588235294118,2.350852803163327e-06,2.6126229365157003e-06,0.0005571521143497084,2.765192804318327e-06
0.6,0.2,roulette,twopoint,uniform,18.89235294117647,2.928125210239895e-07,2.2450575027354202e-07,7.993781823954913e-05,3.5393685388548234e-07
0.3,0.05,roulette,twopoint,frequency,18.901176470588236,1.3115507767068753e-06,1.5704840485896874e-06,0.00032788769417671883,1.5578374610206098e-06
0.7,0.05,stochunif,singlepoint,frequency,18.90352941176471,1.033548384513934e-06,1.5284306326067812e-06,0.0002642752926380775,1.2322775969791416e-06
0.5,0.05,roulette,twopoint,uniform,18.905882352941177,2.158552020150178e-06,3.0514216396632653e-06,0.0005158939328158926,2.542796882375864e-06
0.8,0.05,roulette,scattered,frequency,18.915294117647058,6.939491631986208e-07,4.955512651598155e-07,0.00018042678243164142,8.305242644664345e-07
0.9,0.1,tournament,scattered,uniform,18.917058823529413,3.08153454708344e-07,1.5723698551903717e-07,8.363755904315828e-05,3.719093418893807e-07
0.9,0.2,tournament,scattered,frequency,18.918235294117647,5.894322698297461e-07,2.024020949522451e-07,0.00015502068696522325,7.070493716541128e-07
0.6,0.05,stochunif,singlepoint,frequency,18.925882352941176,1.7010631360416597e-07,7.331481510468726e-08,4.7927745190805964e-05,2.0688605708614782e-07
0.6,0.05,roulette,singlepoint,frequency,18.92705882352941,3.0749102589396426e-07,1.262795421303415e-07,8.363755904315828e-05,3.7139445228757186e-07
0.3,0.1,roulette,singlepoint,uniform,18.928235294117645,4.0420689105954095e-07,5.863203623329978e-07,0.00010832744680395697,4.867170133171078e-07
0.4,0.02,stochunif,scattered,frequency,18.931176470588237,3.7083810607377993e-08,1.2933999573395243e-08,1.1236394614035532e-05,4.5881383901508513e-08
0.6,0.1,roulette,singlepoint,uniform,18.93294117647059,8.7640113106737e-08,4.976885011773744e-08,2.526843929046529e-05,1.0716861657073818e-07
0.5,0.05,roulette,singlepoint,uniform,18.93470588235294,1.7295176052077155e-07,1.8275729645739333e-08,4.8426492945816036e-05,2.1018443118843767e-07
0.4,0.02,tournament,twopoint,uniform,18.93764705882353,1.0323253618674903e-06,1.228881406352e-09,0.0002642752926380775,1.2317518522282555e-06
0.8,0.2,roulette,twopoint,frequency,18.94,3.430249185309426e-08,1.6061297895215082e-08,1.046226001519375e-05,4.2507021769176605e-08
0.5,0.1,roulette,singlepoint,uniform,18.94058823529412,5.565558790301931e-07,6.979345382259549e-08,0.00014748730794300117,6.686312047845569e-07
0.8,0.1,stochunif,twopoint,uniform,18.942941176470587,4.180858722707718e-08,2.3264105749325382e-10,1.2542576168123155e-05,5.1605427024017684e-08
0.4,0.02,tournament,singlepoint,uniform,18.943529411764704,2.418849078257475e-07,2.938994212280445e-09,6.67602345599063e-05,2.9305286909657867e-07
0.6,0.02,tournament,singlepoint,frequency,18.948823529411765,7.975264862537416e-07,1.6627538061833237e-06,0.0002057618334534653,9.530381000376654e-07
0.9,0.05,stochunif,scattered,frequency,18.949411764705882,6.940640289030713e-08,9.351281494853657e-08,2.0197263241079373e-05,8.507010470990951e-08
0.3,0.05,stochunif,twopoint,uniform,18.951176470588237,6.340440003759424e-07,1.564517148259209e-08,0.00016548548409812096,7.594063122373454e-07
0.4,0.2,stochunif,singlepoint,frequency,18.951764705882354,3.564699224743639e-08,3.606393274615649e-08,1.0836685643220662e-05,4.413837483467949e-08
0.8,0.2,stochunif,twopoint,frequency,18.95235294117647,7.725105252263538e-07,1.4130251162184702e-06,0.00020008022603362562,9.238451611476895e-07
0.5,0.1,stochunif,singlepoint,uniform,18.953529411764706,1.6079098421343223e-07,9.921569573283739e-08,4.550384853240132e-05,1.9585908749896038e-07
0.3,0.2,roulette,scattered,uniform,18.954117647058823,2.768656235215192e-07,5.675977238193271e-08,7.586118084489627e-05,3.349180929695797e-07
0.7,0.1,roulette,singlepoint,frequency,18.955882352941174,2.1983811111761097e-07,3.84728295234175e-08,6.111499489069585e-05,2.6675271572437387e-07
0.6,0.05,tournament,singlepoint,uniform,18.95705882352941,1.5341072550206004e-07,1.8884078186820752e-07,4.356864604258505e-05,1.870138488124958e-07
0.7,0.2,roulette,singlepoint,uniform,18.958823529411767,4.2588488914142356e-08,1.3334734642077635e-08,1.2691369696414421e-05,5.248581380264023e-08
0.3,0.05,roulette,singlepoint,frequency,18.959411764705884,4.2658066035604496e-07,4.311716220633787e-07,0.000113897036315064,5.132655004283964e-07
0.7,0.1,roulette,twopoint,frequency,18.959411764705884,2.7556106555637884e-07,8.789383823241331e-08,7.577929302800419e-05,3.3359621694949784e-07
0.9,0.2,roulette,scattered,frequency,18.970588235294116,3.7875892945247635e-08,7.881784356998008e-11,1.1400643776519538e-05,4.678786775589414e-08
0.3,0.1,roulette,singlepoint,frequency,18.970588235294116,6.752312019548996e-08,4.968063492565354e-09,1.971675109708307e-05,8.282625724914072e-08
0.5,0.2,stochunif,singlepoint,frequency,18.97235294117647,4.8934271922868115e-08,6.8049969246469955e-09,1.453347876109183e-05,6.02591698815616e-08
0.6,0.2,stochunif,singlepoint,frequency,18.978235294117646,8.743404598776917e-08,3.865056879551898e-06,2.526843929046529e-05,1.0699970662838883e-07
0.8,0.05,roulette,scattered,uniform,18.983529411764707,3.717929439301591e-08,3.300784965548796e-07,1.1236394614035532e-05,4.596341339795923e-08
0.3,0.2,roulette,scattered,frequency,18.984117647058824,3.5188934146225265e-09,5.104256668354447e-10,1.175310400483924e-06,4.462364837383639e-09
0.5,0.02,stochunif,scattered,uniform,18.984117647058824,2.3590080792511594e-08,1.0468746623322124e-08,7.289334964886083e-06,2.9324686068039273e-08
0.6,0.1,stochunif,singlepoint,uniform,18.985882352941175,1.6995654322980838e-07,1.5298562408706317e-08,4.7927745190805964e-05,2.0686364419393216e-07
0.8,0.1,stochunif,singlepoint,frequency,18.988823529411764,9.985692653138162e-08,9.552183246514704e-10,2.8658937914506527e-05,1.2201292419466721e-07
0.7,0.02,stochunif,scattered,frequency,18.990588235294116,5.597865365707466e-07,1.8553548685127847e-06,0.0001477836456546771,6.719998438254007e-07
0.6,0.05,roulette,twopoint,uniform,18.994117647058825,6.025907770869568e-07,4.039265636981217e-07,0.00015787878359678267,7.222834656864208e-07
0.4,0.02,stochunif,twopoint,frequency,18.996470588235294,8.290446279901676e-08,2.2537218921603202e-08,2.404229421171486e-05,1.0153540350579424e-07
0.7,0.2,stochunif,twopoint,uniform,18.997647058823528,2.4809017978423392e-09,1.1941967818519267e-08,8.509493166599224e-07,3.1690351432292655e-09
0.6,0.2,roulette,singlepoint,uniform,19.0,1.2378627910975155e-08,1.2820864555937398e-08,3.947776352936435e-06,1.5497884705712138e-08
0.9,0.1,stochunif,scattered,uniform,19.005882352941175,1.2599140258057002e-08,2.3552110459407584e-07,3.99392746180407e-06,1.5761434397489898e-08
0.4,0.05,stochunif,singlepoint,uniform,19.005882352941175,5.6642086646448345e-08,2.5535512403316724e-07,1.676605764734871e-05,6.969631755324698e-08
0.7,0.2,tournament,twopoint,uniform,19.00764705882353,2.0958122315913167e-08,1.720655103423733e-08,6.517976040248995e-06,2.6094104859733785e-08
0.4,0.02,roulette,scattered,frequency,19.008235294117647,6.077047653638676e-08,8.281042599990894e-08,1.7805749625161322e-05,7.460132544412249e-08
0.3,0.2,stochunif,twopoint,frequency,19.014117647058825,1.4150340102236797e-08,5.588095629768962e-08,4.471507472306828e-06,1.7687925127796e-08
0.7,0.2,roulette,singlepoint,frequency,19.018235294117645,2.0166909657775914e-08,9.802813277651315e-09,6.2920758132260855e-06,2.5128862904269827e-08
0.8,0.1,tournament,twopoint,uniform,19.019411764705882,1.2375474460615784e-08,2.488482253099662e-08,3.947776352936435e-06,1.5497884705712138e-08
0.7,0.1,roulette,singlepoint,uniform,19.02235294117647,2.110070915638703e-07,7.7079927648736e-09,5.887097854631981e-05,2.5623451751202447e-07
0.7,0.02,tournament,scattered,uniform,19.025882352941174,8.483725656911052e-09,2.2837878255883161e-10,2.731759661525359e-06,1.0655397057125125e-08
0.4,0.05,stochunif,twopoint,uniform,19.033529411764707,5.7355091924798366e-08,4.7743802840444345e-08,1.691975211781552e-05,7.051855564524389e-08
0.8,0.1,roulette,twopoint,uniform,19.035882352941176,5.473711601866078e-09,1.203711183641975e-07,1.8117985402176718e-06,6.924574918023352e-09
0.4,0.05,roulette,twopoint,uniform,19.037058823529414,5.919596336070411e-09,5.2415703122508346e-08,1.9534667909032353e-06,7.48263581806653e-09
0.6,0.01,tournament,scattered,frequency,19.038235294117648,2.324678415453071e-07,6.317397633675735e-08,6.439359210805007e-05,2.8186054690828225e-07
0.3,0.02,roulette,scattered,uniform,19.039411764705882,1.7489452970039486e-08,2.84716463393592e-08,5.491688232592399e-06,2.1827169911103163e-08
0.4,0.02,tournament,twopoint,frequency,19.04,3.617637164068766e-07,1.9524904689708956e-07,9.73144397134498e-05,4.359432695798245e-07
0.8,0.02,stochunif,scattered,frequency,19.04,1.0902630278860662e-07,1.5484225054823556e-08,3.118152259754149e-05,1.331135092186476e-07
0.3,0.02,roulette,twopoint,frequency,19.04294117647059,1.1673348114978698e-07,7.307018166455129e-08,3.3269042127689286e-05,1.4241303858320256e-07
0.4,0.2,roulette,singlepoint,frequency,19.04352941176471,1.6789506865824603e-08,7.895944803977626e-09,5.28869466273475e-06,2.0970240534237708e-08
0.3,0.02,roulette,singlepoint,frequency,19.044705882352943,1.7791786762926443e-09,3.6793452160367853e-09,6.155958219972549e-07,2.2782165976918007e-09
0.3,0.02,tournament,twopoint,uniform,19.044705882352943,5.302644866912551e-07,9.822585928153631e-08,0.00014105035345987385,6.375317301822342e-07
0.8,0.2,roulette,twopoint,uniform,19.04529411764706,9.282791225514231e-09,1.953159425966639e-09,2.970493192164554e-06,1.1640442818618563e-08
0.6,0.2,roulette,singlepoint,frequency,19.045882352941177,2.3125711135036463e-08,1.231344708881128e-07,7.168970451861304e-06,2.877013826041266e-08
0.7,0.05,roulette,scattered,uniform,19.050588235294118,6.152054221178092e-09,2.0738091592252704e-09,2.024025838767592e-06,7.770236887213709e-09
0.8,0.2,stochunif,singlepoint,frequency,19.051176470588235,1.9792431136378625e-08,3.422450414087416e-08,6.19503094568651e-06,2.4681772794771447e-08
0.8,0.1,roulette,twopoint,frequency,19.054117647058824,7.856052199067029e-09,1.2277499649335517e-08,2.5375048602986504e-06,9.87492594854794e-09
0.8,0.1,stochunif,singlepoint,uniform,19.056470588235296,4.08295631785191e-09,2.4822886840387736e-08,1.3596244538446862e-06,5.1734965411237e-09
0.5,0.2,stochunif,singlepoint,uniform,19.05764705882353,7.772263879875706e-09,2.1323064918111284e-09,2.5182134970797287e-06,9.777408634827665e-09
0.6,0.02,tournament,scattered,uniform,19.06529411764706,5.754688549715788e-08,7.762867545621996e-09,1.691975211781552e-05,7.069917680033047e-08
0.7,0.2,tournament,singlepoint,frequency,19.066470588235294,4.2037751108166616e-08,5.166545496498241e-09,1.2569287581341818e-05,5.184765700498232e-08
0.7,0.05,stochunif,twopoint,uniform,19.071176470588238,3.369279825256035e-09,1.3944361072049144e-08,1.1287087414607717e-06,4.276080358403106e-09
0.3,0.2,stochunif,twopoint,uniform,19.07470588235294,3.6140091447357746e-10,2.0433281448573723e-09,1.3227273469732935e-07,4.704185456990781e-10
0.5,0.02,stochunif,singlepoint,frequency,19.075294117647058,8.587049539295685e-09,6.090484588692049e-09,2.756442902113915e-06,1.0776576115052355e-08
0.7,0.02,roulette,scattered,frequency,19.091764705882355,2.3783403367348135e-10,5.440636417591879e-10,8.847426052653506e-08,3.1112010218914713e-10
0.8,0.05,tournament,singlepoint,frequency,19.093529411764706,2.9509252164476775e-09,1.063382648950094e-07,9.944617979428673e-07,3.75117612260298e-09
0.9,0.2,roulette,scattered,uniform,19.095882352941175,6.715412803899063e-09,1.9543342341169216e-09,2.1892245740710946e-06,8.46142013291282e-09
0.8,0.2,tournament,singlepoint,frequency,19.095882352941175,1.527794259935035e-09,1.3412153340132807e-09,5.301446081974572e-07,1.957913717980212e-09
0.8,0.05,stochunif,singlepoint,frequency,19.09764705882353,1.3025189310688567e-09,1.1401906503952608e-09,4.571841448051687e-07,1.6746671970885301e-09
0.7,0.05,roulette,singlepoint,frequency,19.10235294117647,6.383391997989535e-09,5.450967155397722e-08,2.087369183342578e-06,8.049513528289446e-09
0.6,0.05,stochunif,singlepoint,uniform,19.10764705882353,2.682329344311322e-09,1.2912265174870107e-09,9.093096477215382e-07,3.4152536113907296e-09
0.8,0.05,stochunif,twopoint,frequency,19.11764705882353,2.4496051631598606e-10,1.1050560342925829e-10,9.063539103691484e-08,3.199111220544594e-10
0.3,0.02,stochunif,scattered,uniform,19.118235294117646,2.687565119818794e-10,1.4700386459483207e-09,9.917115292131349e-08,3.5069718837734883e-10
0.6,0.02,roulette,scattered,frequency,19.118823529411767,3.01402306950604e-09,3.009681006130493e-09,1.0127117513540295e-06,3.828295431025817e-09
0.3,0.02,tournament,singlepoint,uniform,19.126470588235296,2.579865705644788e-08,2.4601208815336935e-09,7.920187716329499e-06,3.2019609821832476e-08
0.4,0.02,tournament,singlepoint,frequency,19.12764705882353,9.55922410062287e-10,2.745723564641313e-09,3.3648468834192504e-07,1.2300472188301488e-09
0.8,0.02,tournament,scattered,uniform,19.128823529411765,8.320614962996075e-10,2.1859508864280467e-09,2.9538183118636066e-07,1.07329799891227e-09
0.5,0.02,roulette,scattered,frequency,19.139411764705883,2.5085822164204764e-09,2.1858911898645688e-08,8.554265357993825e-07,3.1992040411840086e-09
0.5,0.02,tournament,singlepoint,uniform,19.14470588235294,2.4149953746158092e-08,8.444601733143146e-09,7.438185753816693e-06,2.999698513422634e-08
0.3,0.02,stochunif,singlepoint,frequency,19.146470588235296,6.166159662068498e-10,8.432201720354956e-10,2.2259836380067278e-07,7.993169932311016e-10
0.5,0.02,tournament,twopoint,uniform,19.146470588235296,6.290916566338275e-09,3.382580237181778e-10,2.0634206337589544e-06,7.93925768588364e-09
0.5,0.01,tournament,scattered,frequency,19.146470588235296,2.5843465206734308e-09,1.7834961122913534e-10,8.786778170289665e-07,3.293160008139687e-09
0.3,0.02,roulette,scattered,frequency,19.15,1.3759194332959755e-09,6.234283320829036e-08,4.808278436491814e-07,1.7661557517857875e-09
0.4,0.2,stochunif,singlepoint,uniform,19.150588235294116,9.720982656908912e-11,6.008884248967817e-11,3.674531444311569e-08,1.278008988700462e-10
0.7,0.05,roulette,singlepoint,uniform,19.154705882352943,7.346441820551169e-09,5.18885642926462e-09,2.38759359167913e-06,9.249117399974493e-09
0.7,0.2,tournament,singlepoint,uniform,19.16,1.7129669318957205e-10,3.553999251468329e-10,6.440755663927909e-08,2.2482690981131333e-10
0.4,0.2,roulette,twopoint,uniform,19.160588235294117,2.210390706991466e-11,3.691901482213338e-11,8.797355013826034e-09,2.9553186447466546e-11
0.4,0.02,roulette,scattered,uniform,19.161176470588234,7.878694947521522e-10,9.875551828968832e-11,2.804815401317662e-07,1.0171266018316719e-09
0.7,0.05,roulette,twopoint,uniform,19.16294117647059,1.3737938389976612e-09,1.6179237120064737e-09,4.808278436491814e-07,1.7648656577661634e-09
0.7,0.05,tournament,singlepoint,uniform,19.163529411764706,2.0918974618160106e-09,1.1902804146934727e-10,7.217046243265236e-07,2.6764731944437176e-09
0.4,0.02,stochunif,singlepoint,frequency,19.166470588235295,2.500167686838933e-09,1.1243973048571567e-09,8.55057348898915e-07,3.191056812618573e-09
0.8,0.1,roulette,singlepoint,frequency,19.169411764705885,2.0728594563525294e-10,3.559174847997772e-10,7.75249436675846e-08,2.7161012011274826e-10
0.4,0.2,roulette,singlepoint,uniform,19.172941176470587,1.0350391829063366e-11,6.355097485087121e-10,4.160857515283473e-09,1.3885747130131857e-11
0.6,0.02,stochunif,scattered,uniform,19.174705882352942,3.375986446250073e-10,2.0407669551440907e-09,1.2423630122200268e-07,4.401637957652206e-10
0.3,0.02,stochunif,singlepoint,uniform,19.175882352941176,1.4819786341198042e-09,5.915456712496376e-10,5.157285646736918e-07,1.900746212327925e-09
0.4,0.02,stochunif,scattered,uniform,19.181176470588237,7.459530401971293e-10,5.130229695067304e-10,2.6630523535037516e-07,9.638031487370622e-10
0.9,0.1,roulette,scattered,uniform,19.18764705882353,5.715659471986033e-11,3.625811778933707e-10,2.1948132372426366e-08,7.552150728505035e-11
0.5,0.2,roulette,singlepoint,frequency,19.193529411764704,3.222399158913025e-11,3.7432572061397274e-12,1.2535132728171668e-08,4.275719187268757e-11
0.6,0.02,roulette,twopoint,frequency,19.19470588235294,5.934511257477631e-10,4.95225088161263e-10,2.1482930752069024e-07,7.699221771439266e-10
0.7,0.02,stochunif,scattered,uniform,19.200588235294116,6.466074712130853e-10,5.989055240507308e-10,2.327786896367107e-07,8.375055650991852e-10
0.9,0.1,roulette,scattered,frequency,19.20294117647059,1.1106089928465366e-11,1.785473339887493e-10,4.442435971386147e-09,1.4874227582766116e-11
0.7,0.2,stochunif,singlepoint,frequency,19.20470588235294,5.214773377457112e-10,5.360131674000513e-10,1.8929627360169318e-07,6.771037155395673e-10
0.5,0.02,tournament,twopoint,frequency,19.20705882352941,4.454398454124553e-09,1.8222058816790095e-09,1.4788602867693514e-06,5.639612190712356e-09
0.8,0.05,tournament,singlepoint,uniform,19.21764705882353,7.635411828121628e-12,8.22241908705944e-11,3.0923417903892596e-09,1.0269661510923625e-11
0.9,0.2,tournament,scattered,uniform,19.221764705882354,3.7711033041758477e-13,4.5391698392295435e-11,1.6253455240997904e-10,5.18732550574407e-13
0.6,0.02,tournament,twopoint,uniform,19.22529411764706,7.255121159217247e-10,1.5247420284868036e-09,2.6045884961589915e-07,9.389330998986986e-10
0.8,0.2,stochunif,singlepoint,uniform,19.241176470588233,4.34000981850981e-11,1.8248210244588182e-10,1.670903780126277e-08,5.7393076945028976e-11
0.3,0.02,stochunif,twopoint,uniform,19.24235294117647,3.9764406708976976e-10,3.547230376829024e-10,1.4474244042067618e-07,5.167404337181414e-10
0.3,0.2,stochunif,singlepoint,frequency,19.249411764705883,1.2003025011484016e-12,2.1555163883491815e-11,5.05327352983477e-10,1.6367761379296388e-12
0.5,0.2,roulette,singlepoint,uniform,19.25,3.138969318617378e-11,9.627162185313529e-10,1.2241980342607774e-08,4.1685300816377486e-11
0.9,0.2,stochunif,twopoint,frequency,19.253529411764706,1.8454026616894652e-10,1.4129165784468106e-12,6.920259981335495e-08,2.4200742649133285e-10
0.8,0.05,tournament,twopoint,uniform,19.25470588235294,2.3226668195566644e-09,2.6137309037520055e-10,7.989973859274925e-07,2.9693183772741446e-09
0.8,0.02,stochunif,scattered,uniform,19.255294117647058,7.303492471979097e-10,8.575246460711928e-09,2.614650304968517e-07,9.44417129997297e-10
0.8,0.2,tournament,twopoint,uniform,19.256470588235295,2.423043786658709e-10,4.992910017063333e-10,8.98949244850381e-08,3.167048932769682e-10
0.5,0.02,roulette,twopoint,frequency,19.26,5.972627304197543e-11,2.1897707548122976e-12,2.2815436302034614e-08,7.878465665084699e-11
0.4,0.02,roulette,twopoint,frequency,19.261764705882353,2.7828174666383548e-09,4.446785058863353e-09,9.405923037237639e-07,3.5403372455213316e-09
0.5,0.02,stochunif,singlepoint,uniform,19.263529411764708,4.146682472444077e-11,1.4398434014579234e-11,1.6006194343634137e-08,5.4882562135289255e-11
0.6,0.02,roulette,scattered,uniform,19.271176470588237,2.1948377236784733e-10,4.0833178782920276e-10,8.186744709320705e-08,2.8735406606763055e-10
0.7,0.05,stochunif,singlepoint,uniform,19.27294117647059,3.406117277680652e-10,4.866488028355855e-10,1.2500450409087994e-07,4.437249555291172e-10
0.4,0.02,roulette,singlepoint,frequency,19.274117647058823,3.7095420503271247e-10,8.545481236626126e-12,1.3539828483694005e-07,4.824548909384988e-10
0.5,0.01,tournament,scattered,uniform,19.282941176470587,8.736144399267891e-10,2.002772886135171e-09,3.0838589729415656e-07,1.1250553907479092e-09
0.3,0.2,roulette,twopoint,uniform,19.28470588235294,2.549897484571001e-11,5.344547683598918e-11,1.0046596089209744e-08,3.397706039085724e-11
0.9,0.05,roulette,scattered,frequency,19.28470588235294,7.518771988916976e-11,1.401931157323362e-11,2.8646521277773676e-08,9.909678562798524e-11
0.5,0.01,stochunif,scattered,frequency,19.28764705882353,8.48889059537582e-10,7.740383854569843e-10,3.0050672707630403e-07,1.0941082395840358e-09
0.7,0.02,tournament,twopoint,frequency,19.291764705882354,3.1256617306446476e-11,5.843457275330688e-11,1.2221337366820572e-08,4.154360528072e-11
0.8,0.05,roulette,twopoint,frequency,19.294117647058826,2.0520617749686142e-12,1.95537439855207e-11,8.51605636611975e-10,2.7838047334845545e-12
0.3,0.02,roulette,twopoint,uniform,19.301176470588235,1.0698838738116718e-11,8.065166776036631e-11,4.290234333984804e-09,1.4340996606411772e-11
0.9,0.02,tournament,scattered,uniform,19.311764705882354,1.0271906968961207e-12,7.214159606654478e-11,4.3347447409016293e-10,1.4019283774795407e-12
0.8,0.05,stochunif,singlepoint,uniform,19.318823529411766,3.1993428772254907e-12,1.4925555237665823e-12,1.3181292654169021e-09,4.329007759132429e-12
0.4,0.02,roulette,singlepoint,uniform,19.32294117647059,4.505773846643243e-12,5.332491630729934e-12,1.8473672771237295e-09,6.0862725630043806e-12
0.4,0.01,tournament,scattered,uniform,19.331176470588233,1.3681166562128393e-11,2.0198910803919843e-10,5.458785458289229e-09,1.8307423394521853e-11
0.4,0.01,tournament,scattered,frequency,19.331176470588236,5.837168985461199e-11,1.8871833587411245e-11,2.2356357214316392e-08,7.706237344594626e-11
0.6,0.02,stochunif,twopoint,uniform,19.336470588235294,2.3052006142151672e-11,2.821822883040433e-10,9.128594432292062e-09,3.0768567520244817e-11
0.7,0.02,tournament,singlepoint,frequency,19.33705882352941,6.900378803256588e-14,2.664351564323912e-12,3.134556030162835e-11,9.686360619544675e-14
0.5,0.02,stochunif,twopoint,uniform,19.339411764705883,8.25860899635157e-12,4.396069687476415e-10,3.3364780345260343e-09,1.109838666318577e-11
0.7,0.01,tournament,scattered,frequency,19.341176470588238,8.952566079389205e-11,2.0833943147961556e-11,3.401975110167898e-08,1.1789541450700666e-10
0.8,0.2,tournament,twopoint,frequency,19.344117647058823,1.8110901774802792e-14,3.618271950649719e-13,8.36723661995889e-12,2.5605628631341468e-14
0.8,0.2,stochunif,twopoint,uniform,19.346470588235295,6.666065612817018e-12,7.264348884935191e-12,2.7130887044165263e-09,8.981226125052869e-12
0.8,0.02,roulette,scattered,frequency,19.348823529411767,4.1942161317857564e-12,8.22458155799883e-12,1.7238228301639459e-09,5.670292195332675e-12
0.3,0.2,roulette,twopoint,frequency,19.351176470588236,1.028078849927986e-13,7.8399908135628e-12,4.6263548246759367e-11,1.4380321391088612e-13
0.5,0.02,roulette,twopoint,uniform,19.354117647058825,3.8858266446775645e-11,3.597190761178123e-12,1.5038149114902173e-08,5.147331341772215e-11
0.4,0.02,stochunif,singlepoint,uniform,19.35529411764706,2.9663909016871814e-11,1.7140789041249935e-11,1.1628252334613751e-08,3.9460014106058365e-11
0.5,0.02,stochunif,twopoint,frequency,19.35529411764706,2.425264917682255e-12,1.9174387449859707e-11,1.0040596759204535e-09,3.2872566655331776e-12
0.8,0.1,roulette,singlepoint,uniform,19.36294117647059,8.83344252596641e-12,2.6045410866169063e-11,3.5598773379644633e-09,1.186076042489096e-11
0.3,0.2,stochunif,singlepoint,uniform,19.363529411764706,2.3768419192282386e-13,2.8912754068529924e-11,1.036303076783512e-10,3.2837947568284876e-13
0.6,0.02,stochunif,twopoint,frequency,19.365882352941174,7.454452914167495e-13,2.9590291072986725e-11,3.1681424885211854e-10,1.0200489435111907e-12
0.6,0.01,tournament,scattered,uniform,19.367058823529412,9.520829567205018e-11,2.4812580103640727e-10,3.608394405970702e-08,1.252740732526976e-10
0.3,0.01,tournament,twopoint,frequency,19.371764705882352,2.7313678768199713e-12,9.039238127847963e-14,1.128054933126648e-09,3.698971974197296e-12
0.3,0.02,roulette,singlepoint,uniform,19.37470588235294,6.793072217005237e-13,5.9315895691267025e-12,2.893848764444231e-10,9.303555427637607e-13
0.5,0.02,roulette,scattered,uniform,19.37529411764706,1.6460709926332903e-13,2.4930256702546234e-13,7.341476627144475e-11,2.294302489732241e-13
0.9,0.05,stochunif,scattered,uniform,19.375882352941176,5.268277169864344e-12,2.8852747922192965e-10,2.149457085304652e-09,7.104055259020841e-12
0.7,0.02,roulette,scattered,uniform,19.37764705882353,8.810254135967157e-13,2.8547242339067684e-11,3.7267374995141076e-10,1.2034822432045335e-12
0.6,0.02,roulette,twopoint,uniform,19.378235294117648,1.8951633640246814e-12,2.9752701647901555e-13,7.883879594342674e-10,2.5731743951197185e-12
0.8,0.2,roulette,singlepoint,frequency,19.380588235294116,2.3610624648280466e-13,9.094636056876585e-12,1.0317842971298563e-10,3.2648581054470357e-13
0.8,0.05,roulette,singlepoint,frequency,19.381176470588237,1.6661443969275253e-13,5.215276990341147e-12,7.414342566327487e-11,2.32022760845345e-13
0.3,0.01,stochunif,scattered,frequency,19.386470588235294,1.3970508731518617e-12,2.2078250692698334e-10,5.867613667237819e-10,1.9034213885935832e-12
0.5,0.02,roulette,singlepoint,frequency,19.388235294117646,1.5364569734166835e-10,1.9445531309639437e-09,5.792442789780897e-08,2.018281679008571e-10
0.8,0.2,roulette,singlepoint,uniform,19.388823529411766,1.610857169381901e-12,4.015527717640114e-12,6.733382968016347e-10,2.1909326785634664e-12
0.9,0.02,tournament,scattered,frequency,19.390588235294118,2.4843130596588752e-11,1.7572928604521975e-11,9.813036585652557e-09,3.3131186020006164e-11
0.8,0.05,roulette,twopoint,uniform,19.39941176470588,8.10281703948674e-14,3.1389231985800907e-12,3.657018912321137e-11,1.1343943855281437e-13
0.8,0.01,tournament,scattered,frequency,19.402941176470588,2.5969955894905226e-11,5.355608558013621e-11,1.0206192666697754e-08,3.457538506718151e-11
0.4,0.02,roulette,twopoint,uniform,19.405882352941177,2.0958845813338113e-14,3.970132542725024e-12,9.66202791994887e-12,2.96055445345359e-14
0.9,0.1,stochunif,twopoint,frequency,19.408235294117645,1.4399990796663143e-14,1.4067656673066334e-12,6.681595729651698e-12,2.0395670417935655e-14
0.4,0.01,roulette,scattered,frequency,19.412352941176472,6.607021513557824e-13,1.0281939092290352e-12,2.8211981862891906e-10,9.056622179158896e-13
0.5,0.02,roulette,singlepoint,uniform,19.418235294117647,2.6994306325825875e-15,3.1757860173003976e-13,1.2876284117418941e-12,3.868610779178867e-15
0.3,0.01,tournament,scattered,uniform,19.424705882352942,1.666410722000624e-12,6.244014142229667e-12,6.948932710742602e-10,2.2645357093623665e-12
0.7,0.02,roulette,twopoint,frequency,19.435882352941174,3.4545186733343305e-11,1.8623261088568e-10,1.3403532452537202e-08,4.5798543017689986e-11
0.3,0.2,roulette,singlepoint,uniform,19.438235294117646,1.5400523977104474e-15,2.5112781179183524e-12,7.407652032987252e-13,2.2151438597205062e-15
0.4,0.02,stochunif,twopoint,uniform,19.453529411764706,8.661000561135973e-15,7.555814073783454e-12,4.044687262050499e-12,1.2300338939395093e-14
0.8,0.2,tournament,singlepoint,uniform,19.46,1.146813892766576e-13,1.1255478750639588e-11,5.1491943785219264e-11,1.6026902228104324e-13
0.7,0.02,stochunif,twopoint,frequency,19.464117647058824,1.3696327569194938e-13,1.9634992484952537e-12,6.122258423430138e-11,1.910692287110897e-13
0.9,0.05,tournament,twopoint,frequency,19.470588235294116,7.985855949171207e-13,1.1655663391141796e-11,3.3860029224485915e-10,1.091816243050751e-12
0.8,0.05,stochunif,twopoint,uniform,19.471176470588233,6.775571684592815e-12,5.319938627754252e-13,2.750882103944683e-09,9.120961883105713e-12
0.4,0.01,tournament,twopoint,frequency,19.471176470588237,2.2295121530647505e-11,1.3870912888210803e-10,8.851163247667059e-09,2.9783559296666516e-11
0.9,0.1,tournament,twopoint,frequency,19.472941176470588,1.5016862778974264e-12,2.0050482669554398e-11,6.292065504390216e-10,2.044214250378951e-12
0.6,0.02,roulette,singlepoint,frequency,19.475882352941177,3.3834589001867077e-13,3.7229858439796234e-11,1.4616542448806576e-10,4.658171125694113e-13
0.3,0.01,tournament,singlepoint,frequency,19.48,2.7849356254095074e-13,4.48425199637667e-14,1.2086620614277263e-10,3.8408700613134625e-13
0.9,0.2,stochunif,singlepoint,frequency,19.485882352941175,1.2777939047441725e-14,7.497130684089995e-12,5.9417416570604016e-12,1.811454005375402e-14
0.8,0.2,stochunif,scattered,scramble,19.486470588235296,4.58896601056363e-12,4.104430829276312e-12,1.8768870983205248e-09,6.193334590092303e-12
0.3,0.2,roulette,singlepoint,frequency,19.486470588235296,4.888249569366804e-16,1.1941487271610916e-11,2.3952422889897336e-13,7.089312220766774e-16
0.4,0.01,tournament,singlepoint,frequency,19.494117647058825,4.128339889427128e-16,1.3378362523953688e-12,2.02701488570872e-13,5.992751452394218e-16
0.6,0.02,tournament,singlepoint,uniform,19.501764705882355,5.125934589331125e-13,8.421229678588156e-12,2.1990259388230527e-10,7.0386634509124e-13
0.9,0.1,stochunif,singlepoint,frequency,19.514705882352942,4.123430887900009e-13,5.886839596948288e-12,1.773075281797004e-10,5.667018890438494e-13
0.7,0.02,tournament,twopoint,uniform,19.51705882352941,2.0808843434898814e-13,9.459566314014601e-14,9.155891111355479e-11,2.8850289093279604e-13
0.7,0.01,tournament,scattered,uniform,19.548823529411766,1.7050247183040757e-13,8.859144666893928e-13,7.570309749270096e-11,2.372273790926607e-13
0.6,0.2,roulette,scattered,scramble,19.553529411764707,6.920653116656218e-14,1.978323289159467e-12,3.135055861845267e-11,9.706169776254268e-14
0.9,0.2,stochunif,twopoint,uniform,19.56529411764706,1.361465342824195e-13,2.9784931990860607e-12,6.099364735852394e-11,1.9009821941029321e-13
0.8,0.02,tournament,twopoint,frequency,19.56529411764706,1.5636741945735058e-16,1.0797256352877165e-13,7.787097488976058e-14,2.284588920643109e-16
0.9,0.1,tournament,singlepoint,frequency,19.566470588235294,2.9351882368628805e-14,3.449558104506651e-13,1.3384458360094734e-11,4.127608458088426e-14
0.9,0.05,roulette,scattered,uniform,19.572352941176472,3.2712497456809143e-13,3.005768442238331e-12,1.4164511398798358e-10,4.507627602316221e-13
0.9,0.05,tournament,singlepoint,frequency,19.57470588235294,2.348327544853431e-13,5.998689019590836e-13,1.0285674646458027e-10,3.2501018305308905e-13
0.6,0.02,stochunif,singlepoint,frequency,19.591764705882355,4.1720926618807965e-15,1.0632586540423984e-13,1.9733998290696167e-12,5.957430591534229e-15
0.9,0.2,roulette,twopoint,frequency,19.59764705882353,1.5886258067053427e-14,4.204472573383682e-14,7.355337485045737e-12,2.248055386847183e-14
0.5,0.01,tournament,twopoint,frequency,19.601764705882353,2.4862391308356057e-13,1.4587400690562504e-12,1.0815140219134885e-10,3.431925180601296e-13
0.6,0.02,stochunif,singlepoint,uniform,19.608235294117648,1.5175235879472991e-15,1.1355373160822558e-13,7.314463693905982e-13,2.184734598735828e-15
0.9,0.1,roulette,twopoint,frequency,19.61764705882353,6.099366672106815e-13,1.0762342618275052e-13,2.610528935661717e-10,8.368033544048984e-13
0.8,0.01,stochunif,scattered,frequency,19.619411764705884,2.0530210255710658e-13,1.3614626090085758e-11,9.0538227227684e-11,2.84890582843562e-13
0.8,0.02,roulette,scattered,uniform,19.624117647058824,6.889134132226011e-14,3.3073898067393228e-12,3.134556030162835e-11,9.679202728149837e-14
0.6,0.01,roulette,scattered,frequency,19.63235294117647,2.247936176577372e-16,3.1388642906694886e-14,1.1104804712292218e-13,3.272180663687025e-16
0.4,0.01,stochunif,scattered,frequency,19.640588235294118,1.5731228439636274e-15,3.2644716487700034e-13,7.550989651025411e-13,2.260646422666709e-15
0.9,0.02,stochunif,scattered,frequency,19.65705882352941,3.9959525460552166e-16,6.24336254736488e-14,1.9660086526591666e-13,5.805927361657718e-16
0.9,0.01,tournament,scattered,frequency,19.657647058823528,8.090749806020216e-14,3.6158269740869275e-13,3.657018912321137e-11,1.1337127174805907e-13
0.8,0.01,tournament,scattered,uniform,19.663529411764706,2.0846244633520875e-16,4.5473058417521843e-14,1.0318891093592834e-13,3.037265059925567e-16
0.3,0.01,roulette,scattered,frequency,19.665882352941175,1.78097593447016e-15,1.1097536815952935e-12,8.530874726112066e-13,2.557007380848224e-15
0.3,0.01,tournament,twopoint,uniform,19.666470588235295,3.092811494243124e-15,1.7368929111563e-13,1.4659926482712408e-12,4.420306808922795e-15
0.3,0.01,tournament,singlepoint,uniform,19.678823529411765,1.935069367051564e-15,3.8001061251848274e-16,9.249631574506475e-13,2.7757142560165876e-15
0.5,0.2,stochunif,scattered,block,19.688823529411767,5.209295423645399e-16,8.33024445953402e-13,2.5421361667389546e-13,7.541029680369029e-16
0.6,0.2,stochunif,scattered,scramble,19.704117647058823,7.413204134001583e-15,9.030089016234026e-15,3.4693795347127407e-12,1.0537722482899362e-14
0.6,0.2,stochunif,scattered,block,19.708823529411767,6.488450194994176e-17,9.673705405436246e-14,3.341551850422001e-14,9.631771024614352e-17
0.3,0.01,stochunif,scattered,uniform,19.717058823529413,6.906877802752864e-15,8.882659627640653e-14,3.2393256894910932e-12,9.826858662453261e-15
0.7,0.2,stochunif,scattered,scramble,19.721176470588237,1.4338329674484603e-17,1.6116598062445555e-13,7.656668046174778e-15,2.1672619229667227e-17
0.7,0.01,stochunif,scattered,frequency,19.733529411764707,6.508996379727054e-15,1.3899128996257942e-14,3.0592282984717155e-12,9.269140414168273e-15
0.7,0.2,stochunif,scattered,swap,19.736470588235296,1.2804267214502805e-17,4.258178482302052e-14,6.9015000286170115e-15,1.9447175374003778e-17
0.3,0.01,roulette,scattered,uniform,19.73941176470588,1.4325568413905584e-16,3.4258999064866214e-13,7.148458638538887e-14,2.0949647401951065e-16
0.8,0.2,stochunif,scattered,swap,19.741764705882353,2.9047594746886914e-14,7.713509967021037e-13,1.327475079932732e-11,4.088468429521617e-14
0.6,0.2,stochunif,scattered,swap,19.744117647058825,7.026526735894431e-17,1.0483067222606972e-14,3.5975816887779485e-14,1.0401108655106888e-16
0.6,0.01,stochunif,scattered,frequency,19.74529411764706,3.7687457260146654e-17,1.4269130005744265e-14,1.9672852689796555e-14,5.631664628532351e-17
0.5,0.01,tournament,singlepoint,frequency,19.745882352941177,2.8339620827521632e-14,2.6206933361193177e-13,1.2979546339004907e-11,3.992388443948709e-14
0.4,0.2,stochunif,scattered,swap,19.75,2.2463948617970597e-14,2.9383568233256506e-14,1.0310952415648504e-11,3.167477088030769e-14
0.8,0.05,roulette,singlepoint,uniform,19.751176470588238,9.473712809723555e-17,9.606011888288031e-14,4.774751256100672e-14,1.3918934398614363e-16
0.6,0.01,tournament,twopoint,frequency,19.75764705882353,1.8182137229937593e-13,1.3866290998551022e-12,8.054686792862354e-11,2.5275256961298947e-13
0.9,0.1,tournament,twopoint,uniform,19.759411764705884,6.068686262954597e-18,6.418888248712411e-15,3.3195713858361643e-15,9.288805504522341e-18
0.6,0.2,tournament,scattered,block,19.761176470588236,3.0008878238961364e-15,5.226051591966428e-15,1.4254217163506649e-12,4.292823181322811e-15
0.7,0.2,tournament,scattered,swap,19.778823529411767,5.275660032560137e-15,3.9025339947961254e-13,2.4848358753358246e-12,7.519605928762186e-15
0.9,0.1,stochunif,twopoint,uniform,19.78235294117647,2.2003233606945205e-13,1.1487698484031643e-11,9.659419553448945e-11,3.04794133077737e-13
0.7,0.02,tournament,singlepoint,uniform,19.78764705882353,5.0173605060929575e-18,1.354322622131201e-15,2.7595482783511264e-15,7.702088496195329e-18
0.9,0.1,tournament,singlepoint,uniform,19.791764705882354,1.2999311664165046e-17,2.5945534758848935e-13,6.993629675320795e-15,1.9724389085799566e-17
0.5,0.01,stochunif,scattered,uniform,19.804117647058824,5.40905343363748e-17,1.955295720328332e-13,2.796480625190577e-14,8.044626211500501e-17
0.4,0.01,stochunif,twopoint,frequency,19.80764705882353,2.7166132615627685e-15,1.5521955076291113e-13,1.2931079125038777e-12,3.889696260873964e-15
0.7,0.02,stochunif,singlepoint,uniform,19.811764705882354,1.268385971853117e-14,2.0327930385555842e-13,5.910678628835525e-12,1.799736851953747e-14
0.6,0.02,roulette,singlepoint,uniform,19.813529411764705,4.983301055377682e-15,2.6259704321055507e-13,2.352118098138266e-12,7.109328951286096e-15
0.7,0.02,roulette,twopoint,uniform,19.818235294117645,8.217266666754053e-16,3.9344415750912354e-14,3.985374333375716e-13,1.1862690192610113e-15
0.9,0.2,stochunif,scattered,scramble,19.818235294117645,8.328315910059683e-17,1.9237121806349519e-13,4.2141278504902e-14,1.2258969680695327e-16
0.8,0.2,roulette,scattered,swap,19.827058823529413,7.484171270671169e-18,5.3994017840382365e-14,4.086357513786458e-15,1.1444242476997175e-17
0.7,0.02,stochunif,singlepoint,frequency,19.82764705882353,1.3931295217470667e-18,1.6134046474265736e-14,7.801525321783574e-16,2.1596249968027854e-18
0.6,0.1,stochunif,scattered,scramble,19.831764705882353,1.9170531350924455e-13,1.7000841085619312e-13,8.47337485710861e-11,2.6625737987395074e-13
0.7,0.2,stochunif,scattered,block,19.83705882352941,3.1617593442721444e-17,2.0595126634268318e-13,1.6536001370543314e-14,4.7291272243386776e-17
0.9,0.1,stochunif,singlepoint,uniform,19.851176470588236,5.4500468273635075e-18,1.0516055816626458e-15,2.9920757082225657e-15,8.358153605742477e-18
0.4,0.01,tournament,twopoint,uniform,19.854117647058825,2.7116519866809136e-17,1.1370740261867805e-14,1.4236172930074797e-14,4.0636078772811025e-17
0.7,0.02,roulette,singlepoint,frequency,19.857058823529414,1.7623712195643963e-18,6.2661131655869e-15,9.851655117364976e-16,2.729335959502384e-18
0.9,0.01,tournament,scattered,uniform,19.868235294117646,2.3257033326997815e-17,2.8652635535369795e-14,1.2326227663308841e-14,3.501895553539346e-17
0.4,0.01,roulette,singlepoint,frequency,19.869411764705884,1.2429610807748023e-16,5.551544238435404e-14,6.22723501468176e-14,1.8210825136933152e-16
0.3,0.01,roulette,singlepoint,frequency,19.87,6.422958491227788e-19,4.273120734834e-15,3.6482404230173834e-16,1.0035872642543418e-18
0.4,0.2,stochunif,scattered,block,19.885882352941177,5.588233289750739e-16,1.1967074811878817e-13,2.72146961210861e-13,8.082155584350243e-16
0.9,0.02,stochunif,scattered,uniform,19.888235294117646,8.538421189977478e-17,2.9013747401116885e-15,4.3119027009386266e-14,1.255650174996688e-16
0.5,0.2,stochunif,scattered,swap,19.891764705882352,1.3333265454346264e-17,1.8157025253424188e-13,7.159963548983944e-15,2.0211639163229418e-17
0.8,0.02,tournament,singlepoint,frequency,19.892941176470586,6.915565428430718e-19,3.941720262444226e-14,3.921125597920217e-16,1.079486179363566e-18
0.4,0.01,tournament,singlepoint,uniform,19.898235294117647,6.874487110010053e-17,3.788211374820114e-14,3.5266118874351575e-14,1.0185622952272656e-16
0.5,0.01,roulette,scattered,frequency,19.89941176470588,1.0933418251456127e-16,2.4074368301469147e-14,5.4885759622309756e-14,1.6033644083839292e-16
0.6,0.01,stochunif,scattered,uniform,19.90705882352941,7.498642427112159e-19,3.2040292090849465e-15,4.2367329713183703e-16,1.1681861347875025e-18
0.8,0.02,stochunif,twopoint,frequency,19.910588235294117,1.3356745030411827e-17,1.5698398255772393e-14,7.159963548983944e-15,2.0227762906633296e-17
0.8,0.2,roulette,scattered,scramble,19.913529411764706,4.6837829644779364e-17,2.8974278276492436e-14,2.435567141528527e-14,6.985755841906014e-17
0.3,0.01,stochunif,singlepoint,frequency,19.914117647058823,5.93452858445657e-18,1.3153190364489714e-14,3.2521216642822003e-15,9.092298171711185e-18
0.9,0.1,roulette,twopoint,uniform,19.921764705882353,1.6555350145338023e-16,4.3777386255389687e-14,8.228009022232997e-14,2.4165594512425753e-16
0.4,0.01,stochunif,singlepoint,frequency,19.926470588235293,4.170876434659652e-20,8.44997129682447e-15,2.5075441768983183e-17,6.737569625219438e-20
0.9,0.2,roulette,singlepoint,frequency,19.931176470588237,8.187237323342312e-18,5.463867293065668e-15,4.46204434122156e-15,1.250717631839393e-17
0.9,0.1,roulette,singlepoint,frequency,19.93470588235294,1.5027259012824747e-21,1.2158424486555177e-16,9.722636581297613e-19,2.547678465575778e-21
0.4,0.01,stochunif,scattered,uniform,19.935882352941174,1.46300111638342e-19,1.0354456338542405e-14,8.558556530843007e-17,2.3251531365326804e-19
0.9,0.2,roulette,twopoint,uniform,19.93764705882353,8.89250229604951e-18,4.965586614795274e-15,4.819736244458835e-15,1.3545155818450657e-17
0.7,0.2,roulette,scattered,scramble,19.94588235294118,1.4024142910091664e-16,1.5523148123706241e-15,7.012071455045832e-14,2.0527904352597e-16
0.9,0.2,roulette,scattered,scramble,19.947058823529414,1.8833858887991336e-16,6.166947312227224e-15,9.341594008443703e-14,2.746604421165403e-16
0.5,0.01,roulette,scattered,uniform,19.953529411764706,5.685661490512766e-17,5.6127444828342926e-15,2.933801329104587e-14,8.448034761846799e-17
0.9,0.05,roulette,twopoint,frequency,19.955882352941174,1.3462106961950157e-17,3.474501395252615e-15,7.202227224643335e-15,2.0367741080760322e-17
0.6,0.2,roulette,scattered,block,19.955882352941174,8.624609595763282e-16,9.277935103347943e-15,4.1743110443494284e-13,1.2439340763120119e-15
0.8,0.01,roulette,scattered,frequency,19.958823529411767,4.1523944405506143e-19,3.4769265183523825e-15,2.3751696199949514e-16,6.513965382337866e-19
0.8,0.02,tournament,twopoint,uniform,19.962941176470586,1.7287268867802184e-17,3.1152695071333287e-15,9.214114306538564e-15,2.61049362097684e-17
0.7,0.02,roulette,singlepoint,uniform,19.96529411764706,4.5432558496448464e-17,1.3023084332434755e-14,2.367036297664965e-14,6.782585747100127e-17
0.9,0.05,tournament,scattered,scramble,19.96764705882353,2.104059791863332e-17,2.0277073131497105e-14,1.1193598092712927e-14,3.1742281342765785e-17
0.6,0.2,roulette,scattered,swap,19.974705882352943,1.006600323710237e-16,8.659054295885552e-15,5.063199628262492e-14,1.4775354238989963e-16
0.9,0.05,tournament,scattered,swap,19.97764705882353,2.7071426300398592e-18,1.7504278839582072e-14,1.5051713023021617e-15,4.180146708149783e-18
0.5,0.01,stochunif,twopoint,frequency,19.98,7.628720974339803e-17,6.752112596748536e-14,3.88301897593896e-14,1.1260764324822108e-16
0.6,0.01,tournament,singlepoint,frequency,19.982352941176472,7.897537094369606e-21,2.5273852339312965e-15,4.896472998509156e-18,1.3011109752753275e-20
0.8,0.2,stochunif,scattered,block,19.987058823529413,2.2975083182487423e-16,3.5222623272767813e-15,1.13267160089663e-13,3.3412517093645146e-16
0.4,0.01,roulette,scattered,uniform,19.992941176470588,7.713771382735349e-17,5.772106428745558e-14,3.910882091046822e-14,1.1365004609736367e-16
0.5,0.1,stochunif,scattered,scramble,19.998235294117645,2.536412654585768e-17,3.1860366914095344e-14,1.3366894689666996e-14,3.808245882719337e-17
0.9,0.05,tournament,twopoint,uniform,20.00470588235294,7.67570297916792e-17,1.590066175620891e-14,3.899257113417303e-14,1.131950579793022e-16
0.7,0.2,tournament,scattered,block,20.005294117647058,1.0216049589838016e-17,1.8963711894067425e-14,5.516666778512528e-15,1.5531156471037523e-17
0.9,0.2,tournament,scattered,block,20.013529411764708,2.2491358031964085e-17,2.1949074059687952e-14,1.1942911114972929e-14,3.3898458277840605e-17
0.9,0.2,tournament,scattered,scramble,20.013529411764708,5.290963834557748e-17,1.0125428106348689e-13,2.7407192663009136e-14,7.876434819875664e-17
0.7,0.2,roulette,scattered,block,20.015882352941176,5.053074832661232e-16,2.253501509100734e-14,2.4709535931713424e-13,7.321612568023403e-16
0.9,0.2,stochunif,singlepoint,uniform,20.023529411764706,2.7628706664981777e-22,2.174083337184002e-15,1.8373089932212881e-19,4.776642480499045e-22
0.7,0.2,roulette,scattered,swap,20.034117647058824,3.65266872557746e-19,2.0118331312160693e-16,2.096631848481462e-16,5.741470302180138e-19
0.5,0.01,tournament,singlepoint,uniform,20.037058823529414,2.3571127136488584e-17,1.3768277525163858e-15,1.2469126255202461e-14,3.545799927408741e-17
0.7,0.1,stochunif,scattered,scramble,20.041176470588237,1.0678639633035119e-15,7.962886186862584e-15,5.157782942755962e-13,1.5387792700851156e-15
0.9,0.05,stochunif,singlepoint,frequency,20.044705882352943,2.580463554695214e-17,3.6237700667964565e-15,1.3573238297696826e-14,3.8706953320428214e-17
0.7,0.01,roulette,scattered,frequency,20.04529411764706,3.648367930184439e-18,6.8024737600784084e-15,2.01389909746181e-15,5.6115034082426666e-18
0.9,0.1,tournament,scattered,swap,20.04705882352941,3.8389341357451416e-18,3.622423588272634e-15,2.1152527087955728e-15,5.898850013462047e-18
0.9,0.1,tournament,scattered,scramble,20.053529411764703,4.634795310958075e-19,5.5510725621464095e-14,2.6418333272461027e-16,7.2562650246113e-19
0.9,0.2,tournament,scattered,swap,20.054117647058824,5.788332046345231e-19,1.2653265469622783e-14,3.2935609343704365e-16,9.053250221443635e-19
0.7,0.02,stochunif,twopoint,uniform,20.056470588235296,1.211850651096445e-18,1.055622065904948e-15,6.798482152651057e-16,1.880457906873794e-18
0.9,0.05,stochunif,twopoint,uniform,20.057058823529413,9.316249458999635e-20,7.583508532505959e-15,5.487270931350785e-17,1.486635551968027e-19
0.8,0.01,stochunif,scattered,uniform,20.05764705882353,2.4670712291841535e-17,5.764217527140518e-16,1.302613609009233e-14,3.70766907057733e-17
0.3,0.2,stochunif,scattered,swap,20.063529411764705,3.482945560436231e-19,1.2649312500589706e-14,2.006176642811269e-16,5.485639257687064e-19
0.5,0.2,tournament,scattered,swap,20.071176470588235,9.086457877614547e-20,9.749796136883446e-14,5.3700966056701974e-17,1.452910777385067e-19
0.3,0.01,roulette,twopoint,frequency,20.076470588235296,3.043896253414432e-21,1.6262048325725766e-15,1.935918017171579e-18,5.1001453182209896e-21
0.5,0.01,tournament,twopoint,uniform,20.077058823529413,1.0321813825390638e-19,2.1135941629515346e-15,6.048582901678914e-17,1.6421067449485105e-19
0.9,0.05,stochunif,twopoint,frequency,20.081764705882353,2.2529709822421377e-21,1.974636260780618e-14,1.4441543996172103e-18,3.7951115476271305e-21
0.9,0.02,roulette,scattered,frequency,20.094117647058823,7.442087140481778e-20,3.7262506886635024e-15,4.442926022867621e-17,1.1972714245412463e-19
0.9,0.2,tournament,singlepoint,frequency,20.095294117647057,3.504774212215372e-19,1.091901031264274e-14,2.015245172023839e-16,5.514504879359851e-19
0.3,0.2,tournament,scattered,block,20.098235294117647,8.463578045209098e-22,8.309316810692392e-16,5.5351800415667495e-19,1.4457847528421182e-21
0.9,0.2,stochunif,scattered,swap,20.1,1.585176064254557e-19,1.1844555251818167e-14,9.225724693961522e-17,2.511722637023066e-19
0.8,0.1,stochunif,scattered,scramble,20.1,2.758829658852741e-18,2.3207502023387013e-15,1.5311504606632712e-15,4.2557852230098606e-18
0.9,0.2,tournament,twopoint,frequency,20.118823529411767,9.607508291494042e-18,9.373404556809695e-14,5.1976619856982766e-15,1.4620121313143108e-17
0.6,0.01,roulette,scattered,uniform,20.121764705882352,6.785470510417883e-17,1.8947013709568793e-14,3.4877318423547917e-14,1.006319779087398e-16
0.4,0.01,roulette,twopoint,frequency,20.13,9.07645327541626e-21,2.9844156367546737e-15,5.609248124207249e-18,1.4922143954885814e-20
0.9,0.2,stochunif,scattered,block,20.133529411764705,1.8563211944963104e-19,1.969384129509212e-15,1.0766662928078601e-16,2.935447672019768e-19
0.3,0.2,roulette,scattered,block,20.134705882352943,6.3462980958231736e-21,8.07554525188015e-16,3.966436309889484e-18,1.0510430600338063e-20
0.4,0.01,roulette,singlepoint,uniform,20.145294117647058,3.0314593336954604e-17,4.7044808014888394e-15,1.5884846908564214e-14,4.538544154534553e-17
0.4,0.2,tournament,scattered,swap,20.148235294117647,2.4207061830265666e-19,9.687574583704972e-16,1.401588879972382e-16,3.8240844917420685e-19
0.5,0.2,stochunif,scattered,scramble,20.154705882352943,2.1138211083169052e-14,1.2446598288635735e-13,9.723577098257764e-12,2.9832152738343415e-14
0.9,0.2,roulette,singlepoint,uniform,20.162352941176472,3.1038730956225156e-21,1.3774209479813931e-15,1.9709594157202975e-18,5.1951117169027224e-21
0.9,0.1,roulette,singlepoint,uniform,20.167058823529413,1.757609192149379e-20,5.071377985411923e-16,1.07565682559542e-17,2.871612528667294e-20
0.9,0.05,tournament,scattered,block,20.17529411764706,3.952337599779519e-20,7.535038670636966e-16,2.38325957266705e-17,6.397668776621524e-20
0.4,0.01,stochunif,singlepoint,uniform,20.18470588235294,4.30760689987962e-21,5.177685034662683e-15,2.7051771331244013e-18,7.15662538745823e-21
0.3,0.01,stochunif,twopoint,frequency,20.185294117647057,7.537827144597393e-20,8.551825534148029e-16,4.492544978180046e-17,1.211436505381724e-19
0.8,0.2,tournament,scattered,swap,20.187058823529412,5.010125616879541e-22,3.880391500094287e-15,3.3016727815236174e-19,8.605177586243487e-22
0.4,0.01,roulette,twopoint,uniform,20.195882352941176,6.983669383542495e-19,4.9300957365746e-16,3.952756871085052e-16,1.0890375523841019e-18
0.7,0.01,tournament,twopoint,frequency,20.200588235294116,4.371135691678409e-19,3.6589241360651357e-16,2.4959184799483715e-16,6.850287278003477e-19
0.7,0.2,tournament,scattered,scramble,20.203529411764706,2.538078231571989e-18,4.21885925647755e-15,1.4137095749855979e-15,3.9229374040489525e-18
0.5,0.2,tournament,scattered,block,20.211176470588235,1.0738817381680376e-20,1.1819494021367165e-15,6.615111507115112e-18,1.7618372266819367e-20
0.4,0.2,roulette,scattered,swap,20.213529411764707,1.036172030134002e-21,3.760307342764092e-16,6.755841636473693e-19,1.766202324092049e-21
0.5,0.01,stochunif,singlepoint,frequency,20.21470588235294,6.978597363347214e-21,1.1774111081608263e-15,4.354644754728662e-18,1.1545473579067083e-20
0.3,0.2,stochunif,scattered,block,20.215882352941176,7.643158437851709e-20,6.42240871598161e-17,4.5476792705217665e-17,1.2271125932330724e-19
0.9,0.01,tournament,scattered,scramble,20.221764705882354,2.9699382972042387e-20,9.680649297106686e-15,1.802752546402973e-17,4.827299089883051e-20
0.5,0.2,roulette,scattered,swap,20.22705882352941,2.4950280801865987e-21,7.539285841939198e-17,1.5968179713194233e-18,4.198364558006296e-21
0.5,0.2,roulette,scattered,block,20.22764705882353,4.856016362981172e-17,1.7186160295528102e-15,2.5202724923872282e-14,7.23578597132956e-17
0.4,0.2,roulette,scattered,scramble,20.238235294117647,7.145626451715987e-17,6.901497635831417e-16,3.651415116826869e-14,1.056747573845322e-16
0.5,0.2,roulette,scattered,scramble,20.238823529411764,7.53789130586277e-17,1.5447678364657622e-13,3.844324565990013e-14,1.1137128336523323e-16
0.4,0.2,roulette,scattered,block,20.245882352941177,8.764098845514822e-18,3.4230744758304755e-15,4.758905673114548e-15,1.3362493399502269e-17
0.5,0.01,roulette,singlepoint,frequency,20.247647058823528,3.852955590236886e-21,1.6240378644594258e-15,2.4312149774394754e-18,6.4215926503948106e-21
0.3,0.01,stochunif,singlepoint,uniform,20.249411764705883,2.480142726148807e-22,3.7370448000194905e-17,1.6517750556151055e-19,4.2925547183344735e-22
0.3,0.01,roulette,twopoint,uniform,20.266470588235293,3.059790063726961e-19,1.529126976577803e-14,1.7685586568341834e-16,4.828827004378722e-19
0.6,0.01,stochunif,twopoint,frequency,20.266470588235293,1.1117489067182346e-23,1.2872475033739836e-16,7.737772390758912e-21,1.9897778728195678e-23
0.9,0.02,tournament,scattered,scramble,20.271764705882354,1.5498431014198743e-20,2.2704316133524796e-15,9.500538211703829e-18,2.5347901191446545e-20
0.5,0.01,roulette,twopoint,frequency,20.27235294117647,7.772312935170546e-19,1.4125590270643421e-14,4.383584495436188e-16,1.209623801669329e-18
0.9,0.02,roulette,scattered,uniform,20.27470588235294,4.340680712612538e-21,3.663299290547238e-16,2.7216068068080613e-18,7.20397483916201e-21
0.8,0.2,tournament,scattered,scramble,20.28529411764706,3.7527537357343545e-19,4.829405283152408e-15,2.150327890575785e-16,5.89290840855594e-19
0.8,0.2,roulette,scattered,block,20.287058823529414,7.714199862675133e-20,1.945488229314921e-14,4.582234718429029e-17,1.2372571062844536e-19
0.8,0.02,tournament,singlepoint,uniform,20.301176470588235,1.2737616221266754e-22,9.50937913828527e-17,8.559678100691258e-20,2.2192196403202587e-22
0.6,0.01,tournament,singlepoint,uniform,20.301764705882352,9.79216864502667e-22,3.3150897290980375e-16,6.394286125202415e-19,1.6709280190592637e-21
0.9,0.1,stochunif,scattered,scramble,20.31,2.048158652373188e-23,3.290366711763179e-15,1.405036835528007e-20,3.624550424143563e-23
0.6,0.01,stochunif,singlepoint,frequency,20.314117647058826,1.215809893203841e-21,3.9324245058870023e-16,7.914922404757005e-19,2.0701627911308645e-21
0.7,0.1,roulette,scattered,scramble,20.31705882352941,3.726409252208555e-23,6.518138196884368e-16,2.537684700754026e-20,6.557647566735725e-23
0.9,0.02,tournament,scattered,swap,20.322352941176472,1.910059970087656e-20,5.779620254819354e-15,1.1651365817534701e-17,3.114228212099439e-20
0.3,0.2,roulette,scattered,swap,20.327058823529413,7.413260681017936e-24,2.0662630873999265e-16,5.167042694669501e-21,1.328314627144852e-23
0.7,0.01,stochunif,scattered,uniform,20.330588235294115,3.340654716612029e-20,1.695462723523712e-15,2.0244367582668897e-17,5.424258947076233e-20
0.6,0.1,stochunif,scattered,block,20.334117647058825,1.7757927625633073e-21,1.3648816061795215e-16,1.1436105390907699e-18,3.0009373401686794e-21
0.9,0.01,tournament,scattered,swap,20.34,5.2190626623609036e-21,2.5354717553463906e-15,3.2671332266379256e-18,8.652656519177287e-21
0.8,0.1,tournament,scattered,swap,20.346470588235295,9.795210067149094e-21,6.103851313841335e-16,6.0436446114309915e-18,1.6087023832909098e-20
0.4,0.2,stochunif,scattered,scramble,20.34764705882353,2.7882487376193785e-18,8.873742061996162e-17,1.5446898006411358e-15,4.296958670988769e-18
0.6,0.2,tournament,scattered,swap,20.35,6.78882205406832e-20,1.101354831883718e-15,4.0665044103869236e-17,1.0944109247858347e-19
0.6,0.01,stochunif,twopoint,uniform,20.361764705882354,7.36053666480915e-23,2.791388510559625e-16,4.975722785410986e-20,1.2880939163416012e-22
0.8,0.1,tournament,scattered,scramble,20.361764705882354,1.0692308801574045e-18,2.6418452522853618e-15,6.019769855286187e-16,1.662427084153911e-18
0.9,0.05,roulette,twopoint,uniform,20.361764705882354,1.1204321452114023e-18,4.046425253329836e-15,6.296828656088081e-16,1.740316201881616e-18
0.3,0.01,stochunif,twopoint,uniform,20.36294117647059,1.478216804750144e-20,3.622423588272634e-15,9.076251181165884e-18,2.4201574506044462e-20
0.6,0.01,roulette,twopoint,frequency,20.365294117647057,3.45590898228256e-20,4.726699931208144e-16,2.0908249342809487e-17,5.605619615957808e-20
0.7,0.01,tournament,singlepoint,frequency,20.36764705882353,7.153987296072721e-24,4.163822857299561e-16,4.9934831326587594e-21,1.2833177666645256e-23
0.9,0.01,tournament,scattered,block,20.37529411764706,7.877186326063225e-22,8.200177012441348e-16,5.159557043571412e-19,1.3470758375189553e-21
0.6,0.2,stochunif,twopoint,swap,20.376470588235296,7.213277375899413e-20,6.98782307316983e-15,4.3135398707878494e-17,1.1616474301678504e-19
0.8,0.02,roulette,twopoint,uniform,20.37764705882353,8.159415322063443e-20,8.928708769543616e-16,4.838533285983622e-17,1.30733256686164e-19
0.5,0.01,stochunif,twopoint,uniform,20.379411764705882,2.256073612470721e-20,4.045489861169954e-16,1.3716927563821984e-17,3.6707809293815966e-20
0.8,0.1,roulette,scattered,scramble,20.386470588235294,9.753165169558175e-20,5.607789527785964e-16,5.734861119700207e-17,1.5547808848232922e-19
0.8,0.02,stochunif,singlepoint,frequency,20.391176470588235,2.4723481592296354e-22,4.2845020832939046e-16,1.649056222206167e-19,4.283771563021646e-22
0.9,0.01,stochunif,scattered,frequency,20.397058823529413,3.255223021960929e-23,2.5317822490493767e-15,2.2200621009773536e-20,5.734872773588886e-23
0.8,0.2,tournament,scattered,block,20.403529411764705,6.822448043205281e-26,6.238926396626758e-17,5.171415616749603e-23,1.313613162353095e-25
0.7,0.01,roulette,scattered,uniform,20.403529411764705,2.8374146859938883e-21,2.677726561869259e-16,1.8074331549781068e-18,4.759241885453008e-21
0.9,0.02,tournament,scattered,block,20.405882352941177,9.869986136944831e-20,2.607090439871672e-15,5.793681862386616e-17,1.571812756894652e-19
0.5,0.01,stochunif,singlepoint,uniform,20.411764705882355,3.89478349548343e-21,1.7697780445548777e-16,2.4537136021545612e-18,6.484443980323893e-21
0.9,0.1,tournament,scattered,block,20.41294117647059,1.455917714070893e-21,6.9913211032374354e-15,9.434346787179386e-19,2.470981034118164e-21
0.9,0.05,tournament,singlepoint,uniform,20.41470588235294,6.0493691764965886e-24,9.180544763517173e-16,4.228509054371116e-21,1.0864032443537204e-23
0.6,0.01,tournament,twopoint,uniform,20.422941176470587,4.192141672311697e-21,2.639094138868415e-16,2.6368571118840575e-18,6.972146920687354e-21
0.4,0.2,tournament,scattered,block,20.422941176470587,5.0654508438223904e-24,8.434218234599098e-16,3.5610119432071405e-21,9.138699975968229e-24
0.8,0.1,tournament,scattered,block,20.434117647058823,1.9385028154854132e-20,6.45147938571028e-16,1.1805482146306167e-17,3.157333954901268e-20
0.8,0.02,roulette,twopoint,frequency,20.438823529411767,3.4565595438925065e-18,1.415546168859619e-15,1.911477427772556e-15,5.321682582239196e-18
0.8,0.01,roulette,scattered,uniform,20.444117647058825,1.6906569599726908e-21,2.6360444812279274e-16,1.0904737391823855e-18,2.860133954841018e-21
0.9,0.2,tournament,twopoint,uniform,20.444117647058825,1.2198088773883463e-22,5.940673550283481e-16,8.20931374482357e-20,2.1275736233517664e-22
0.7,0.01,roulette,twopoint,frequency,20.446470588235297,2.5212674826494657e-21,4.222900190910926e-16,1.6110899214130086e-18,4.237989631988163e-21
0.4,0.01,stochunif,twopoint,uniform,20.448823529411765,1.5652954817223781e-19,1.4330089519915249e-15,9.125672658441464e-17,2.482719419650298e-19
0.4,0.1,stochunif,scattered,scramble,20.451176470588237,7.011225441965252e-22,6.232721277112549e-17,4.613386340813136e-19,1.2029063258273715e-21
0.6,0.1,roulette,scattered,block,20.45235294117647,9.277499368192724e-20,3.1732561043942106e-17,5.4737246272337077e-17,1.4819534994831177e-19
0.6,0.2,tournament,scattered,scramble,20.45294117647059,8.438453907876461e-20,1.9497253442328114e-15,4.995564713462865e-17,1.3506671651326652e-19
0.3,0.01,roulette,singlepoint,uniform,20.47235294117647,7.252161575873482e-23,2.2899356838368036e-16,4.9097133868663475e-20,1.2705399868743865e-22
0.9,0.1,roulette,scattered,scramble,20.472941176470588,3.3376822328611573e-21,4.580208101366914e-15,2.1127528534011126e-18,5.5746018205263225e-21
0.9,0.05,roulette,singlepoint,frequency,20.474117647058826,1.7690490337349234e-19,8.3145680857131185e-16,1.0278174885999904e-16,2.800253495610557e-19
0.8,0.02,stochunif,twopoint,uniform,20.488235294117647,4.924140825381594e-22,4.4595449826537714e-17,3.249932944751852e-19,8.466726855869007e-22
0.6,0.1,roulette,scattered,swap,20.493529411764708,2.86681716137438e-22,1.8449627449296443e-16,1.9035665951525883e-19,4.950917795136675e-22
0.8,0.02,roulette,singlepoint,uniform,20.494117647058825,4.317682144610296e-22,2.1945585066028149e-16,2.858305579732016e-19,7.440207196675291e-22
0.9,0.2,tournament,singlepoint,uniform,20.495882352941177,1.166539741108382e-25,8.345781014717189e-17,8.760713455723948e-23,2.227030414843275e-25
0.8,0.1,stochunif,scattered,block,20.500588235294117,5.597542177877443e-20,6.925485070244234e-16,3.3585253067264656e-17,9.03291898581657e-20
0.9,0.1,stochunif,scattered,block,20.501176470588234,2.5265753100963895e-23,1.5528393973435677e-16,1.7281775121059304e-20,4.461161562109656e-23
0.9,0.05,stochunif,scattered,scramble,20.506470588235292,1.9041750342094355e-20,7.972148703607397e-16,1.1634509459019651e-17,3.107850444435089e-20
0.4,0.2,stochunif,twopoint,swap,20.514117647058825,1.9877485266365288e-23,8.350117433802354e-17,1.3675709863259317e-20,3.5255674881222217e-23
0.3,0.2,tournament,singlepoint,block,20.525882352941174,3.4069584851911284e-24,2.0418136275732667e-16,2.4087196490301276e-21,6.174867219995428e-24
0.9,0.2,roulette,scattered,swap,20.531176470588235,7.030170026807617e-22,1.0397931288509556e-15,4.618821707612605e-19,1.2048441558457016e-21
0.7,0.01,tournament,singlepoint,uniform,20.53470588235294,4.7771779819103595e-22,1.3079643759671664e-16,3.1577146460427474e-19,8.223011280337505e-22
0.6,0.01,roulette,twopoint,uniform,20.53470588235294,7.332243633408922e-22,5.54743069742507e-17,4.809951823516253e-19,1.2552482307194623e-21
0.7,0.1,tournament,scattered,swap,20.539411764705882,1.8805898546638284e-23,2.0756154680359748e-17,1.3013681794273692e-20,3.350527861183782e-23
0.8,0.02,roulette,singlepoint,frequency,20.540588235294116,3.1863924676681655e-26,1.2165300474693334e-16,2.4535222001044874e-23,6.226511335703921e-26
0.9,0.2,roulette,scattered,block,20.55941176470588,1.479370328983496e-22,1.007760953036228e-16,9.911781204189423e-20,2.571753055352104e-22
0.5,0.1,stochunif,scattered,block,20.565882352941177,5.170357745110691e-24,6.103252596901285e-16,3.6295911370677055e-21,9.317292275228077e-24
0.3,0.2,stochunif,scattered,scramble,20.58705882352941,5.74075046960159e-16,2.344665693271226e-15,2.7900047282263727e-13,8.295121091396792e-16
0.7,0.01,tournament,twopoint,uniform,20.591176470588234,2.1619679924989742e-21,1.0676538237450701e-16,1.3879834511843414e-18,3.645716903839276e-21
0.6,0.1,roulette,scattered,scramble,20.591176470588234,1.1824579049926739e-20,1.793109341582882e-15,7.272116115704945e-18,1.9379513011066193e-20
0.6,0.1,stochunif,scattered,swap,20.599411764705884,2.725104299157087e-21,7.329327608512444e-17,1.7386165428622217e-18,4.5757348306742126e-21
0.6,0.1,tournament,scattered,swap,20.60764705882353,1.6109695449337393e-24,4.800276038495657e-16,1.1518432246276236e-21,2.946895509025133e-24
0.7,0.1,stochunif,scattered,swap,20.62,7.632815451550152e-21,3.9942120201510985e-16,4.747611210864194e-18,1.2601346264351666e-20
0.4,0.1,stochunif,scattered,swap,20.638823529411766,5.197585290886789e-23,5.298768283385297e-16,3.523962827221243e-20,9.116032108181172e-23
0.5,0.01,roulette,twopoint,uniform,20.64294117647059,1.855678270481663e-23,2.918572169633417e-16,1.2859850414437924e-20,3.309958409975786e-23
0.5,0.1,stochunif,scattered,swap,20.64294117647059,9.371927445267009e-27,7.874820110437407e-17,7.422566536651472e-24,1.8827532814152474e-26
0.8,0.02,stochunif,singlepoint,uniform,20.65352941176471,4.89002866626622e-24,6.423753160171782e-17,3.442580181051419e-21,8.832333886891394e-24
0.9,0.01,stochunif,scattered,uniform,20.659411764705883,1.0218086646256364e-25,3.71851638248065e-16,7.694219244631043e-23,1.9554661564828402e-25
0.8,0.05,stochunif,scattered,scramble,20.661176470588234,3.350828521506186e-22,1.2891644894398036e-16,2.2215993097586014e-19,5.780454459334329e-22
0.5,0.2,tournament,scattered,scramble,20.66294117647059,3.221541378666362e-19,1.8131272521885468e-16,1.858829375490491e-16,5.079006678077598e-19
0.8,0.05,tournament,scattered,scramble,20.66705882352941,2.1177466642832522e-24,7.42660500918776e-17,1.5078356249696756e-21,3.860475690099679e-24
0.6,0.01,stochunif,singlepoint,uniform,20.671176470588236,2.014760298615737e-23,3.6771182391711425e-17,1.3841403251490112e-20,3.569457221957014e-23
0.3,0.2,tournament,scattered,swap,20.671176470588236,3.534145908480646e-20,1.7684636580257212e-15,2.13462412872231e-17,5.726625314667713e-20
0.3,0.2,roulette,scattered,scramble,20.678823529411765,1.5376581926176926e-19,1.901004091652088e-16,8.979923844887324e-17,2.4413423925129697e-19
0.5,0.2,stochunif,twopoint,swap,20.68470588235294,1.1313945903793407e-29,4.0847248425388763e-17,9.944958449434405e-27,2.5565946626218964e-29
0.7,0.1,stochunif,scattered,block,20.698235294117648,1.2842431386262776e-22,1.036611954464193e-16,8.617271460182322e-20,2.2350087771672787e-22
0.8,0.05,tournament,scattered,swap,20.698823529411765,3.8490785085652934e-25,6.576489879672068e-18,2.82137454677836e-22,7.191338850522346e-25
0.7,0.1,tournament,scattered,scramble,20.70294117647059,5.36691717632158e-24,8.10482147400453e-17,3.762208940601428e-21,9.660450917378846e-24
0.6,0.01,roulette,singlepoint,frequency,20.707058823529408,2.4392308196017616e-23,1.4539569114585757e-17,1.6708731114272067e-20,4.311771650811195e-23
0.8,0.1,stochunif,scattered,swap,20.71470588235294,1.115133481347407e-24,1.5999656789955044e-16,8.017809730887856e-22,2.049399338532282e-24
0.8,0.01,tournament,twopoint,frequency,20.71764705882353,1.564766072080111e-21,3.091849033976353e-16,1.0108388825637518e-18,2.650007057555027e-21
0.6,0.1,tournament,scattered,scramble,20.763529411764708,7.704101991993918e-21,1.5813627068313582e-15,4.7842473370282236e-18,1.2705717944911436e-20
0.3,0.2,tournament,twopoint,block,20.775294117647057,3.434009541929946e-24,1.5334673189667037e-16,2.424410736602542e-21,6.2167414121145576e-24
0.7,0.2,stochunif,twopoint,swap,20.78058823529412,4.847729283928538e-23,6.243829293777826e-17,3.2964559130714055e-20,8.521399131905633e-23
0.4,0.2,roulette,twopoint,swap,20.788235294117648,1.0735405134904266e-28,7.018202485512068e-17,9.092888149263913e-26,2.3193776526027736e-28
0.6,0.05,stochunif,scattered,scramble,20.794705882352943,4.165355775578602e-20,1.8222712799320173e-16,2.5075441768983183e-17,6.735559904041374e-20
0.3,0.2,stochunif,twopoint,swap,20.794705882352943,1.0776654255352808e-25,1.4317243511018368e-17,8.104044000025311e-23,2.059858064585033e-25
0.7,0.1,roulette,scattered,swap,20.80294117647059,2.1067953353020506e-28,3.279145175830304e-17,1.7654944909831184e-25,4.49620955704706e-28
0.8,0.05,stochunif,scattered,block,20.80941176470588,2.19607331997742e-25,2.7951735619481547e-16,1.6228981834633135e-22,4.1323960322155757e-25
0.7,0.01,stochunif,singlepoint,frequency,20.814705882352943,1.813489253036931e-24,2.829337178687322e-17,1.2948313266683688e-21,3.313509946094161e-24
0.9,0.01,roulette,scattered,frequency,20.81529411764706,8.500861577126776e-21,4.801621521659432e-17,5.262033316241474e-18,1.399044616925253e-20
0.7,0.05,tournament,scattered,scramble,20.832352941176467,5.940072980052303e-25,7.121426070265321e-17,4.30655291053792e-22,1.09936720841156e-24
0.4,0.1,roulette,scattered,scramble,20.834117647058825,8.627248987678953e-18,4.408844386571358e-16,4.693223449297351e-15,1.3166586391079796e-17
0.9,0.02,tournament,twopoint,frequency,20.834705882352942,3.321415472375523e-21,3.529146974340714e-17,2.1057774094860814e-18,5.553322047761623e-21
0.7,0.01,stochunif,twopoint,frequency,20.854117647058825,1.966208841838854e-23,3.852427408613925e-17,1.3547178920269705e-20,3.4912952941332525e-23
0.9,0.1,stochunif,scattered,swap,20.854705882352942,2.5148834666675645e-25,4.595915218359252e-17,1.8534691149339951e-22,4.721026769965929e-25
0.5,0.01,roulette,singlepoint,uniform,20.85529411764706,1.6941656385275995e-26,1.8207905194412864e-16,1.3316141918826933e-23,3.377608709722746e-26
0.5,0.1,roulette,scattered,scramble,20.86235294117647,2.1156908328457984e-18,3.421861490723037e-17,1.1805554847279554e-15,3.2732937738036665e-18
0.3,0.1,stochunif,scattered,scramble,20.86294117647059,2.9617759389414543e-23,1.3261503014162317e-16,2.0228929662970133e-20,5.2237369583793846e-23
0.9,0.02,stochunif,twopoint,frequency,20.865294117647057,1.2932108564514958e-25,1.1280498314081542e-17,9.686149314821703e-23,2.4628864557570807e-25
0.8,0.01,tournament,singlepoint,frequency,20.871176470588235,3.0075252359132824e-26,4.397744320354373e-17,2.3188019568891407e-23,5.884288505047727e-26
0.9,0.01,roulette,scattered,uniform,20.88352941176471,1.751923787579744e-23,1.8743940120751055e-16,1.2158351085803423e-20,3.128435334963829e-23
0.9,0.05,stochunif,singlepoint,uniform,20.884705882352943,2.4798172710230168e-24,5.088922075239062e-17,1.758190445155319e-21,4.504858364315169e-24
0.8,0.1,roulette,scattered,swap,20.89,4.088460437931774e-28,3.522768838312453e-17,3.397510623921304e-25,8.643389516432945e-28
0.7,0.1,roulette,scattered,block,20.898235294117647,1.1307897672512744e-24,6.916454638682477e-17,8.11907052886415e-22,2.0757504468773393e-24
0.5,0.2,stochunif,singlepoint,swap,20.91705882352941,2.343847148108049e-22,2.192341470006897e-16,1.5656898949361768e-19,4.065593896773323e-22
0.7,0.05,stochunif,scattered,scramble,20.921176470588236,6.171525163202775e-26,4.6616939813350674e-17,4.696530649197312e-23,1.1926567033183278e-25
0.7,0.2,roulette,twopoint,swap,20.921764705882353,2.10660143932058e-25,8.891997192460321e-18,1.5630982679758703e-22,3.9782940850478575e-25
0.9,0.02,tournament,twopoint,uniform,20.921764705882353,5.843943668033993e-24,8.219517448280885e-17,4.090760567623795e-21,1.0507090499033721e-23
0.7,0.05,roulette,scattered,scramble,20.937647058823533,1.4408135105004067e-21,1.3049487746602446e-16,9.350879683147639e-19,2.4479841197822447e-21
0.4,0.2,tournament,singlepoint,block,20.94294117647059,2.337802599529057e-30,3.3248703787620657e-17,2.1157113525737966e-27,5.487390602471333e-30
0.7,0.2,stochunif,twopoint,scramble,20.94470588235294,3.752971397775345e-21,3.18428041073938e-17,2.371877923394018e-18,6.261578338449331e-21
0.8,0.01,stochunif,twopoint,frequency,20.950588235294116,5.88062865194055e-28,7.649516100439867e-18,4.863279895154835e-25,1.2365807912959102e-27
0.9,0.02,tournament,singlepoint,frequency,20.955294117647057,3.1003667443840912e-24,1.4262824727982353e-16,2.1950596550239365e-21,5.625665463600165e-24
0.8,0.02,tournament,scattered,swap,20.955882352941174,4.867482726111835e-25,2.0152050120451713e-17,3.5386599418833037e-22,9.029782442433616e-25
0.5,0.2,roulette,twopoint,swap,20.96,6.587998831351303e-26,1.0950766013841717e-17,5.0002911129956396e-23,1.2700242545138682e-25
0.9,0.05,roulette,scattered,scramble,20.983529411764707,4.880114163751784e-27,8.226354821265764e-17,3.894331102673924e-24,9.879408493456375e-27
0.8,0.05,stochunif,scattered,swap,20.98470588235294,1.899469753902651e-23,5.2409346004030697e-17,1.3106341301928293e-20,3.376596910154261e-23
0.6,0.2,stochunif,singlepoint,swap,20.99,2.642250543466869e-26,1.1484654585339336e-16,2.0530286722737573e-23,5.208441309086757e-26
0.5,0.2,stochunif,twopoint,block,20.99529411764706,9.343921713627802e-28,2.1087046158408405e-17,7.662015805174798e-25,1.946650357005792e-27
0.8,0.01,tournament,scattered,scramble,20.999411764705883,1.3022839027112086e-26,6.686025184777779e-18,1.0275019992391436e-23,2.6062225498985434e-26
0.4,0.1,roulette,scattered,swap,21.014705882352942,1.615607670197206e-27,2.9148551271085055e-17,1.3134890358703286e-24,3.3349699614162515e-27
0.6,0.2,tournament,twopoint,swap,21.018823529411765,1.5108791733538547e-24,9.948160674332557e-17,1.0817894881213599e-21,2.767017090735257e-24
0.9,0.1,roulette,scattered,block,21.020588235294117,6.1129803808877325e-28,2.9151669130719413e-17,5.037095833851492e-25,1.2803117154119919e-27
0.6,0.2,roulette,twopoint,swap,21.02294117647059,4.0672656726520184e-29,1.2159296300937854e-17,3.501915744153388e-26,8.95936144675095e-29
0.8,0.02,tournament,scattered,scramble,21.028823529411767,3.4956355560375645e-25,1.711058244391467e-17,2.56929213368761e-22,6.546523187585213e-25
0.8,0.02,stochunif,scattered,scramble,21.034117647058824,5.484584979751773e-26,1.348819308776573e-17,4.179253754570851e-23,1.061206553207499e-25
0.9,0.05,roulette,singlepoint,uniform,21.04352941176471,2.873702591189409e-26,3.478612299819216e-17,2.221372102989413e-23,5.636465231784955e-26
0.5,0.1,tournament,scattered,swap,21.04705882352941,7.458271866912466e-21,4.3335791003727904e-17,4.6465033730864665e-18,1.2326105131570969e-20
0.4,0.2,tournament,scattered,scramble,21.05470588235294,2.1232751309850164e-22,6.617436664963894e-17,1.420471062628976e-19,3.687054389527454e-22
0.8,0.2,stochunif,twopoint,swap,21.061176470588233,3.5215123771242355e-27,5.806649892392007e-17,2.8312959512078853e-24,7.184432634677035e-27
0.8,0.05,tournament,scattered,block,21.075294117647058,1.0226897865248753e-30,4.0819120124060464e-17,9.316703955241614e-28,2.42216002071681e-30
0.6,0.2,stochunif,twopoint,scramble,21.075882352941175,4.793584989671147e-25,8.931920892061065e-17,3.4909898055141646e-22,8.903179668316105e-25
0.7,0.1,tournament,scattered,block,21.07941176470588,4.1489805360528306e-24,1.4478664000480206e-16,2.9250312779172455e-21,7.502461933735027e-24
0.4,0.2,stochunif,twopoint,block,21.084117647058825,8.576294357960139e-25,2.442478947915294e-17,6.1749319377313e-22,1.5779980857228058e-24
0.4,0.2,tournament,twopoint,block,21.08529411764706,2.5608995655441054e-26,1.2709329579712177e-17,1.992379861993314e-23,5.0544070372581026e-26
0.3,0.2,roulette,twopoint,block,21.086470588235294,1.056775019850675e-27,5.0121773536302927e-17,8.633851912180014e-25,2.192912590599227e-27
0.9,0.05,stochunif,scattered,block,21.095882352941175,2.8546741469289666e-26,5.640240907465898e-17,2.212372463869949e-23,5.613123322613137e-26
0.4,0.2,roulette,singlepoint,swap,21.09823529411765,2.945582239490096e-26,8.847248020997503e-17,2.2739894888863542e-23,5.770263715419031e-26
0.8,0.05,roulette,scattered,scramble,21.09823529411765,1.9519869307647613e-25,7.120682968688728e-17,1.4503262895582176e-22,3.6907315917821113e-25
0.3,0.2,roulette,twopoint,swap,21.10058823529412,4.533751705208442e-27,3.4800936850496264e-17,3.6224676124615454e-24,9.190037240287383e-27
0.5,0.2,tournament,twopoint,swap,21.104705882352942,2.370409918227519e-25,2.831761133308548e-17,1.7493625196519092e-22,4.455126039628094e-25
0.4,0.2,stochunif,singlepoint,block,21.106470588235293,7.258120580980807e-29,9.873964289421106e-18,6.176660614414667e-26,1.576764126213072e-28
0.8,0.02,tournament,scattered,block,21.13823529411765,1.5548502095562352e-23,2.5531680047946055e-17,1.0806208956415835e-20,2.7796697843939506e-23
0.5,0.1,roulette,scattered,swap,21.148235294117647,4.159871424727538e-27,2.8290343222828656e-17,3.336216882631486e-24,8.46485464334092e-27
0.4,0.2,roulette,singlepoint,block,21.150588235294116,1.6571574885880755e-28,1.7895607788956946e-17,1.3903551329253953e-25,3.541415257159049e-28
0.8,0.1,roulette,scattered,block,21.160588235294117,1.3851606927386885e-28,3.2338690061481484e-17,1.1676904639787144e-25,2.976300260659529e-28
0.6,0.01,roulette,singlepoint,uniform,21.166470588235292,3.457510295738581e-26,1.1641704873907825e-17,2.65536790712723e-23,6.739577618549833e-26
0.6,0.05,stochunif,scattered,swap,21.176470588235293,1.252619409014671e-26,2.829337178687322e-17,9.895693331215901e-24,2.510019808140085e-26
0.5,0.1,tournament,scattered,scramble,21.176470588235293,1.6637659100925339e-25,3.001156681217742e-17,1.2428331348391228e-22,3.1609545336498684e-25
0.6,0.1,tournament,scattered,block,21.183529411764706,7.331442955560652e-25,1.5675119246984688e-17,5.300633256870352e-22,1.3536955046902728e-24
0.9,0.02,tournament,singlepoint,uniform,21.185294117647057,2.9594040478861002e-28,7.001364753309816e-18,2.47406178403278e-25,6.2987315884062265e-28
0.3,0.2,roulette,singlepoint,swap,21.195882352941176,1.882677560093744e-23,1.5771944040997526e-16,1.3013681794273692e-20,3.350527861183782e-23
0.8,0.01,tournament,scattered,block,21.203529411764706,2.2557923495980087e-24,2.0150961575444293e-17,1.6038683605641843e-21,4.1073675729674726e-24
0.9,0.02,stochunif,scattered,block,21.205882352941174,6.5132329566434465e-31,1.0377364888219194e-16,5.966121388285397e-28,1.5542942282899133e-30
0.7,0.01,stochunif,singlepoint,uniform,21.221176470588233,4.1020613096694237e-26,2.269728206174205e-17,3.1421789632067785e-23,7.976230324357213e-26
0.8,0.01,tournament,twopoint,uniform,21.224117647058826,3.6002419168487432e-25,1.3465166810284154e-16,2.6425775669669776e-22,6.734419262513979e-25
0.9,0.01,stochunif,scattered,block,21.22823529411765,4.044889638851015e-31,2.4774632816934582e-17,3.74556780557604e-28,9.801078740292844e-31
0.7,0.01,roulette,twopoint,uniform,21.22823529411765,5.603617850978586e-25,1.017615437910663e-17,4.0682265598104537e-22,1.038317425328385e-24
0.8,0.01,tournament,scattered,swap,21.235294117647058,1.748776526225079e-25,3.231800208924167e-17,1.3045872885639088e-22,3.3184614804873484e-25
0.6,0.2,stochunif,singlepoint,scramble,21.24,4.331854046954992e-25,3.967530218207789e-17,3.1622534542771443e-22,8.064621895926847e-25
0.9,0.02,stochunif,twopoint,uniform,21.24529411764706,1.0382137068472666e-27,1.1984727067776778e-17,8.492588122010641e-25,2.1572382431193205e-27
0.9,0.02,stochunif,scattered,scramble,21.250588235294117,1.3716574075662397e-29,3.852836351684485e-17,1.201571889028026e-26,3.0862291670240395e-29
0.7,0.01,roulette,singlepoint,uniform,21.258823529411767,8.450536592483499e-27,1.4115965985730057e-17,6.718176591024383e-24,1.7041735125686953e-26
0.9,0.01,stochunif,scattered,scramble,21.26,6.470768491285315e-32,3.852631875023421e-17,6.205466983142617e-29,1.6517763976943875e-31
0.7,0.01,stochunif,twopoint,uniform,21.265882352941176,8.618262622776152e-27,2.4432665805862588e-17,6.842900522484264e-24,1.7357754003673194e-26
0.7,0.2,roulette,twopoint,scramble,21.274117647058823,1.8445836608047595e-21,4.660680367504147e-16,1.1860672938974603e-18,3.11384701582797e-21
0.7,0.05,tournament,scattered,swap,21.286470588235293,1.3752122326358258e-24,9.661139166260977e-17,9.86027170799887e-22,2.5214892507583535e-24
0.8,0.02,stochunif,scattered,swap,21.302352941176473,8.13683156741265e-28,1.0962196218708503e-17,6.688475548413197e-25,1.6996697239621915e-27
0.4,0.1,stochunif,scattered,block,21.30941176470588,4.032780591022866e-27,1.0368260628371343e-16,3.2383228145913616e-24,8.216855667349307e-27
0.5,0.2,tournament,singlepoint,block,21.311176470588233,9.967191165734457e-30,3.001477445301318e-17,8.781095417012057e-27,2.258751954824715e-29
0.9,0.01,stochunif,scattered,swap,21.314117647058826,7.610133772800537e-30,7.876459222140902e-17,6.742578522701276e-27,1.737095752487079e-29
0.7,0.01,roulette,singlepoint,frequency,21.314117647058826,1.4929919962655463e-26,1.790433792502863e-17,1.1764776930572506e-23,2.9840893326373546e-26
0.3,0.1,stochunif,scattered,swap,21.32705882352941,5.492113173988845e-31,1.2340428491835592e-17,5.074712572765692e-28,1.3266991179497592e-30
0.7,0.02,tournament,scattered,scramble,21.33294117647059,4.318445015219488e-25,9.030481176713928e-18,3.156783306125446e-22,8.0491726615037805e-25
0.5,0.2,roulette,twopoint,block,21.333529411764708,6.651249309379541e-33,7.536961129965134e-18,6.624644312142022e-30,1.8061582176332373e-32
0.6,0.05,roulette,scattered,scramble,21.334705882352942,2.191001508333492e-25,3.2803690176000734e-17,1.621341116166784e-22,4.1277839421354664e-25
0.3,0.2,tournament,twopoint,swap,21.33764705882353,1.1908352312760301e-25,1.3906858674281084e-17,8.931264234570226e-23,2.270660398619549e-25
0.5,0.2,stochunif,singlepoint,block,21.33823529411765,1.1085457888752733e-27,8.892488143900855e-18,9.034648179333478e-25,2.2942964750046718e-27
0.9,0.02,stochunif,singlepoint,frequency,21.34294117647059,2.651448802875861e-32,3.327706373210788e-17,2.5851625828039646e-29,6.948472320348554e-32
0.5,0.1,roulette,scattered,block,21.348823529411767,1.3937096134941675e-21,1.5896602262588966e-17,9.05911248771209e-19,2.370510411720641e-21
0.4,0.2,tournament,twopoint,swap,21.35705882352941,4.557050317186741e-26,1.820975552481803e-16,3.48158644233067e-23,8.839106218681178e-26
0.3,0.2,stochunif,singlepoint,swap,21.365294117647057,7.422549702903139e-29,1.9002611561742945e-17,6.309167247467667e-26,1.6102638818281601e-28
0.9,0.05,stochunif,scattered,swap,21.36705882352941,1.6367329969304008e-25,1.1813928261334705e-17,1.2242762817039397e-22,3.1133508093784793e-25
0.5,0.05,stochunif,scattered,scramble,21.36823529411765,7.071905306558319e-25,3.882754879282274e-16,5.120059441948223e-22,1.3073064387123653e-24
0.8,0.01,stochunif,scattered,scramble,21.371176470588235,2.2361175240675307e-31,5.4205860693418036e-18,2.095242120051276e-28,5.511557277631237e-31
0.6,0.05,tournament,scattered,swap,21.371176470588235,3.357674839354601e-27,2.5152373588612547e-17,2.7029282456804536e-24,6.859063387786635e-27
0.4,0.1,tournament,scattered,swap,21.376470588235293,5.143557136277754e-33,9.42395018404467e-18,5.148700693414032e-30,1.4088873895021674e-32
0.3,0.2,stochunif,twopoint,block,21.37764705882353,6.592972931384315e-27,1.5912165132334105e-17,5.248006453381915e-24,1.331273380375679e-26
0.6,0.05,tournament,scattered,scramble,21.387647058823532,1.7634358411188742e-26,1.712451348862385e-17,1.3842971352783163e-23,3.5112660553251924e-26
0.9,0.1,roulette,scattered,swap,21.389411764705883,2.653147608791187e-27,1.3307149430192328e-17,2.1463964155120702e-24,5.448119274897157e-27
0.8,0.02,stochunif,scattered,block,21.393529411764707,1.457795940495952e-29,9.867985923607623e-18,1.2755714479339581e-26,3.275361777861804e-29
0.6,0.2,roulette,singlepoint,swap,21.39470588235294,2.0607088682324272e-26,8.624617063714051e-18,1.611474334957758e-23,4.0876781706121827e-26
0.5,0.2,roulette,twopoint,scramble,21.40705882352941,1.3583804180162328e-28,9.721654436123371e-18,1.1464730728057004e-25,2.9227447518791894e-28
0.3,0.2,roulette,singlepoint,block,21.408823529411766,1.6387473734993304e-29,5.337193180709128e-18,1.4306264570649156e-26,3.671446818295086e-29
0.9,0.02,stochunif,scattered,swap,21.415882352941175,3.5986058852181123e-28,5.809392789361603e-17,2.9976387023866875e-25,7.628269541343913e-28
0.6,0.2,roulette,twopoint,block,21.416470588235292,3.261411134690708e-28,1.4553837582450774e-17,2.7200168863320506e-25,6.922806653824616e-28
0.6,0.2,stochunif,twopoint,block,21.43,2.8654406773263574e-26,1.6380891315597254e-17,2.2178510842506007e-23,5.62726816307857e-26
0.4,0.2,stochunif,singlepoint,swap,21.430588235294117,2.742158787634226e-28,3.000996311324755e-17,2.295186905249847e-25,5.844249107610157e-28
0.5,0.1,tournament,scattered,block,21.435882352941174,2.2471546980509254e-26,2.957774365118603e-17,1.7527806644797217e-23,4.446317398781668e-26
0.4,0.2,stochunif,twopoint,scramble,21.44294117647059,4.969610092180145e-23,4.3982094454938586e-17,3.3743652525903185e-20,8.725904008008616e-23
0.4,0.1,tournament,scattered,block,21.443529411764708,4.405160862520767e-27,1.3508830625121773e-17,3.5241286900166136e-24,8.940887059884287e-27
0.7,0.05,tournament,scattered,block,21.44470588235294,1.5127125197968878e-26,2.138965359864546e-17,1.1905047530801507e-23,3.019673280963369e-26
0.5,0.2,stochunif,singlepoint,scramble,21.449411764705882,2.0398332970803406e-24,7.440163639512509e-17,1.4544011408182828e-21,3.722754858518582e-24
0.3,0.2,stochunif,singlepoint,block,21.464117647058824,5.539918942017772e-29,5.500033683442875e-18,4.742170614367213e-26,1.2118572685663876e-28
0.6,0.2,roulette,singlepoint,scramble,21.46529411764706,9.299213947554792e-26,3.7447942366799916e-17,7.020906530403868e-23,1.7839539546161752e-25
0.6,0.2,tournament,singlepoint,swap,21.47294117647059,1.9129510673336625e-31,1.872526037143426e-17,1.7962610522263092e-28,4.729824067583231e-31
0.8,0.01,roulette,twopoint,frequency,21.48705882352941,1.8901400636059808e-29,1.3506618032125313e-17,1.6444218553372034e-26,4.216672238214476e-29
0.6,0.2,stochunif,singlepoint,block,21.49,1.6570020548359628e-36,1.253519175727564e-17,1.869098317854966e-33,5.825397849032682e-36
0.7,0.2,roulette,twopoint,block,21.5,1.9242364266074408e-26,1.9575881162673145e-17,1.5086013584602335e-23,3.826606530185252e-26
0.8,0.01,tournament,singlepoint,uniform,21.50176470588235,9.996399333023338e-26,7.306183889524702e-18,7.537285097099596e-23,1.915368485342063e-25
0.5,0.2,roulette,singlepoint,swap,21.506470588235292,1.9841447490172775e-26,2.913764124403479e-17,1.5535853384805283e-23,3.9407666831049336e-26
0.4,0.05,stochunif,scattered,scramble,21.514117647058825,2.9797221842702427e-31,5.1825953914563436e-18,2.7711416313713257e-28,7.264802539048966e-31
0.8,0.01,stochunif,scattered,swap,21.51705882352941,3.6922340806065106e-34,6.487838105893436e-18,3.8546923801531973e-31,1.0930956159690328e-33
0.4,0.2,roulette,twopoint,block,21.51823529411765,2.3826543251546813e-29,4.800861701692354e-17,2.063378645583954e-26,5.285465580448764e-29
0.4,0.2,roulette,twopoint,scramble,21.52705882352941,4.788737730472105e-25,3.743601028322148e-17,3.4909898055141646e-22,8.903179668316105e-25
0.7,0.2,stochunif,twopoint,block,21.52823529411765,6.270766949850058e-29,9.027989630991268e-18,5.355234975171949e-26,1.36793046343682e-28
0.8,0.2,stochunif,singlepoint,scramble,21.528823529411767,7.521993179714164e-25,2.2349917607159563e-17,5.423357082573912e-22,1.385630322578925e-24
0.3,0.1,stochunif,scattered,block,21.53235294117647,1.901472650519892e-25,9.157946409802874e-18,1.4146956519867996e-22,3.5995425776067667e-25
0.7,0.2,tournament,twopoint,scramble,21.53235294117647,4.501265629731829e-26,7.663096407800486e-18,3.4434682067448493e-23,8.741668763042701e-26
0.6,0.2,tournament,twopoint,block,21.54176470588235,3.0996010494866297e-30,1.3102709991262731e-17,2.789640944537967e-27,7.2217036286116e-30
0.8,0.01,stochunif,scattered,block,21.544117647058826,1.1128691417733778e-32,7.655879029243894e-18,1.0995147120720972e-29,2.9808994868929765e-32
0.8,0.2,stochunif,twopoint,scramble,21.564117647058826,1.5976084372879993e-29,9.869072644274003e-18,1.3963097741897114e-26,3.584377904171793e-29
0.3,0.1,roulette,scattered,block,21.57764705882353,1.0892743049871782e-27,4.086023689263911e-17,8.888478328695375e-25,2.2573776715194814e-27
0.7,0.05,stochunif,scattered,block,21.594117647058823,5.624968627014818e-28,3.002439931960078e-17,4.65747402316827e-25,1.1844018165171575e-27
0.5,0.2,roulette,singlepoint,block,21.60764705882353,1.1139773955178539e-26,1.0652185570443366e-17,8.811561198546224e-24,2.2350501884593882e-26
0.5,0.2,stochunif,twopoint,scramble,21.608235294117648,1.1791825378819387e-22,3.580596497326895e-17,7.947690305324266e-20,2.0589938992949597e-22
0.7,0.2,roulette,singlepoint,scramble,21.61470588235294,1.0282802826525227e-22,1.7392600702720534e-17,6.940891907904528e-20,1.7974932798864854e-22
0.7,0.02,stochunif,scattered,scramble,21.62294117647059,9.959812479258743e-28,7.106808488295445e-18,8.1570864205129105e-25,2.0722199015630807e-27
0.7,0.02,tournament,scattered,swap,21.62470588235294,2.3157380285490298e-30,7.000975774067324e-18,2.098058653865421e-27,5.443712529798092e-30
0.3,0.1,roulette,scattered,swap,21.631176470588233,1.7226968748248485e-29,1.61545020128729e-17,1.502191674847268e-26,3.854044854899342e-29
0.3,0.1,tournament,scattered,swap,21.63352941176471,7.423540869311178e-25,1.2539993241652878e-17,5.359796507642671e-22,1.3690956521270616e-24
0.9,0.05,roulette,scattered,swap,21.635882352941177,5.891670883716361e-30,1.0959187175708929e-17,5.2494787573912774e-27,1.3546542542851487e-29
0.7,0.2,stochunif,singlepoint,block,21.637647058823532,1.439398528707276e-31,5.103674752797766e-18,1.360231609628376e-28,3.5927934749825037e-31
0.8,0.01,stochunif,singlepoint,frequency,21.638823529411766,8.606247090663742e-33,1.5185784539281326e-17,8.546003361029095e-30,2.3250152946475804e-32
0.5,0.2,tournament,twopoint,block,21.64294117647059,2.3197228043596278e-31,1.0645164244371743e-17,2.168940822076252e-28,5.699786921788477e-31
0.3,0.2,tournament,scattered,scramble,21.652352941176474,2.1740454259242496e-25,1.0633471768244232e-17,1.610967660609869e-22,4.100744366264303e-25
0.5,0.2,tournament,singlepoint,swap,21.659411764705883,2.909111366626339e-27,5.893515654506744e-17,2.350561984234082e-24,5.965951044839172e-27
0.3,0.1,roulette,scattered,scramble,21.66235294117647,2.1686202630182367e-26,2.3720532759711545e-17,1.6936924254172427e-23,4.296323162583299e-26
0.7,0.05,roulette,scattered,swap,21.66705882352941,3.005413916061404e-27,4.084941289906732e-17,2.425369030261553e-24,6.151641309360501e-27
0.6,0.05,stochunif,scattered,block,21.671176470588236,2.55598249348162e-30,8.010083841899439e-18,2.3054962091204214e-27,5.972807755539394e-30
0.9,0.01,tournament,twopoint,frequency,21.67294117647059,1.8505827009688747e-25,2.960305272957792e-17,1.3786841122218116e-22,3.50742208667386e-25
0.7,0.2,stochunif,singlepoint,scramble,21.67294117647059,1.954044730177215e-29,4.805067043700383e-18,1.698064870524e-26,4.353069943464093e-29
0.4,0.1,tournament,scattered,scramble,21.674705882352942,2.3016143142208364e-26,2.4072060422194456e-17,1.7929575507780316e-23,4.5483595293573616e-26
0.3,0.1,tournament,scattered,block,21.676470588235293,7.996196487347668e-26,2.0781937002267286e-17,6.045124544434838e-23,1.535854813118607e-25
0.9,0.02,roulette,scattered,scramble,21.678823529411765,2.0337756804988677e-29,3.9485566488074975e-18,1.7653172906730173e-26,4.524289119753837e-29
0.8,0.01,stochunif,twopoint,uniform,21.684117647058823,5.380193710779621e-27,1.3314420024004418e-17,4.288014387491358e-24,1.0877798580844548e-26
0.7,0.2,tournament,twopoint,swap,21.68705882352941,1.5598111133689125e-28,1.9000555473564645e-17,1.3118011463432553e-25,3.342452385790527e-28
0.9,0.02,roulette,twopoint,frequency,21.69235294117647,1.2830952479579864e-27,4.595073347545413e-18,1.0444395318378009e-24,2.65206694951946e-27
0.7,0.02,tournament,scattered,block,21.701176470588234,5.271138976421056e-28,8.898872848584883e-18,4.369774211453055e-25,1.1113847239441986e-27
0.7,0.2,tournament,twopoint,block,21.707647058823532,2.3930837520745496e-27,1.4990398045062796e-17,1.9407909229324595e-24,4.926937136624073e-27
0.9,0.02,stochunif,singlepoint,uniform,21.71705882352941,6.0741794860730035e-28,1.9865660096313077e-17,5.011198076010228e-25,1.2738791864933396e-27
0.8,0.05,roulette,scattered,swap,21.718823529411765,4.9024060947934816e-26,1.568108757648048e-17,3.740535850327426e-23,9.497281179950472e-26
0.5,0.05,stochunif,scattered,swap,21.745882352941177,5.132687166946681e-29,1.7373745841767218e-17,4.4038455892402524e-26,1.125902825618527e-28
0.9,0.01,roulette,scattered,scramble,21.75235294117647,3.007469084576245e-27,6.998642328414608e-18,2.425369030261553e-24,6.151641309360501e-27
0.7,0.2,tournament,singlepoint,block,21.759411764705884,4.553851305230599e-35,5.412405791618044e-18,4.9090517070385856e-32,1.4402240573771474e-34
0.9,0.02,roulette,singlepoint,frequency,21.784117647058824,3.7654720832692424e-28,5.75529976869282e-18,3.1328727732800095e-25,7.971261466598194e-28
0.9,0.02,roulette,scattered,block,21.78470588235294,5.742510460423695e-31,9.872333486069209e-18,5.294594644510647e-28,1.3829440329002017e-30
0.5,0.05,tournament,scattered,scramble,21.788823529411765,8.882542634457044e-28,6.206049037276286e-18,7.292567502889233e-25,1.8529807482476616e-27
0.4,0.1,roulette,scattered,block,21.799411764705884,2.9179253488327014e-32,8.893470123777893e-18,2.827469663018888e-29,7.571223104467059e-32
0.8,0.2,roulette,twopoint,swap,21.801764705882352,6.214728845337029e-31,6.020908264681415e-18,5.705121080019393e-28,1.4875680746817355e-30
0.9,0.05,roulette,scattered,block,21.808823529411764,1.7103256966690912e-34,6.114491358710572e-18,1.800972958592553e-31,5.142025884759798e-34
0.7,0.05,roulette,scattered,block,21.81294117647059,4.223139388456715e-25,5.341973606883086e-18,3.0913380323503153e-22,7.8808584559470695e-25
0.7,0.2,stochunif,singlepoint,swap,21.81352941176471,2.9463323671687338e-33,4.523973326095206e-18,2.9816883555747587e-30,8.227789855125453e-33
0.7,0.2,roulette,singlepoint,swap,21.830588235294115,1.332643398356904e-33,5.413919774851984e-18,1.361961553120756e-30,3.788652260671704e-33
0.8,0.05,roulette,scattered,block,21.844117647058823,1.5003167484137896e-28,8.25591612884781e-18,1.2632667021644107e-25,3.219344521460107e-28
0.9,0.01,roulette,scattered,block,21.85294117647059,9.133964441558616e-27,1.0645749187517454e-17,7.243233802155983e-24,1.8372916980146642e-26
0.5,0.05,roulette,scattered,scramble,21.86176470588235,2.8353670666413857e-26,2.3715430562297638e-17,2.2002448437137154e-23,5.582128912450228e-26
0.7,0.05,stochunif,scattered,swap,21.863529411764706,2.2625301746463445e-29,2.8282773153149275e-17,1.9616136614183806e-26,5.026071967655843e-29
0.8,0.2,roulette,singlepoint,swap,21.87470588235294,8.368850030463069e-32,5.835679453670673e-18,7.967145229000841e-29,2.1123299355736113e-31
0.4,0.1,stochunif,twopoint,swap,21.876470588235293,6.499789143043555e-30,4.4524564365737594e-18,5.7848123373087635e-27,1.4922985277395918e-29
0.8,0.2,roulette,twopoint,scramble,21.881176470588233,4.218939032041825e-27,1.1813928261334705e-17,3.379370164665502e-24,8.573972871568869e-27
0.8,0.2,roulette,singlepoint,scramble,21.887647058823532,7.640131001942115e-31,1.7910160253406654e-17,6.975439604773151e-28,1.814963247067697e-30
0.9,0.01,roulette,scattered,swap,21.89,6.04216090223938e-31,4.457716164698881e-18,5.55274586915799e-28,1.4484632299888925e-30
0.9,0.02,roulette,scattered,swap,21.904705882352943,7.222311603203525e-32,6.2996620444629406e-18,6.893729114360131e-29,1.828800767692211e-31
0.9,0.01,tournament,singlepoint,frequency,21.92705882352941,2.868678907526229e-30,2.915011016150528e-17,2.5846796956811325e-27,6.693584117561202e-30
0.7,0.2,tournament,singlepoint,swap,21.96764705882353,1.7666161575262382e-33,9.588553829227703e-18,1.801948480676763e-30,5.004353323927743e-33
0.8,0.01,stochunif,singlepoint,uniform,21.97,1.7388863215904072e-29,5.75529976869282e-18,1.5145699861052448e-26,3.8847460375955903e-29
0.6,0.02,tournament,scattered,swap,21.972352941176467,3.1934996471204674e-26,1.4543531249747485e-17,2.4558012286356393e-23,6.232666597539946e-26
0.7,0.2,roulette,singlepoint,block,21.97352941176471,2.257412585224626e-34,4.067896284623845e-18,2.3680250550579437e-31,6.733759132062095e-34
0.8,0.2,stochunif,singlepoint,swap,21.978823529411766,6.761007597642685e-29,8.499318320221074e-18,5.760378473191568e-26,1.4707993047358054e-28
0.4,0.2,stochunif,singlepoint,scramble,21.979411764705883,6.50674519177065e-26,4.326360088355959e-18,4.945126345745694e-23,1.255897509441026e-25
0.8,0.2,tournament,twopoint,swap,21.98,2.7073174259177113e-31,5.339284118191962e-18,2.5232198409553068e-28,6.621156748168316e-31
0.8,0.01,roulette,singlepoint,frequency,21.99176470588235,5.248518105214105e-30,1.2348536320359843e-17,4.6816781498509816e-27,1.2085403531743006e-29
0.7,0.01,tournament,scattered,scramble,21.99529411764706,6.907323236216827e-30,5.18462728026343e-18,6.133703033760542e-27,1.5812549559653346e-29
0.6,0.2,tournament,singlepoint,block,22.00235294117647,2.5318600699947932e-31,9.730761749386576e-18,2.362225445305142e-28,6.201679020593778e-31
0.3,0.2,stochunif,twopoint,scramble,22.021176470588234,2.3394816109487e-24,1.1988009868707836e-17,1.661031943773577e-21,4.254830874415938e-24
0.7,0.01,tournament,scattered,swap,22.04,5.872214870516914e-29,9.576409481567285e-18,5.020743714291962e-26,1.2827653843362192e-28
0.6,0.1,roulette,twopoint,swap,22.04529411764706,2.125139632822758e-31,1.0182314273096166e-17,1.9933809755877469e-28,5.2462302847897236e-31
0.3,0.1,roulette,twopoint,swap,22.046470588235294,8.780045700054689e-35,7.436347304531481e-18,9.377088807658407e-32,2.722159838107507e-34
0.9,0.2,stochunif,twopoint,swap,22.04705882352941,6.440546342505465e-29,7.893605841076796e-18,5.493786030157162e-26,1.4030235808362527e-28
0.5,0.1,stochunif,twopoint,swap,22.049411764705884,8.767194130913521e-35,5.339284118191962e-18,9.372130525946554e-32,2.722159838107507e-34
0.6,0.2,roulette,twopoint,scramble,22.049411764705884,3.0311281572161633e-28,1.2171952514491893e-17,2.5309920112754964e-25,6.442681305823828e-28
0.5,0.05,tournament,scattered,swap,22.071176470588235,8.133848210623122e-33,7.778369914759648e-18,8.093178969570007e-30,2.2049588522773522e-32
0.6,0.1,stochunif,twopoint,swap,22.082352941176467,3.335453548464958e-33,5.1828856150822364e-18,3.3688080839496076e-30,9.281518266488178e-33
0.4,0.2,tournament,singlepoint,swap,22.084117647058825,4.733112227490027e-31,5.668726884976278e-18,4.378128810428275e-28,1.1451077969733936e-30
0.3,0.2,tournament,singlepoint,swap,22.090588235294117,7.342891878134374e-28,3.5775510771914836e-17,6.04320001570459e-25,1.5358638390520105e-27
0.8,0.02,roulette,scattered,scramble,22.09176470588235,4.094629230716337e-28,6.206740870749702e-18,3.39854226149456e-25,8.64482712919334e-28
0.3,0.1,stochunif,twopoint,swap,22.09647058823529,3.480853000360833e-33,4.878881975203776e-18,3.508699824363719e-30,9.652013161211816e-33
0.5,0.1,tournament,twopoint,swap,22.101764705882353,1.6878798281178217e-31,1.1634049268489315e-17,1.5882949182588703e-28,4.1864735894260935e-31
0.6,0.05,roulette,scattered,swap,22.10529411764706,5.611691005724842e-33,1.411057803432788e-17,5.6060793147191174e-30,1.5317874062420496e-32
0.7,0.02,stochunif,scattered,swap,22.117647058823533,4.6893253577992e-30,5.9300618110589345e-18,4.1875675445146855e-27,1.081359800663798e-29
0.6,0.05,tournament,scattered,block,22.12764705882353,1.1851676872222307e-32,8.012301451739379e-18,1.1673901719138972e-29,3.158441806049092e-32
0.9,0.01,stochunif,twopoint,frequency,22.128823529411765,2.6934693493807123e-32,4.9529825966509544e-18,2.623439146296814e-29,7.046867483844886e-32
0.9,0.2,stochunif,twopoint,scramble,22.129411764705882,4.4297454585344766e-30,6.7882912526502556e-18,3.960192439929822e-27,1.0229984013477714e-29
0.8,0.2,tournament,singlepoint,swap,22.13352941176471,1.0693375585699252e-32,4.877240401217412e-18,1.0575748454256561e-29,2.8691765838971586e-32
0.9,0.02,roulette,twopoint,uniform,22.134705882352943,1.3873150259221676e-32,3.952121069764719e-18,1.3637306704814906e-29,3.684689992963599e-32
0.6,0.2,roulette,singlepoint,block,22.139411764705883,3.8926559995095204e-35,3.8895318337748005e-18,4.2001758234707723e-32,1.2335881688586508e-34
0.5,0.2,roulette,singlepoint,scramble,22.151176470588233,7.726590380396102e-26,1.6386230978713194e-17,5.84902891795985e-23,1.4858827654607888e-25
0.9,0.2,tournament,twopoint,scramble,22.17294117647059,1.08865760274819e-28,6.023259632713725e-18,9.210043319249686e-26,2.3488160607238343e-28
0.8,0.01,roulette,scattered,scramble,22.173529411764708,3.984661365427496e-32,3.889312402158803e-18,3.853167540368389e-29,1.03051587036918e-31
0.6,0.02,tournament,scattered,block,22.179411764705883,1.4526661949182876e-31,4.2581664570841475e-18,1.3713168880028635e-28,3.6201728749941504e-31
0.7,0.02,stochunif,scattered,block,22.18,8.506315933156842e-32,3.89040967760029e-18,8.089506452432157e-29,2.143591615155524e-31
0.7,0.01,tournament,scattered,block,22.18176470588235,3.2318889462339247e-31,4.735543073372357e-18,3.002424831051316e-28,7.8674267238306505e-31
0.9,0.01,stochunif,singlepoint,frequency,22.183529411764706,2.5276180612903367e-32,4.25864582848267e-18,2.4669552278193687e-29,6.634997410887134e-32
0.9,0.01,tournament,twopoint,uniform,22.19235294117647,2.1048934945700556e-27,1.433833284757895e-17,1.709173517590885e-24,4.3392765104029295e-27
0.5,0.05,stochunif,scattered,block,22.200588235294116,9.190447890219143e-36,4.4537082190315456e-18,1.007273088768018e-32,3.015615713978156e-35
0.6,0.02,tournament,scattered,scramble,22.200588235294116,1.266011457322822e-31,5.589996409274705e-18,1.2001788615420352e-28,3.175108352362173e-31
0.8,0.2,tournament,twopoint,block,22.204117647058823,7.304700373122714e-34,4.8791556217670744e-18,7.538450785062641e-31,2.1148718911154916e-33
0.5,0.1,stochunif,singlepoint,swap,22.21,5.3635496353485443e-36,4.2593649814876555e-18,5.93208589669549e-33,1.7973597182285018e-35
0.6,0.02,stochunif,scattered,scramble,22.21529411764706,3.239034122994804e-30,7.32079558009376e-18,2.908652642449334e-27,7.524304931735716e-30
0.4,0.05,roulette,scattered,swap,22.225882352941177,1.2164652599830225e-36,3.947220776754816e-18,1.3794716048207475e-33,4.334689557631811e-36
0.8,0.2,tournament,twopoint,scramble,22.23764705882353,1.2070412674847515e-28,1.4119045689000197e-17,1.019949871024615e-25,2.600670309560169e-28
0.4,0.1,stochunif,twopoint,block,22.23941176470588,1.9897973748557456e-37,3.89040967760029e-18,2.316124144332088e-34,7.606628314072329e-37
0.8,0.2,tournament,singlepoint,block,22.24764705882353,8.436320396448379e-33,9.437987471688184e-18,8.385702474069688e-30,2.2830248495543292e-32
0.7,0.1,stochunif,twopoint,scramble,22.24823529411765,3.139077492254018e-30,4.9557601982318336e-18,2.8220306655363622e-27,7.302875997489037e-30
0.3,0.2,roulette,twopoint,scramble,22.263529411764708,1.6371251926905408e-28,7.894480247092628e-18,1.3751851618600542e-25,3.5033589381625025e-28
0.8,0.01,roulette,twopoint,uniform,22.275294117647057,4.025252125219218e-33,5.029039428095521e-18,4.041353133720095e-30,1.1083517652482986e-32
0.6,0.01,tournament,scattered,swap,22.299411764705884,7.379964475363033e-31,7.110756460625314e-18,6.745287530481812e-28,1.7558072581112957e-30
0.8,0.01,roulette,scattered,swap,22.301764705882352,1.0480165982237932e-34,4.734214231926979e-18,1.115089660510116e-31,3.223879183989208e-34
0.4,0.05,roulette,scattered,scramble,22.30294117647059,4.093430159137087e-30,7.428513721281677e-18,3.66771342258683e-27,9.481106618589578e-30
0.9,0.02,roulette,singlepoint,uniform,22.30705882352941,3.3181713679045034e-32,4.878061122773618e-18,3.211989884131559e-29,8.595591948107883e-32
0.9,0.2,tournament,twopoint,swap,22.31176470588235,5.532327055501374e-36,5.589996409274705e-18,6.107689069273517e-33,1.8460625238166662e-35
0.7,0.02,roulette,scattered,scramble,22.314117647058826,6.75569359627025e-32,6.591879306296347e-18,6.458443078034358e-29,1.716164099052523e-31
0.6,0.1,stochunif,twopoint,scramble,22.334705882352942,4.011417785118684e-31,4.326846926065679e-18,3.71858428680502e-28,9.734950711189411e-31
0.7,0.01,stochunif,scattered,scramble,22.340588235294117,1.4679982967661263e-34,3.8917267954882246e-18,1.5487382030882633e-31,4.437806751260363e-34
0.7,0.1,stochunif,singlepoint,scramble,22.351176470588236,1.0403268054914168e-34,4.79617780198298e-18,1.107948047848359e-31,3.206486729254367e-34
0.6,0.2,tournament,twopoint,scramble,22.353529411764708,1.2214098458760019e-29,7.433048000625736e-18,1.0723978446791297e-26,2.756046571998142e-29
0.5,0.1,roulette,twopoint,swap,22.354117647058825,4.3882495482101796e-36,6.1124461235704515e-18,4.862180499416879e-33,1.4768147518015028e-35
0.8,0.02,roulette,scattered,swap,22.356470588235293,1.1724433060835864e-31,3.947220776754816e-18,1.1126486974733235e-28,2.945132706669296e-31
0.7,0.1,stochunif,twopoint,swap,22.36235294117647,6.484157234361699e-36,4.7328857438610044e-18,7.145541272266592e-33,2.1515499552948468e-35
0.4,0.2,roulette,singlepoint,scramble,22.370588235294118,7.444094219213127e-29,6.3975184044244564e-18,6.320035992111945e-26,1.6127164230069703e-28
0.6,0.05,roulette,scattered,block,22.371764705882352,6.488801452476522e-36,7.094582963137958e-18,7.145541272266592e-33,2.1515499552948468e-35
0.8,0.2,stochunif,twopoint,block,22.37705882352941,6.688247310954515e-32,3.946998173068155e-18,6.400652676583471e-29,1.7017753658729177e-31
0.8,0.2,stochunif,singlepoint,block,22.378235294117648,5.961534478409555e-34,4.662822139056312e-18,6.170188185153889e-31,1.7355668768013028e-33
0.6,0.02,roulette,scattered,scramble,22.390588235294118,2.386404139709764e-29,9.172609303820891e-18,2.064239580848946e-26,5.286338284167199e-29
0.5,0.1,stochunif,twopoint,scramble,22.391176470588235,1.8110343057559065e-30,4.955204559858164e-18,1.644419149626363e-27,4.2700284903675936e-30
0.9,0.2,roulette,twopoint,scramble,22.401176470588233,1.9654386909941194e-33,4.46122592105417e-18,1.9988511487410195e-30,5.537685041709728e-33
0.4,0.1,stochunif,singlepoint,swap,22.416470588235292,1.4555131636587464e-30,7.660123766038217e-18,1.3245169789294592e-27,3.442091941084873e-30
0.5,0.02,stochunif,scattered,scramble,22.42,3.996257340088499e-29,6.693467696369353e-18,3.444773827156286e-26,8.815273544312865e-29
0.8,0.01,roulette,singlepoint,uniform,22.42294117647059,3.9301593053319726e-30,5.846439967108809e-18,3.52535289688278e-27,9.116348904120555e-30
0.6,0.1,roulette,twopoint,scramble,22.42529411764706,4.37863163200531e-32,6.209508935308441e-18,4.225379524885124e-29,1.12869800661348e-31
0.7,0.2,tournament,singlepoint,scramble,22.426470588235293,6.007991022181798e-33,4.8818928874664525e-18,5.9899670491152524e-30,1.6342980759820954e-32
0.5,0.1,roulette,twopoint,scramble,22.43176470588235,5.954405107925298e-31,4.876693326211414e-18,5.478052699291274e-28,1.4296018361253575e-30
0.4,0.1,roulette,twopoint,swap,22.446470588235293,7.5507437181557785e-34,4.802102229805838e-18,7.784816773418607e-31,2.1820956616688717e-33
0.8,0.1,stochunif,twopoint,scramble,22.45294117647059,1.3253622468562374e-29,3.947220776754816e-18,1.1623426904929201e-26,2.986331242916415e-29
0.6,0.1,stochunif,singlepoint,scramble,22.457647058823532,5.072663061187425e-33,6.399656442790909e-18,5.0828083873098e-30,1.3918892545941107e-32
0.5,0.05,roulette,scattered,swap,22.45823529411765,5.586809744522044e-32,7.108387428037237e-18,5.363337354741163e-29,1.4284456733152955e-31
0.4,0.05,stochunif,scattered,block,22.46529411764706,1.6628633599650775e-36,4.261762989576592e-18,1.8740470066806424e-33,5.832983946425383e-36
0.9,0.2,stochunif,singlepoint,swap,22.471176470588233,7.263017681654382e-36,5.75529976869282e-18,7.982056432138165e-33,2.3981662156405977e-35
0.8,0.02,roulette,scattered,block,22.477647058823532,2.703299098254629e-32,4.954093460208902e-18,2.630310022601754e-29,7.06085585365015e-32
0.9,0.01,roulette,twopoint,frequency,22.495882352941177,1.3671844042329054e-31,7.003699058658798e-18,1.2947236308085614e-28,3.4233949708534595e-31
0.5,0.2,tournament,twopoint,scramble,22.499411764705883,1.6168731859360666e-30,5.180854373056655e-18,1.4697377260158845e-27,3.817953924811552e-30
0.7,0.1,tournament,twopoint,swap,22.503529411764706,4.374330993967143e-30,4.009143627626533e-18,3.915026239600593e-27,1.0116844809835903e-29
0.5,0.05,tournament,scattered,block,22.50705882352941,5.839674222386936e-31,5.02988500759681e-18,5.3783399588183685e-28,1.4041964733220496e-30
0.5,0.1,tournament,singlepoint,swap,22.50705882352941,1.1282875554778267e-29,7.77449217633873e-18,9.928930488204874e-27,2.5532369251114613e-29
0.7,0.01,stochunif,scattered,block,22.509411764705884,1.9193621926364473e-32,4.803988728909976e-18,1.879055586591082e-29,5.063643975548416e-32
0.8,0.01,roulette,scattered,block,22.51,7.712776076333021e-29,4.0071100435563784e-18,6.540434112730402e-26,1.6686294395912786e-28
0.3,0.1,stochunif,singlepoint,swap,22.51294117647059,1.4261704576665404e-32,7.43675981502432e-18,1.4004993894285427e-29,3.78151257714613e-32
0.8,0.1,stochunif,twopoint,swap,22.514705882352942,2.8323129035042268e-36,4.007335949047926e-18,3.160861200310717e-33,9.697593093519906e-36
0.7,0.1,roulette,twopoint,scramble,22.51529411764706,1.8114225354606688e-31,7.777077131820069e-18,1.7027371833330286e-28,4.485834109041751e-31
0.6,0.1,stochunif,twopoint,block,22.523529411764706,2.0304357818793084e-34,4.393405909346449e-18,2.133988006755153e-31,6.091307345637925e-34
0.3,0.05,stochunif,scattered,scramble,22.52647058823529,2.631454841988261e-25,6.028301208203894e-18,1.93675076370336e-22,4.933977828727989e-25
0.8,0.2,roulette,singlepoint,block,22.53529411764706,3.2846039974898613e-38,4.6659651007267745e-18,3.9021095490179554e-35,1.3333121897027145e-37
0.9,0.2,stochunif,singlepoint,scramble,22.553529411764707,6.649146425114456e-32,4.592234851322282e-18,6.36988227525965e-29,1.6945640161092667e-31
0.4,0.05,stochunif,scattered,swap,22.562352941176467,1.3970025255198885e-31,5.666826972527097e-18,1.3215643891418145e-28,3.492506313799721e-31
0.4,0.05,tournament,scattered,swap,22.575294117647058,8.251880557080902e-30,3.892824716613678e-18,7.302914293016598e-27,1.8808555538932592e-29
0.5,0.1,stochunif,twopoint,block,22.575882352941175,2.5031794253158805e-30,6.4979589017503175e-18,2.26037102106024e-27,5.858109353450983e-30
0.4,0.1,roulette,singlepoint,swap,22.576470588235292,9.408230568592609e-34,4.3916766892788374e-18,9.671661024513202e-31,2.704007873272511e-33
0.4,0.2,tournament,twopoint,scramble,22.60294117647059,1.5122271218959682e-31,4.955204559858164e-18,1.426030175947898e-28,3.7626504217790678e-31
0.9,0.01,tournament,singlepoint,uniform,22.62470588235294,1.3293504887057588e-34,7.891857304182651e-18,1.405123466561987e-31,4.034156107344066e-34
0.3,0.1,roulette,singlepoint,swap,22.629411764705882,2.320846875608527e-35,4.069042623779065e-18,2.5250814006620775e-32,7.490438174351291e-35
0.9,0.2,roulette,singlepoint,scramble,22.63294117647059,2.694678574885872e-33,6.116537242130701e-18,2.7297093963593883e-30,7.538399210382324e-33
0.3,0.1,tournament,scattered,scramble,22.655882352941177,7.281269315218271e-30,4.809382597004599e-18,6.4584858825986065e-27,1.6644410989069343e-29
0.3,0.2,stochunif,singlepoint,scramble,22.655882352941177,3.5980478107413235e-26,8.63797075050498e-18,2.759702670838595e-23,7.004852041925321e-26
0.5,0.02,roulette,scattered,scramble,22.66176470588235,1.7804545350385476e-38,6.794711054228475e-18,2.136545442046257e-35,7.458020991185406e-38
0.7,0.1,stochunif,singlepoint,swap,22.667647058823533,2.0632947304207645e-34,7.109571850874093e-18,2.166459466941803e-31,6.178116350594494e-34
0.3,0.1,tournament,twopoint,swap,22.681176470588234,7.18552997799342e-36,4.953537998921532e-18,7.904082975792761e-33,2.3775650662478227e-35
0.7,0.1,roulette,twopoint,swap,22.69470588235294,8.866210179396331e-38,5.2633090752956015e-18,1.0435529381149482e-34,3.4920616628955616e-37
0.4,0.1,stochunif,twopoint,scramble,22.69705882352941,4.655829604981734e-29,3.89040967760029e-18,4.0040134602842915e-26,1.0241524619896971e-28
0.8,0.2,roulette,twopoint,block,22.699411764705882,1.04689394542241e-35,5.341973606883086e-18,1.146348870237539e-32,3.42797913521891e-35
0.6,0.2,tournament,singlepoint,scramble,22.724705882352943,5.10192685228736e-32,4.260563825624947e-18,4.9080536319004406e-29,1.308719021555797e-31
0.6,0.1,tournament,twopoint,swap,22.728823529411766,7.93114678949384e-34,4.012308925178156e-18,8.169081193178655e-31,2.2878308046616845e-33
0.9,0.2,tournament,singlepoint,swap,22.729411764705883,1.173682600843849e-32,1.3682125375400976e-17,1.157251044432035e-29,3.1331357564899353e-32
0.7,0.1,tournament,twopoint,block,22.73235294117647,7.338220835906496e-32,6.304226336437806e-18,6.99332445661889e-29,1.855168188852766e-31
0.4,0.1,stochunif,singlepoint,scramble,22.73235294117647,1.0054487586848729e-30,6.398943688141624e-18,9.16969267920604e-28,2.384912341760052e-30
0.6,0.01,tournament,scattered,block,22.74529411764706,5.663377579202272e-31,5.106820713226282e-18,5.2272975056036975e-28,1.3659754498075924e-30
0.6,0.1,stochunif,singlepoint,swap,22.753529411764706,1.9838999971396836e-32,9.032474882015654e-18,1.9402541972026106e-29,5.225154674740806e-32
0.5,0.02,tournament,scattered,scramble,22.75705882352941,6.4350418688086954e-31,2.4803927359178307e-17,5.900933393697574e-28,1.5379652417866003e-30
0.3,0.2,roulette,singlepoint,scramble,22.759411764705884,2.636460295509182e-29,1.2924662507211627e-17,2.275265235024424e-26,5.82387793187512e-29
0.8,0.1,stochunif,singlepoint,scramble,22.784117647058824,2.2921376237087893e-31,3.951229678691153e-18,2.1454408157914266e-28,5.640807433345849e-31
0.3,0.2,tournament,twopoint,scramble,22.788823529411765,2.5028859041768838e-29,1.2541365413971975e-17,2.1624934212088277e-26,5.536580476233978e-29
0.5,0.2,tournament,singlepoint,scramble,22.791176470588233,1.5230186229443476e-31,5.586873144908197e-18,1.4346835428135754e-28,3.783524181604649e-31
0.9,0.01,stochunif,twopoint,uniform,22.797647058823532,3.8486499166203478e-34,3.892165928709803e-18,4.010293213118402e-31,1.135135509115552e-33
0.8,0.1,tournament,twopoint,scramble,22.806470588235292,4.773189982701062e-32,4.881071554996202e-18,4.596581953341123e-29,1.2263905746744163e-31
0.4,0.1,tournament,singlepoint,swap,22.80705882352941,5.034631520912293e-35,5.4248323053051536e-18,5.417263516501627e-32,1.5859089290873723e-34
0.9,0.1,stochunif,twopoint,scramble,22.808235294117647,3.98399035838172e-33,4.392417704591055e-18,4.003910310173628e-30,1.0989115261735917e-32
0.7,0.01,stochunif,scattered,swap,22.81,1.2092643354044193e-33,3.887557371640185e-18,1.2394959437895298e-30,3.4566085812376775e-33
0.6,0.1,tournament,singlepoint,swap,22.81352941176471,2.471983042103387e-31,6.495065720794358e-18,2.3088321613245635e-28,6.064444378991954e-31
0.4,0.05,tournament,scattered,block,22.81823529411765,1.110277397153377e-34,4.3261166889705545e-18,1.178004318379733e-31,3.395508544692367e-34
0.7,0.1,roulette,singlepoint,swap,22.818823529411766,6.828319002824903e-38,3.888873574131199e-18,8.057416423333385e-35,2.715808694305359e-37
0.7,0.1,tournament,twopoint,scramble,22.831176470588233,2.095936122977059e-32,4.666227104804343e-18,2.0477295921485865e-29,5.511017351734337e-32
0.4,0.1,tournament,twopoint,swap,22.851176470588236,2.7235461797286734e-31,4.805336658234927e-18,2.535621493327395e-28,6.6505197411979235e-31
0.8,0.2,tournament,singlepoint,scramble,22.853529411764708,3.739547439611026e-34,9.310779100163184e-18,3.9003479795143e-31,1.1050257443503502e-33
0.7,0.02,roulette,scattered,swap,22.863529411764706,8.841303961819251e-33,4.325873302563714e-18,8.770573530124697e-30,2.384427010250911e-32
0.6,0.01,tournament,scattered,scramble,22.865882352941174,4.785345688124327e-29,5.7623749231829215e-18,4.1106119460987965e-26,1.0511742620356786e-28
0.5,0.1,roulette,singlepoint,swap,22.873529411764707,2.7939614329964044e-32,5.42028288730798e-18,2.710142590006512e-29,7.26153342734214e-32
0.3,0.1,tournament,singlepoint,block,22.874117647058824,1.5810611664255616e-33,4.0114043128125195e-18,1.6142634509204985e-30,4.4867952020184856e-33
0.5,0.02,tournament,scattered,swap,22.888823529411766,3.143496525572418e-33,6.793199995528824e-18,3.178074987353714e-30,8.76284429694966e-33
0.6,0.02,roulette,scattered,swap,22.89235294117647,9.099549802503544e-30,4.8818928874664525e-18,8.025802925808125e-27,2.0650995589255162e-29
0.4,0.1,roulette,twopoint,scramble,22.902352941176467,3.5101296071944105e-33,4.322467255268826e-18,3.534700514444771e-30,9.716088104272754e-33
0.6,0.02,stochunif,scattered,block,22.90529411764706,2.384629749072093e-35,5.5915586617355505e-18,2.592092537241365e-32,7.680555940262876e-35
0.5,0.1,stochunif,singlepoint,scramble,22.905882352941177,6.026042407934055e-28,8.50589823686505e-18,4.977511028953529e-25,1.2654689056661516e-27
0.9,0.2,stochunif,twopoint,block,22.915294117647058,2.502163642045348e-33,3.887996058876616e-18,2.5396960966760284e-30,7.024790973656725e-33
0.5,0.1,tournament,twopoint,block,22.91705882352941,3.093721239313851e-38,5.263014469105294e-18,3.678434553544169e-35,1.2590725973951719e-37
0.5,0.1,tournament,twopoint,scramble,22.921764705882353,3.400280481104454e-31,5.676649684738126e-18,3.1554602864649335e-28,8.264570613795547e-31
0.6,0.1,tournament,twopoint,block,22.924705882352942,8.645236810324304e-35,5.186079091533078e-18,9.250403387047005e-32,2.6909580980752524e-34
0.3,0.05,tournament,scattered,swap,22.934117647058823,4.539569730662533e-33,4.009369641788812e-18,4.553188439854521e-30,1.2477874914124765e-32
0.3,0.05,roulette,scattered,scramble,22.945882352941176,2.529498880374247e-27,1.2535877577082338e-17,2.04889409310314e-24,5.200993128706839e-27
0.6,0.02,stochunif,scattered,swap,22.948235294117648,3.415542092252853e-33,4.954648980519163e-18,3.446281971083129e-30,9.487616922924592e-33
0.7,0.1,stochunif,twopoint,block,22.951176470588234,2.7334518164965358e-36,3.8912877092326295e-18,3.0587325826596234e-33,9.420539630157645e-36
0.7,0.02,roulette,scattered,block,22.953529411764706,5.154613531913731e-34,5.3437673124170355e-18,5.350488846126453e-31,1.5090179020007668e-33
0.9,0.1,tournament,twopoint,scramble,22.95647058823529,2.3795233757130094e-30,5.10739290341629e-18,2.1510891316445605e-27,5.577007911827366e-30
0.5,0.1,stochunif,singlepoint,block,22.961764705882352,7.114600862122128e-40,4.256968252334028e-18,8.85767807334205e-37,3.3853463316744265e-39
0.9,0.2,roulette,twopoint,swap,22.961764705882352,1.1938751256379806e-36,4.5260076240865645e-18,1.356242142724746e-33,4.273530279272317e-36
0.5,0.05,roulette,scattered,block,22.965882352941176,3.148102020323097e-35,4.011630447777828e-18,3.4125425900302373e-32,1.0077765613839183e-34
0.9,0.2,tournament,singlepoint,scramble,22.970588235294116,1.2901736873758585e-32,1.1818460584740206e-17,1.2695309083778448e-29,3.432472225704353e-32
0.3,0.05,stochunif,scattered,swap,22.985294117647058,4.35479073443375e-36,3.892824716613678e-18,4.829462924487029e-33,1.4686928065809755e-35
0.8,0.1,tournament,twopoint,swap,22.994117647058825,4.798353233569549e-37,3.8917267954882246e-18,5.52770292507212e-34,1.7824071563377454e-36
0.6,0.01,stochunif,scattered,scramble,23.003529411764706,7.218564517654588e-32,4.257207867715676e-18,6.893729114360131e-29,1.828800767692211e-31
0.3,0.05,roulette,scattered,swap,23.00470588235294,7.699886408700127e-40,4.525753289434386e-18,9.570958806014258e-37,3.641838166277087e-39
0.6,0.1,roulette,singlepoint,scramble,23.01,2.2574118732678207e-34,5.2591860102181465e-18,2.3680250550579437e-31,6.733759132062095e-34
0.5,0.1,tournament,singlepoint,block,23.019411764705882,3.1781642216707406e-35,7.32689194891799e-18,3.441951852069412e-32,1.0153364399860885e-34
0.8,0.1,roulette,singlepoint,scramble,23.029411764705884,8.228005665886554e-36,4.258885533362712e-18,9.034350221143436e-33,2.711110653508645e-35
0.4,0.05,tournament,scattered,scramble,23.03,8.827958588885884e-30,4.6657031105910095e-18,7.795087433986236e-27,2.006354224746792e-29
0.8,0.1,roulette,twopoint,scramble,23.03705882352941,8.639162128225184e-30,5.67347930673767e-18,7.637019321351063e-27,1.9662832878547204e-29
0.7,0.1,tournament,singlepoint,swap,23.064117647058826,1.2763842521985062e-33,9.58379995783965e-18,1.3070174742512704e-30,3.6418572413272595e-33
0.6,0.1,stochunif,singlepoint,block,23.065882352941177,2.51621753854598e-38,5.758193154739423e-18,2.999331305946808e-35,1.0320423497942495e-37
0.8,0.1,roulette,twopoint,swap,23.065882352941177,1.9592599795189184e-33,4.665441134396319e-18,1.994526659150259e-30,5.530169297029205e-33
0.6,0.1,roulette,singlepoint,swap,23.081176470588233,8.587356878060602e-40,4.1959914631321135e-18,1.0665497242551267e-36,4.0494272703429486e-39
0.8,0.1,tournament,singlepoint,swap,23.08294117647059,2.2706073955751033e-37,4.387233084943112e-18,2.63844579365827e-34,8.63818030925311e-37
0.7,0.1,roulette,singlepoint,scramble,23.08705882352941,1.4387362844456842e-32,5.6715778852391924e-18,1.4114002950412162e-29,3.80841957647387e-32
0.6,0.01,roulette,scattered,scramble,23.09294117647059,1.15596979961967e-32,6.894016172149247e-18,1.1409421922246142e-29,3.091090720544958e-32
0.7,0.1,tournament,singlepoint,block,23.093529411764706,2.475662498861531e-35,4.808842952043631e-18,2.6885694737636226e-32,7.957486603483493e-35
0.4,0.1,tournament,singlepoint,block,23.09470588235294,3.2929179712551784e-37,3.948333973708519e-18,3.8099060927422415e-34,1.2377913615100015e-36
0.9,0.01,roulette,twopoint,uniform,23.095294117647057,2.656924528177373e-36,3.89040967760029e-18,2.9757554715586575e-33,9.176877482191584e-36
0.3,0.1,stochunif,twopoint,block,23.097647058823533,2.4085230026676256e-36,4.132385132240042e-18,2.7047713319957436e-33,8.374003817221877e-36
0.5,0.1,roulette,singlepoint,scramble,23.117647058823533,7.508269316933968e-35,8.382304376488727e-18,8.041356438436281e-32,2.341687955281386e-34
0.8,0.05,stochunif,twopoint,scramble,23.124117647058824,1.1737126675460397e-33,4.881071554996202e-18,1.2042291969022368e-30,3.3610862752454774e-33
0.3,0.1,stochunif,singlepoint,block,23.12529411764706,2.1995209890768127e-36,4.260563825624947e-18,2.4722615917223375e-33,7.664260083619425e-36
0.4,0.02,stochunif,scattered,scramble,23.12764705882353,5.293775997514954e-29,5.10224537794024e-18,4.536766029870316e-26,1.1596240884681575e-28
0.3,0.1,tournament,twopoint,block,23.129411764705882,5.460749958316124e-34,5.029321272961319e-18,5.662797706773821e-31,1.5956736891183478e-33
0.7,0.01,roulette,scattered,scramble,23.13294117647059,4.4847614035410377e-32,4.953537998921532e-18,4.32330999301356e-29,1.1541665376760023e-31
0.6,0.1,tournament,singlepoint,scramble,23.140588235294118,6.572489306906932e-34,7.43675981502432e-18,6.789381454034861e-31,1.9063850199591933e-33
0.6,0.1,tournament,twopoint,scramble,23.14294117647059,1.487181103233212e-32,4.734479971942852e-18,1.4574374811685477e-29,3.930050734215283e-32
0.5,0.1,roulette,twopoint,block,23.145882352941175,9.197035047634835e-34,3.889092982277817e-18,9.463749064016245e-31,2.6481408043921144e-33
0.6,0.1,tournament,singlepoint,block,23.146470588235292,1.415690741570945e-37,3.89040967760029e-18,1.6563581676380058e-34,5.4919037388528045e-37
0.4,0.1,stochunif,singlepoint,block,23.15176470588235,6.011357839589736e-38,3.892824716613678e-18,7.111436324234657e-35,2.409131958614207e-37
0.9,0.2,tournament,singlepoint,block,23.16,1.149654730964177e-36,6.111423749044906e-18,1.308357192681523e-33,4.1340324229876226e-36
0.9,0.01,stochunif,singlepoint,uniform,23.167647058823533,8.868728032750633e-38,4.951594349134728e-18,1.0435529381149482e-34,3.4920616628955616e-37
0.3,0.1,stochunif,twopoint,scramble,23.173529411764708,1.206155799237654e-36,5.42574262295362e-18,1.3689868321347373e-33,4.3076992829916214e-36
0.4,0.1,tournament,twopoint,block,23.194117647058825,1.809111145336203e-39,6.795088868644225e-18,2.2342522644902105e-36,8.355865260717066e-39
0.9,0.2,roulette,twopoint,block,23.194117647058825,3.932586030653743e-33,4.6657031105910095e-18,3.956181546837666e-30,1.0866356137332712e-32
0.3,0.1,roulette,twopoint,scramble,23.195882352941176,6.69091155864781e-31,1.1639152475839389e-17,6.122184076162746e-28,1.5942792291785628e-30
0.4,0.1,roulette,singlepoint,block,23.201176470588234,8.863921744148249e-39,3.946775581281391e-18,1.0734209232163529e-35,3.824842944392738e-38
0.5,0.02,stochunif,scattered,swap,23.20823529411765,5.950386254861194e-34,3.8919463562279835e-18,6.164600160036197e-31,1.7355293243345148e-33
0.4,0.1,roulette,twopoint,block,23.224705882352943,8.18688041017363e-43,3.9505612604574125e-18,1.1134157357836136e-39,5.969600299084938e-42
0.9,0.2,stochunif,singlepoint,block,23.226470588235294,3.5075580163953013e-34,4.390935792450566e-18,3.66539812713309e-31,1.0403773777443691e-33
0.7,0.1,tournament,singlepoint,scramble,23.235294117647058,1.289176734280455e-36,5.344066318815373e-18,1.4606372399397555e-33,4.5834161546088406e-36
0.7,0.1,stochunif,singlepoint,block,23.238235294117647,2.6214362866394847e-40,5.845787280041952e-18,3.2977668485924717e-37,1.298352877816726e-39
0.8,0.1,stochunif,twopoint,block,23.24705882352941,2.310965614598432e-35,5.184917611705214e-18,2.516641554297692e-32,7.473862100600679e-35
0.3,0.1,tournament,singlepoint,swap,23.26529411764706,8.898267789160214e-35,4.135645168282196e-18,9.494451731033948e-32,2.753393274641913e-34
0.8,0.1,stochunif,singlepoint,swap,23.266470588235293,4.494122354993458e-43,4.388960646694233e-18,6.129982892211076e-40,3.338793730714479e-42
0.9,0.1,tournament,twopoint,swap,23.29705882352941,5.518295804538284e-36,3.9485566488074975e-18,6.0977168640148035e-33,1.8452899983328657e-35
0.5,0.05,stochunif,twopoint,scramble,23.305882352941175,9.562488867964138e-32,4.460222866369959e-18,9.084364424565931e-29,2.405897758313661e-31
0.9,0.2,tournament,twopoint,block,23.30705882352941,3.599596128551076e-35,3.891507246489959e-18,3.8875638188351617e-32,1.14301691582015e-34
0.3,0.05,stochunif,scattered,block,23.30764705882353,5.514271434546838e-35,4.528297245599328e-18,5.922327520703304e-32,1.7300752010779425e-34
0.4,0.05,roulette,scattered,block,23.34176470588235,5.394011193232635e-32,3.891507246489959e-18,5.183644756696562e-29,1.3813931104620163e-31
0.8,0.1,tournament,twopoint,block,23.34235294117647,6.353117108167021e-36,4.528297245599328e-18,7.007488170308224e-33,2.1154671131845787e-35
0.4,0.1,roulette,singlepoint,scramble,23.349411764705884,1.8782852381065944e-33,4.663869569952292e-18,1.9139726576306197e-30,5.3111297127789695e-33
0.9,0.1,stochunif,twopoint,swap,23.35529411764706,9.162054793795847e-39,3.9494474682509716e-18,1.1076924245699179e-35,3.931944495975057e-38
0.7,0.05,tournament,twopoint,scramble,23.361176470588234,4.698443619551832e-34,4.072712967104513e-18,4.886381364333905e-31,1.3806061008944282e-33
0.7,0.01,roulette,scattered,block,23.369411764705884,1.5491297010849326e-34,4.135179299644915e-18,1.632782704943519e-31,4.674098236032124e-34
0.4,0.2,tournament,singlepoint,scramble,23.373529411764707,1.0893420631988636e-34,4.807494090676467e-18,1.156881271117193e-31,3.3379644932650003e-34
0.6,0.1,roulette,twopoint,block,23.382352941176467,2.3228699363011e-37,4.069730574242137e-18,2.6968519960455773e-34,8.815711204034296e-37
0.5,0.1,roulette,singlepoint,block,23.39941176470588,6.8994288420617e-30,6.798112100394684e-18,6.133592240592851e-27,1.5812549559653346e-29
0.3,0.1,roulette,twopoint,block,23.401176470588233,1.082755066715289e-34,4.391182744896267e-18,1.1509686359183521e-31,3.3242480118451856e-34
0.7,0.05,tournament,twopoint,swap,23.433529411764706,2.572959916604429e-38,3.892165928709803e-18,3.0618223007592705e-35,1.0498476343657967e-37
0.9,0.1,stochunif,singlepoint,scramble,23.435294117647057,8.303861476454851e-36,4.009369641788812e-18,9.109336039670972e-33,2.730392865431397e-35
0.3,0.05,tournament,scattered,scramble,23.43647058823529,1.790001542412055e-35,4.953537998921532e-18,1.952891682771552e-32,5.812891606802034e-35
0.8,0.05,tournament,twopoint,scramble,23.44235294117647,8.993327591222866e-33,3.8919463562279835e-18,8.91238764290186e-30,2.4212805053292332e-32
0.3,0.1,roulette,singlepoint,block,23.44529411764706,4.019487715093635e-41,3.8912877092326295e-18,5.185139152470789e-38,2.2135290738714947e-40
0.8,0.1,roulette,singlepoint,swap,23.452352941176468,1.2540024773409537e-43,4.130290681203775e-18,1.7455714484586076e-40,1.0733988596804358e-42
0.8,0.1,tournament,singlepoint,scramble,23.48470588235294,3.029033249089214e-36,3.891068183715535e-18,3.3743430394853845e-33,1.0326249712804139e-35
0.4,0.02,tournament,scattered,scramble,23.49705882352941,3.5516886661382046e-36,3.8899707322140255e-18,3.9459261080795454e-33,1.20299132240165e-35
0.5,0.02,tournament,scattered,block,23.531176470588235,4.729893160282187e-39,4.879976648726618e-18,5.756279976063422e-36,2.0750924031878674e-38
0.4,0.1,tournament,twopoint,scramble,23.534117647058824,2.7658732845183007e-36,4.38970122765264e-18,3.089480458806942e-33,9.490741662562798e-36
0.7,0.05,stochunif,singlepoint,scramble,23.538823529411765,1.347147743059317e-36,4.6659651007267745e-18,1.5249712451431468e-33,4.778733548014469e-36
0.3,0.05,tournament,scattered,block,23.55470588235294,1.2948891631396802e-34,4.523973326095206e-18,1.3699927346017816e-31,3.937162996032812e-34
0.5,0.05,stochunif,twopoint,swap,23.560588235294116,4.839218414241109e-40,5.02847578326402e-18,6.049023017801386e-37,2.3379659516655662e-39
0.3,0.02,stochunif,scattered,scramble,23.56823529411765,1.9467502140592582e-36,3.889312402158803e-18,2.1900939908166654e-33,6.798517931581667e-36
0.7,0.05,stochunif,twopoint,swap,23.578823529411764,2.7879045789295925e-39,3.888873574131199e-18,3.4179710137676806e-36,1.2545570605183166e-38
0.5,0.02,stochunif,scattered,block,23.584705882352942,1.2934884401468205e-35,5.338985365324385e-18,1.4150763535206215e-32,4.226647911268138e-35
0.4,0.02,tournament,scattered,swap,23.590588235294117,5.023308718818179e-37,6.493258102380776e-18,5.781828335359724e-34,1.8615791134443838e-36
0.8,0.1,tournament,singlepoint,block,23.59294117647059,6.152840384336832e-38,3.952121069764719e-18,7.272657334286135e-35,2.459574519119419e-37
0.7,0.05,stochunif,twopoint,scramble,23.595882352941175,2.748353593688099e-32,5.851010710041395e-18,2.671399693064832e-29,7.166650513342311e-32
0.9,0.1,tournament,twopoint,block,23.59647058823529,5.7713395975914004e-33,6.025611870664536e-18,5.759796918396217e-30,1.5726401152606323e-32
0.8,0.05,tournament,twopoint,swap,23.598823529411767,4.846927361591113e-34,3.893263967270896e-18,5.035957528693167e-31,1.4215848406901308e-33
0.6,0.05,stochunif,twopoint,swap,23.6,2.538893619426049e-38,4.13611108666701e-18,3.0238223007364243e-35,1.038638298856111e-37
0.7,0.1,roulette,singlepoint,block,23.61705882352941,4.278497187172782e-38,5.0315765707878565e-18,5.070019166799747e-35,1.7234355677230517e-37
0.5,0.01,stochunif,scattered,scramble,23.625882352941176,2.023238249854095e-33,4.528551715740266e-18,2.0556100618517607e-30,5.690357577714643e-33
0.7,0.1,roulette,twopoint,block,23.63176470588235,1.4624123805316479e-36,6.302470468923648e-18,1.652525990000762e-33,5.164348653222747e-36
0.5,0.01,tournament,scattered,swap,23.636470588235294,6.378692446021864e-34,3.892165928709803e-18,6.595567989186607e-31,1.853586827026649e-33
0.6,0.01,stochunif,scattered,swap,23.64235294117647,1.0247927156805334e-36,3.8895318337748005e-18,1.1703132813071691e-33,3.719005823034194e-36
0.9,0.1,tournament,singlepoint,scramble,23.643529411764707,1.0499831358028153e-37,4.010273819219546e-18,1.2326802014325051e-34,4.113739897734911e-37
0.4,0.05,stochunif,twopoint,scramble,23.645882352941175,1.1389263594555589e-34,4.6641314625149966e-18,1.2072619410228925e-31,3.4763740622916765e-34
0.9,0.05,tournament,twopoint,scramble,23.664117647058823,4.1936167665329726e-34,3.9476660198304415e-18,4.365555053960824e-31,1.2345694219232584e-33
0.6,0.05,tournament,twopoint,swap,23.67764705882353,1.419952799258937e-40,5.263603697111684e-18,1.799080196661073e-37,7.237623491368368e-40
0.4,0.05,stochunif,twopoint,swap,23.681176470588234,6.082279875708325e-40,3.8917267954882246e-18,7.59068528488399e-37,2.9206069525123815e-39
0.4,0.02,roulette,scattered,scramble,23.681176470588234,5.906985096828226e-35,4.393652993457546e-18,6.338195008896686e-32,1.8496026893647029e-34
0.8,0.05,roulette,twopoint,scramble,23.689411764705884,2.1512482437697216e-30,3.890190199038486e-18,1.9511821570991376e-27,5.0645978833143666e-30
0.5,0.01,tournament,scattered,scramble,23.701176470588234,2.7772460930360395e-32,4.012082753960072e-18,2.6967059563379945e-29,7.230020820713657e-32
0.3,0.05,roulette,scattered,block,23.70176470588235,7.796101885739502e-39,6.997475881843758e-18,9.456671587402016e-36,3.382606190093586e-38
0.3,0.2,tournament,singlepoint,scramble,23.71,2.2639009138692354e-34,3.8912877092326295e-18,2.3703042568210895e-31,6.740347711425417e-34
0.9,0.05,stochunif,twopoint,scramble,23.710588235294118,2.3644663406994935e-40,3.951898204127202e-18,2.9768631229406624e-37,1.1747742859942278e-39
0.9,0.02,tournament,twopoint,scramble,23.710588235294118,1.3522640999491883e-34,4.008013737957471e-18,1.4279908895463429e-31,4.09579991811533e-34
0.9,0.2,roulette,singlepoint,block,23.714117647058824,3.19196913410416e-36,6.8943993674816034e-18,3.55266164625793e-33,1.0858210337395361e-35
0.8,0.05,stochunif,singlepoint,scramble,23.73764705882353,9.555630907602167e-40,3.947220776754816e-18,1.1839426694519085e-36,4.465910587380835e-39
0.8,0.05,stochunif,twopoint,swap,23.74764705882353,3.513352009757899e-38,3.8919463562279835e-18,4.170348835582626e-35,1.4225011350562185e-37
0.5,0.05,tournament,twopoint,swap,23.753529411764706,2.166973943769886e-39,3.890848669938197e-18,2.671878872668269e-36,9.950390558127027e-39
0.3,0.1,stochunif,singlepoint,scramble,23.756470588235292,4.2143881214001384e-32,6.492896635886415e-18,4.071098925272534e-29,1.088141195279544e-31
0.6,0.05,stochunif,twopoint,scramble,23.75823529411765,2.2337809280472566e-35,3.890190199038486e-18,2.4348212115715098e-32,7.239104859412406e-35
0.6,0.01,stochunif,scattered,block,23.761176470588236,2.0157905545650688e-38,4.260563825624947e-18,2.4129012938143874e-35,8.376966024907608e-38
0.7,0.01,roulette,scattered,swap,23.784117647058824,2.941706594774489e-36,5.17650425133532e-18,3.280002853173555e-33,1.0050299103622169e-35
0.9,0.1,roulette,twopoint,scramble,23.79529411764706,7.063123544819919e-37,4.010047756743385e-18,8.094339582363627e-34,2.5870743216491567e-36
0.7,0.02,tournament,twopoint,scramble,23.796470588235294,5.127611057717918e-35,5.675381332172259e-18,5.512181887046762e-32,1.6119735361089262e-34
0.9,0.01,roulette,singlepoint,frequency,23.804117647058824,1.9426747874391762e-36,4.527025098160136e-18,2.1874518106565123e-33,6.798517931581667e-36
0.8,0.05,tournament,singlepoint,scramble,23.811176470588233,5.966840834467937e-35,3.9525668367817305e-18,6.396453374549628e-32,1.8646377607712303e-34
0.3,0.05,roulette,twopoint,swap,23.82764705882353,6.772164719931157e-41,4.810462059096511e-18,8.661598676791949e-38,3.591299472690765e-40
0.8,0.02,stochunif,twopoint,scramble,23.828235294117647,1.6995931077064522e-38,3.892385512934327e-18,2.0412113223554491e-35,7.138291052367099e-38
0.5,0.02,roulette,scattered,swap,23.84647058823529,2.5010992211978353e-37,3.89040967760029e-18,2.901275096589489e-34,9.469305945640842e-37
0.9,0.05,stochunif,twopoint,swap,23.84705882352941,7.331208507481661e-41,4.5963641227009485e-18,9.361953264054081e-38,3.861756989726962e-40
0.6,0.05,roulette,twopoint,scramble,23.851176470588236,9.617081159096318e-33,4.3943943248143e-18,9.520910347505355e-30,2.5847957040233273e-32
0.5,0.1,tournament,singlepoint,scramble,23.869411764705884,9.26485877608172e-35,4.073860592808748e-18,9.876339455303114e-32,2.8612063867311193e-34
0.9,0.05,tournament,twopoint,block,23.871764705882352,2.481638509888262e-39,3.9478886592205164e-18,3.052415367162562e-36,1.1296475875936453e-38
0.8,0.1,roulette,twopoint,block,23.875882352941176,1.064533173656185e-36,6.695329550010611e-18,1.2146323511417072e-33,3.854344249444808e-36
0.4,0.1,tournament,singlepoint,scramble,23.88352941176471,1.7107438499137361e-34,5.4236187735442215e-18,1.800972958592553e-31,5.142025884759798e-34
0.6,0.1,roulette,singlepoint,block,23.88529411764706,8.672741612036866e-38,4.524990366746045e-18,1.0225162360591465e-34,3.440697239032258e-37
0.4,0.05,tournament,twopoint,swap,23.888823529411766,1.6094592389134737e-36,4.1978819546018986e-18,1.8170794807333118e-33,5.670913425701836e-36
0.9,0.1,stochunif,twopoint,block,23.89235294117647,8.730827135397795e-42,4.260084249596887e-18,1.1507230164454294e-38,5.329865402423072e-41
0.9,0.2,roulette,singlepoint,swap,23.895294117647058,2.1946834064614532e-42,4.13354915110439e-18,2.9496544982841934e-39,1.4835971650010666e-41
0.9,0.05,tournament,twopoint,swap,23.898823529411764,1.4820468658656807e-35,3.952343947316104e-18,1.6183951775253232e-32,4.822776474666213e-35
0.9,0.1,tournament,singlepoint,swap,23.910588235294117,1.2812539717012868e-33,4.012082753960072e-18,1.3107228130504164e-30,3.6491410586429056e-33
0.8,0.1,stochunif,singlepoint,block,23.914117647058823,6.339877358072486e-41,4.808573151081899e-18,8.115043018332783e-38,3.3734144726230287e-40
0.9,0.01,roulette,singlepoint,uniform,23.91705882352941,2.2774241266862895e-34,4.1985910970187956e-18,2.3821856365138586e-31,6.767816980246992e-34
0.6,0.02,roulette,scattered,block,23.931176470588234,1.148689370220828e-36,3.8917267954882246e-18,1.308357192681523e-33,4.1340324229876226e-36
0.5,0.05,roulette,twopoint,scramble,23.966470588235293,4.6562170563217225e-36,3.891068183715535e-18,5.154432281348147e-33,1.5636549816005785e-35
0.5,0.05,stochunif,singlepoint,swap,23.977647058823532,8.928584551617881e-42,3.889092982277817e-18,1.175894585448075e-38,5.429544659767631e-41
0.9,0.1,tournament,singlepoint,block,23.991176470588233,1.5855344156488065e-38,5.104818525871819e-18,1.9089834364411632e-35,6.712948130771157e-38
0.7,0.05,tournament,twopoint,block,23.994705882352942,4.2832242246115756e-39,3.8919463562279835e-18,5.221250329801511e-36,1.8896577461521656e-38
0.5,0.05,roulette,twopoint,swap,24.006470588235292,1.7059718927819126e-42,4.518129545301336e-18,2.3013560833628e-39,1.1836589123927367e-41
0.3,0.05,tournament,twopoint,swap,24.01529411764706,2.3836517107855545e-38,4.2596047247338695e-18,2.848463794388738e-35,9.85367833198753e-38
0.6,0.05,stochunif,singlepoint,scramble,24.023529411764706,5.157685377646158e-41,4.008691635532324e-18,6.61731033952002e-38,2.7724759282568933e-40
0.6,0.01,roulette,scattered,block,24.02647058823529,5.6728526011923216e-42,3.95435038149643e-18,7.516529696579826e-39,3.5596585047322334e-41
0.6,0.05,stochunif,twopoint,block,24.02705882352941,2.997513167383432e-39,4.13401484566455e-18,3.6689561168773205e-36,1.341216829155939e-38
0.4,0.02,tournament,scattered,block,24.07,1.421678086433827e-35,3.8930443360697965e-18,1.553894148472173e-32,4.6359068035885665e-35
0.5,0.05,stochunif,singlepoint,scramble,24.070588235294117,6.135989325619124e-37,4.00530323414612e-18,7.050251735136373e-34,2.2632747512529553e-36
0.8,0.05,stochunif,twopoint,block,24.08176470588235,2.8762795450129617e-39,4.392911780632333e-18,3.523442442640878e-36,1.290638257377611e-38
0.9,0.05,roulette,twopoint,scramble,24.08764705882353,1.350552153341209e-38,3.892165928709803e-18,1.6301164490828393e-35,5.764551874017355e-38
0.3,0.1,roulette,singlepoint,scramble,24.091176470588234,2.2354444137296587e-38,5.4248323053051536e-18,2.673591518820672e-35,9.265328820063717e-38
0.4,0.02,stochunif,scattered,swap,24.097647058823533,2.4295283590086074e-36,3.891068183715535e-18,2.7259308188076576e-33,8.42842987982061e-36
0.5,0.02,roulette,scattered,block,24.119411764705884,7.816228326548722e-41,4.0127613038714614e-18,9.96569111634962e-38,4.089886915054564e-40
0.6,0.05,roulette,twopoint,swap,24.123529411764707,6.882230180334875e-37,3.888434793038708e-18,7.900800247024436e-34,2.5325963864550066e-36
0.9,0.1,stochunif,singlepoint,swap,24.128235294117648,2.9659141177437935e-43,4.010952079130483e-18,4.075165997779973e-40,2.3044574628302096e-42
0.9,0.1,roulette,singlepoint,scramble,24.138823529411766,1.9375791692880332e-38,3.8917267954882246e-18,2.3212198448070636e-35,8.073246538700139e-38
0.5,0.05,tournament,twopoint,scramble,24.140588235294118,3.9250541175891385e-37,4.32782075725854e-18,4.533437505815455e-34,1.4683991057489058e-36
0.9,0.01,tournament,twopoint,block,24.145294117647058,3.129383715129632e-37,3.95078405462495e-18,3.623826342120114e-34,1.1791338161074572e-36
0.3,0.02,roulette,scattered,scramble,24.14705882352941,1.664812935735471e-38,3.951229678691153e-18,2.0027699616897715e-35,7.020923284228293e-38
0.4,0.05,tournament,singlepoint,swap,24.18470588235294,1.8840741875074613e-42,4.199300352980045e-18,2.5397320047600578e-39,1.3014986163702858e-41
0.3,0.1,tournament,twopoint,scramble,24.19,3.099752623262539e-35,3.9510068607026814e-18,3.363231596239855e-32,9.943198333275965e-35
0.9,0.01,tournament,twopoint,scramble,24.191176470588236,3.301291908982361e-36,3.892824716613678e-18,3.671036602788385e-33,1.1205893872084521e-35
0.9,0.1,roulette,twopoint,swap,24.19470588235294,4.096126086642089e-42,3.890848669938197e-18,5.451943821320621e-39,2.6297956049601396e-41
0.8,0.02,tournament,twopoint,scramble,24.198235294117648,4.038217115164098e-36,6.0259479756889086e-18,4.482420997832149e-33,1.3648480593097544e-35
0.6,0.01,roulette,scattered,swap,24.20176470588235,1.3567181376121457e-41,3.892385512934327e-18,1.780014196547135e-38,8.067941355528364e-41
0.9,0.05,tournament,singlepoint,block,24.204117647058823,1.6671906719373853e-38,4.38970122765264e-18,2.0039631876687372e-35,7.020923284228293e-38
0.6,0.05,roulette,singlepoint,scramble,24.211764705882352,2.1799501015095458e-41,4.262242744723149e-18,2.8339351319624095e-38,1.243993264448382e-40
0.9,0.02,tournament,twopoint,block,24.21941176470588,5.881212764244698e-39,3.893703264910611e-18,7.145673508557309e-36,2.56590307581313e-38
0.6,0.05,stochunif,singlepoint,swap,24.236470588235292,3.617516208449156e-42,4.0114043128125195e-18,4.833001654488073e-39,2.3739950117947584e-41
0.9,0.05,tournament,singlepoint,scramble,24.24176470588235,2.6640264230245973e-39,4.262722551058154e-18,3.27408847389723e-36,1.2091762582892626e-38
0.5,0.01,tournament,scattered,block,24.24529411764706,2.4947260110834448e-36,3.892824716613678e-18,2.7965878584245417e-33,8.635590038365771e-36
0.9,0.1,stochunif,singlepoint,block,24.246470588235294,1.0102016194228923e-40,4.9527049176451414e-18,1.2869968631447647e-37,5.268435597983627e-40
0.7,0.05,tournament,singlepoint,swap,24.24705882352941,5.110471849754272e-42,3.889312402158803e-18,6.781596144623918e-39,3.2325273748445694e-41
0.9,0.01,tournament,twopoint,swap,24.24705882352941,4.908809279646654e-39,3.8919463562279835e-18,5.969112084050331e-36,2.1476040598454108e-38
0.3,0.05,stochunif,twopoint,swap,24.25470588235294,9.293452625215434e-38,3.893703264910611e-18,1.0919806834628135e-34,3.6501715423227703e-37
0.9,0.05,stochunif,twopoint,block,24.278823529411767,8.830245832878913e-44,3.89040967760029e-18,1.2318192936866083e-40,7.683777451262039e-43
0.5,0.01,stochunif,scattered,swap,24.29,4.65577866946757e-35,3.8871187313247816e-18,5.014273627016573e-32,1.4695092994812472e-34
0.6,0.05,tournament,singlepoint,scramble,24.29176470588235,4.3440572521161626e-43,3.893263967270896e-18,5.929638149138562e-40,3.2426019772905006e-42
0.4,0.05,roulette,twopoint,swap,24.306470588235292,1.1199444621957421e-36,3.892165928709803e-18,1.276736686903146e-33,4.04567093568416e-36
0.4,0.05,stochunif,singlepoint,swap,24.308235294117647,7.585423451024259e-42,4.261523131197273e-18,1.0012758955352021e-38,4.666813256001253e-41
0.8,0.05,roulette,twopoint,swap,24.315882352941177,1.6605823929823212e-37,3.892385512934327e-18,1.9378996526103687e-34,6.39466324925955e-37
0.7,0.05,tournament,singlepoint,scramble,24.31823529411765,1.5654834340229694e-38,4.0715656478450436e-18,1.8864075379976781e-35,6.645920238776756e-38
0.3,0.05,stochunif,twopoint,scramble,24.347647058823533,8.746414454439971e-37,3.8917267954882246e-18,9.997151721424887e-34,3.181432509409458e-36
0.9,0.05,stochunif,singlepoint,scramble,24.354705882352942,6.507442114891277e-45,3.891068183715535e-18,9.260090129490287e-42,6.698837471211609e-44
0.4,0.01,stochunif,scattered,scramble,24.35529411764706,1.4023444722201855e-37,3.8919463562279835e-18,1.642145376969837e-34,5.453561836411833e-37
0.7,0.05,tournament,singlepoint,block,24.373529411764707,1.1691510356482432e-36,4.882166694059082e-18,1.3293247275320526e-33,4.1945623716309405e-36
0.4,0.05,roulette,twopoint,scramble,24.37764705882353,5.988151332763632e-37,4.199536796868775e-18,6.886374032678176e-34,2.2139291899302158e-36
0.7,0.05,stochunif,singlepoint,swap,24.38,3.01098817822921e-42,3.892165928709803e-18,4.0317131706489126e-39,2.000973156418146e-41
0.3,0.05,tournament,singlepoint,swap,24.404117647058825,2.2905038653990986e-40,3.892165928709803e-18,2.886034870402864e-37,1.141627717722652e-39
0.8,0.01,tournament,twopoint,scramble,24.41294117647059,2.6293654088938303e-33,4.459470715629212e-18,2.6661765246183438e-30,7.368773165494275e-33
0.8,0.05,tournament,twopoint,block,24.434117647058823,2.839277266572078e-37,3.8917267954882246e-18,3.2907223519570387e-34,1.0723888956477272e-36
0.8,0.02,tournament,twopoint,swap,24.44529411764706,3.321722554314171e-37,4.0127613038714614e-18,3.8399112727871813e-34,1.245645957867814e-36
0.4,0.05,tournament,singlepoint,scramble,24.448823529411765,9.124753878582252e-39,3.8919463562279835e-18,1.1040952193084526e-35,3.9266358903735105e-38
0.5,0.01,stochunif,scattered,block,24.455294117647057,6.184203426883045e-38,4.666751154787712e-18,7.303544247148876e-35,2.465853265149569e-37
0.6,0.05,tournament,twopoint,block,24.46529411764706,1.5599207910676002e-41,3.892165928709803e-18,2.0372565531342857e-38,9.099537947894335e-41
0.3,0.1,tournament,singlepoint,scramble,24.486470588235292,3.3556005095920705e-41,4.010952079130483e-18,4.345502659921731e-38,1.8808081148069433e-40
0.8,0.01,stochunif,twopoint,scramble,24.495882352941177,6.793445044205086e-42,3.893263967270896e-18,8.974140903394918e-39,4.1959513508325527e-41
0.9,0.02,tournament,twopoint,swap,24.49823529411765,3.804746757335945e-38,3.8930443360697965e-18,4.5124296542004305e-35,1.5365323443087468e-37
0.8,0.1,roulette,singlepoint,block,24.508823529411767,1.4635334704928573e-44,4.260803632827599e-18,2.063582193394929e-41,1.3885935036302712e-43
0.3,0.05,stochunif,singlepoint,swap,24.514117647058825,7.65410819704973e-44,4.5935248708163265e-18,1.0700443259475523e-40,6.7725957361535534e-43
0.4,0.02,stochunif,scattered,block,24.51529411764706,1.8359065698681239e-37,3.893483610217646e-18,2.1406670604662322e-34,7.052567920834865e-37
0.5,0.05,tournament,twopoint,block,24.52,3.3783701720243726e-35,4.010499893775693e-18,3.652018155958347e-32,1.0749359638259367e-34
0.7,0.02,tournament,twopoint,swap,24.520588235294117,1.543272256229426e-39,4.392664736027936e-18,1.9074845086995706e-36,7.148981775180429e-39
0.7,0.05,roulette,twopoint,scramble,24.53470588235294,3.165821461740936e-40,4.01343996256323e-18,3.973105934484874e-37,1.5533236144055994e-39
0.5,0.05,roulette,singlepoint,scramble,24.54705882352941,2.1853601336845684e-37,3.8926051089021165e-18,2.5415738354751533e-34,8.334000509814032e-37
0.8,0.05,tournament,singlepoint,swap,24.553529411764707,4.0068267475199584e-39,4.136577054804402e-18,4.888328631974349e-36,1.772683181838184e-38
0.9,0.05,stochunif,singlepoint,block,24.55470588235294,1.8793905277582777e-43,4.012535108481828e-18,2.6029558809452148e-40,1.549759204826852e-42
0.5,0.05,roulette,singlepoint,swap,24.55941176470588,1.4270954780780066e-47,4.132385132240042e-18,2.1149554985116058e-44,2.3770561716737918e-46
0.9,0.1,roulette,singlepoint,swap,24.56823529411765,4.637764036678196e-40,4.13401484566455e-18,5.801842809884423e-37,2.2475318023902026e-39
0.4,0.02,roulette,scattered,swap,24.576470588235292,7.040216591620854e-37,4.007335949047926e-18,8.07512843058912e-34,2.5846949025181457e-36
0.9,0.02,stochunif,twopoint,block,24.58,1.7581764630706065e-44,3.891507246489959e-18,2.4772706364664845e-41,1.6581604367282666e-43
0.5,0.05,tournament,singlepoint,scramble,24.58,6.2137913660504646e-43,3.8930443360697965e-18,8.469397631926784e-40,4.594704883347174e-42
0.8,0.05,stochunif,singlepoint,swap,24.584117647058825,1.7789131304453145e-40,3.89392293135041e-18,2.2485461968828776e-37,8.980090321959521e-40
0.7,0.05,roulette,twopoint,swap,24.58705882352941,3.5714710707437835e-43,3.892385512934327e-18,4.892915366918983e-40,2.73061501768032e-42
0.5,0.05,tournament,singlepoint,block,24.595882352941175,2.451125974100347e-38,3.892824716613678e-18,2.9266444130758144e-35,1.0106082223057713e-37
0.9,0.02,tournament,singlepoint,scramble,24.60058823529412,6.222703080489697e-42,3.951675350402871e-18,8.232636175487869e-39,3.873817135087459e-41
0.7,0.05,stochunif,twopoint,block,24.601764705882353,7.772427593772452e-37,4.007787796247923e-18,8.899429594869458e-34,2.8402722645456177e-36
0.4,0.01,tournament,scattered,scramble,24.608235294117648,2.749762329160912e-36,3.89392293135041e-18,3.0742342840018998e-33,9.456060411415801e-36
0.5,0.05,tournament,singlepoint,swap,24.626470588235293,8.795604253930973e-38,4.013666206303409e-18,1.0361221811130687e-34,3.480672537673689e-37
0.3,0.02,tournament,scattered,scramble,24.62705882352941,1.4550630370980858e-37,3.8906291678999676e-18,1.7009686903676622e-34,5.6307721951584396e-37
0.9,0.1,roulette,twopoint,block,24.629411764705882,6.051570670693012e-40,4.012535108481828e-18,7.558411767695572e-37,2.9147473413888358e-39
0.6,0.05,tournament,twopoint,scramble,24.63352941176471,5.367156416593025e-41,3.8906291678999676e-18,6.880694526072258e-38,2.8752623660319775e-40
0.9,0.02,stochunif,twopoint,scramble,24.634705882352943,4.718649646808059e-44,3.8917267954882246e-18,6.61082815517809e-41,4.2467846821272525e-43
0.8,0.05,tournament,singlepoint,block,24.64470588235294,1.5175643143931535e-45,3.889092982277817e-18,2.182257484097355e-42,1.722610866172839e-44
0.8,0.05,roulette,singlepoint,scramble,24.64941176470588,1.909160036499399e-37,4.013213730911585e-18,2.2241714425218e-34,7.3161242274612e-37
0.7,0.02,stochunif,twopoint,swap,24.65764705882353,9.167361885761627e-40,4.131221424078943e-18,1.137669610023018e-36,4.310028349275989e-39
0.3,0.05,roulette,twopoint,scramble,24.67,1.1359068208814017e-33,5.593433910723826e-18,1.1665763050451995e-30,3.258749076299103e-33
0.9,0.01,tournament,singlepoint,block,24.67058823529412,1.3561662600749248e-40,4.460222866369959e-18,1.7196188177750047e-37,6.934941102655865e-40
0.9,0.02,stochunif,twopoint,swap,24.67294117647059,8.096163906768208e-44,4.013666206303409e-18,1.1302244813848418e-40,7.084143418422182e-43
0.6,0.05,tournament,singlepoint,swap,24.684117647058823,4.9605737130404195e-42,4.809382597004599e-18,6.592602464630718e-39,3.156352692740233e-41
0.9,0.02,tournament,singlepoint,block,24.69235294117647,3.544022483979698e-41,4.389454354174466e-18,4.5859650942697294e-38,1.9793742596695122e-40
0.9,0.02,tournament,singlepoint,swap,24.695882352941176,2.650384639724311e-41,3.8926051089021165e-18,3.4375488777224317e-38,1.496184877263724e-40
0.4,0.01,tournament,scattered,swap,24.727647058823532,1.3560477123153508e-36,3.8917267954882246e-18,1.5336899626286618e-33,4.7994947121273655e-36
0.4,0.05,stochunif,singlepoint,scramble,24.734117647058824,1.2852614975395875e-39,3.892165928709803e-18,1.5898684724564698e-36,5.971347665560031e-39
0.9,0.01,tournament,singlepoint,scramble,24.73941176470588,6.606085242315224e-45,3.951898204127202e-18,9.393853214572248e-42,6.728259261307956e-44
0.7,0.02,stochunif,twopoint,scramble,24.746470588235294,4.1074902782234567e-42,3.892824716613678e-18,5.4629620700371976e-39,2.6297956049601396e-41
0.5,0.01,roulette,scattered,swap,24.76058823529412,1.1225855789757239e-37,4.008917625541298e-18,1.3167928841385242e-34,4.3872761461210056e-37
0.4,0.05,tournament,twopoint,scramble,24.772352941176468,8.6465196785159e-37,3.893483610217646e-18,9.89161851222219e-34,3.152376966125589e-36
0.9,0.01,stochunif,twopoint,scramble,24.78705882352941,7.386264657504712e-40,3.8930443360697965e-18,9.188513233935861e-37,3.504026155292145e-39
0.4,0.05,roulette,singlepoint,swap,24.792352941176468,6.16194351659197e-39,4.0127613038714614e-18,7.480599429142652e-36,2.680956088019987e-38
0.4,0.01,roulette,scattered,scramble,24.79705882352941,2.249874299852543e-43,4.010952079130483e-18,3.100326785196804e-40,1.789672738519068e-42
0.5,0.01,roulette,scattered,scramble,24.801176470588235,2.4666068201004705e-38,4.1349463839801234e-18,2.9426619363798616e-35,1.0143357027828306e-37
0.3,0.05,roulette,singlepoint,scramble,24.82294117647059,1.1872979462247762e-40,3.8930443360697965e-18,1.5078683917054658e-37,6.111092370274584e-40
0.9,0.01,stochunif,twopoint,block,24.83,5.265078269663581e-42,3.891507246489959e-18,6.981493785573909e-39,3.316999309888056e-41
0.3,0.05,tournament,singlepoint,block,24.83529411764706,2.1947818377476098e-42,5.5887469050690105e-18,2.9496544982841934e-39,1.4835971650010666e-41
0.3,0.05,stochunif,singlepoint,scramble,24.83529411764706,3.2759785532388183e-39,3.892165928709803e-18,4.006521770611075e-36,1.4616618190796427e-38
0.9,0.05,stochunif,singlepoint,swap,24.845882352941175,1.122078803654412e-46,3.8919463562279835e-18,1.6404792109427504e-43,1.55024045241728e-45
0.8,0.02,roulette,twopoint,scramble,24.845882352941175,3.97330877489164e-37,3.893263967270896e-18,4.585198326224953e-34,1.4829292228564771e-36
0.6,0.05,tournament,singlepoint,block,24.851764705882353,6.8725472209311914e-46,3.891507246489959e-18,9.903340545361847e-43,8.017971757753056e-45
0.8,0.02,tournament,twopoint,block,24.86823529411765,1.2324051783724209e-34,3.89414260953766e-18,1.3051170838963936e-31,3.754425833533004e-34
0.7,0.05,roulette,singlepoint,swap,24.87294117647059,1.4974435144340414e-43,3.889312402158803e-18,2.0799490415488833e-40,1.2612157942425748e-42
0.8,0.02,tournament,singlepoint,swap,24.878823529411765,7.71368283785471e-41,4.0114043128125195e-18,9.84265930110261e-38,4.049683489873723e-40
0.4,0.02,roulette,scattered,block,24.884705882352943,2.2297982375139195e-42,3.892385512934327e-18,2.99238923474368e-39,1.500825736788215e-41
0.9,0.1,roulette,singlepoint,block,24.887647058823532,3.319449823155313e-43,3.893263967270896e-18,4.550965707545934e-40,2.5503090104729842e-42
0.8,0.02,stochunif,twopoint,swap,24.89941176470588,2.9012743627302636e-42,3.893263967270896e-18,3.887707646058553e-39,1.936231831059392e-41
0.3,0.02,tournament,scattered,swap,24.902352941176467,3.216275696068862e-35,3.892824716613678e-18,3.480010303146509e-32,1.025432028604951e-34
0.7,0.05,roulette,singlepoint,scramble,24.90294117647059,1.2089764064334187e-37,4.01343996256323e-18,1.4169203483399667e-34,4.713212475575828e-37
0.4,0.05,tournament,twopoint,block,24.918823529411767,4.01152829393072e-43,3.952343947316104e-18,5.487770706097226e-40,3.0375755110292715e-42
0.5,0.01,roulette,scattered,block,24.919411764705885,1.4541322398233756e-41,4.133781992168544e-18,1.9020049696889753e-38,8.545739842245584e-41
0.8,0.05,roulette,singlepoint,swap,24.930588235294117,8.317534571321511e-39,4.325143221209298e-18,1.0080851900441672e-35,3.598933227975654e-38
0.5,0.05,stochunif,twopoint,block,24.937647058823533,3.8194307099133455e-41,4.135412227745389e-18,4.934704477208042e-38,2.1181702000399717e-40
0.6,0.05,roulette,singlepoint,swap,24.938823529411767,2.136964294289646e-42,3.891068183715535e-18,2.8763539401138633e-39,1.4578185749694237e-41
0.4,0.05,stochunif,twopoint,block,24.94470588235294,1.3043437057475726e-42,4.262002860751641e-18,1.763472690170718e-39,9.17116668103762e-42
0.8,0.05,stochunif,singlepoint,block,24.95470588235294,1.2274603299050127e-38,3.894362299472809e-18,1.4827720785252552e-35,5.253396792392377e-38
0.5,0.05,stochunif,singlepoint,block,24.967647058823527,1.7011377736278963e-49,3.95078405462495e-18,2.5687180381781233e-46,4.059533323430207e-48
0.6,0.02,stochunif,twopoint,scramble,24.97,3.649711706405987e-42,3.8917267954882246e-18,4.8723651280519925e-39,2.375034609121913e-41
0.8,0.01,tournament,twopoint,swap,24.984117647058824,4.0511151158444445e-40,4.0127613038714614e-18,5.071996125037245e-37,1.9692920702021605e-39
0.4,0.05,tournament,singlepoint,block,24.99823529411765,1.5237743510467675e-41,3.8912877092326295e-18,1.9915730768181252e-38,8.921727148322152e-41
0.7,0.02,tournament,twopoint,block,25.00823529411765,2.7099944568380466e-44,3.888873574131199e-18,3.8129622007711317e-41,2.525586550011789e-43
0.4,0.05,stochunif,singlepoint,block,25.00823529411765,1.1528007152987676e-41,4.594557133677548e-18,1.5147801399025806e-38,6.930004299983049e-41
0.4,0.05,roulette,singlepoint,scramble,25.009411764705884,9.801997034697893e-43,3.892824716613678e-18,1.330130997608504e-39,7.049381429063552e-42
0.9,0.02,stochunif,singlepoint,scramble,25.031176470588235,9.144018810498387e-42,4.133781992168544e-18,1.2033528754615877e-38,5.539165240974985e-41
0.9,0.05,tournament,singlepoint,swap,25.033529411764707,2.478492140207911e-39,3.892165928709803e-18,3.0510238245959385e-36,1.1296475875936453e-38
0.8,0.02,stochunif,twopoint,block,25.047647058823532,1.3694301176289985e-42,3.95078405462495e-18,1.850100088916777e-39,9.586010823402989e-42
0.7,0.01,tournament,twopoint,swap,25.053529411764707,1.18070043164425e-40,3.893703264910611e-18,1.5006702486198419e-37,6.0970596060317835e-40
0.8,0.01,tournament,twopoint,block,25.053529411764707,1.510202740996466e-37,4.013213730911585e-18,1.7639168014838724e-34,5.829826757523122e-37
0.3,0.05,tournament,twopoint,block,25.075294117647058,1.0794391491441337e-40,4.135645168282196e-18,1.3741260368604823e-37,5.610946072283863e-40
0.9,0.05,roulette,twopoint,block,25.078823529411764,1.426666397951976e-41,3.893483610217646e-18,1.8675063149191363e-38,8.415728751963903e-41
0.7,0.01,tournament,twopoint,scramble,25.078823529411764,2.168266695184569e-41,4.012987511347891e-18,2.820914970435124e-38,1.241825470878435e-40
0.9,0.05,roulette,twopoint,swap,25.085882352941177,4.907651545162087e-38,3.893483610217646e-18,5.810659429471911e-35,1.9718242815383385e-37
0.4,0.01,tournament,scattered,block,25.09470588235294,1.0740668731979048e-42,3.894362299472809e-18,1.454286546309963e-39,7.620069032822973e-42
0.3,0.02,stochunif,scattered,swap,25.104705882352942,1.2691216679358084e-42,3.893263967270896e-18,1.7171216167171488e-39,8.963527475331383e-42
0.6,0.05,roulette,singlepoint,block,25.112352941176468,2.0587195685349253e-53,3.8906291678999676e-18,3.207485087777414e-50,1.8013796224680596e-51
0.7,0.05,roulette,twopoint,block,25.115882352941174,4.260182340882497e-41,3.893263967270896e-18,5.487114855056656e-38,2.329787217670115e-40
0.4,0.05,roulette,singlepoint,block,25.119411764705884,3.511048130277821e-45,3.8912877092326295e-18,5.017287778167006e-42,3.761837282440522e-44
0.3,0.05,roulette,singlepoint,swap,25.12,6.72227446200148e-44,3.893263967270896e-18,9.404461972340071e-41,5.981684902628436e-43
0.9,0.01,stochunif,twopoint,swap,25.12470588235294,8.993287826121833e-45,3.891068183715535e-18,1.2743488849614636e-41,8.90844548813955e-44
0.9,0.01,tournament,singlepoint,swap,25.12705882352941,1.6950777031339877e-46,3.892385512934327e-18,2.471423291169354e-43,2.2624977817254497e-45
0.4,0.01,roulette,scattered,swap,25.13176470588235,5.409282202167752e-33,3.892385512934327e-18,5.409282202167752e-30,1.4791006021552449e-32
0.6,0.05,roulette,twopoint,block,25.13352941176471,5.168641548992638e-44,3.8926051089021165e-18,7.236098168589693e-41,4.625346840717843e-43
0.8,0.01,stochunif,twopoint,swap,25.17058823529412,2.0675262921185337e-43,3.8906291678999676e-18,2.855253809415695e-40,1.669925082095739e-42
0.3,0.05,tournament,twopoint,scramble,25.17529411764706,1.7037523454397334e-41,4.808573151081899e-18,2.223396810798852e-38,9.901881712426496e-41
0.3,0.02,tournament,scattered,block,25.18470588235294,1.7929467018798148e-38,4.667537334343786e-18,2.1497430955538978e-35,7.490427202813551e-38
0.8,0.02,tournament,singlepoint,scramble,25.19235294117647,1.4394953392756868e-43,4.259125251030888e-18,2.0008985215932047e-40,1.2189275050318316e-42
0.8,0.01,stochunif,twopoint,block,25.202352941176468,8.42234932709722e-43,3.892385512934327e-18,1.1445972735525121e-39,6.112995479344756e-42
0.7,0.05,stochunif,singlepoint,block,25.211764705882352,9.467783211496025e-45,4.134713480750208e-18,1.340638102747837e-41,9.3198490988164e-44
0.4,0.01,stochunif,scattered,swap,25.230588235294118,2.0357450538805542e-39,4.013213730911585e-18,2.512109396488604e-36,9.375141695502552e-39
0.8,0.01,tournament,singlepoint,scramble,25.238235294117647,1.8969979076303195e-41,4.392170686320939e-18,2.469891275734676e-38,1.0904276293860413e-40
0.9,0.02,roulette,twopoint,scramble,25.238823529411764,3.790856862687675e-41,4.009369641788812e-18,4.901577923455164e-38,2.1097524942519743e-40
0.6,0.02,stochunif,singlepoint,scramble,25.29529411764706,1.5227662539711136e-42,5.2647823406487336e-18,2.0557344428610033e-39,1.0612198451347361e-41
0.8,0.05,roulette,twopoint,block,25.306470588235292,9.256520282090501e-40,4.012082753960072e-18,1.1478085149792221e-36,4.3389938822299225e-39
0.6,0.05,stochunif,singlepoint,block,25.311176470588233,1.4196894402017322e-41,3.894362299472809e-18,1.859793166664269e-38,8.406055895931309e-41
0.3,0.05,stochunif,singlepoint,block,25.32764705882353,1.357463148707947e-41,3.890190199038486e-18,1.780014196547135e-38,8.067941355528364e-41
0.3,0.05,roulette,singlepoint,block,25.370588235294118,6.7621860271497705e-40,3.890848669938197e-18,8.425683789828615e-37,3.2274069675032994e-39
0.8,0.01,tournament,singlepoint,swap,25.373529411764707,1.8189930980762212e-41,4.455962268032943e-18,2.3719669998913924e-38,1.049423164183835e-40
0.3,0.05,stochunif,twopoint,block,25.37764705882353,6.004841017716651e-45,3.892385512934327e-18,8.550893609228512e-42,6.222121449278767e-44
0.9,0.05,roulette,singlepoint,scramble,25.38705882352941,1.8130503690144898e-40,3.893703264910611e-18,2.289882616065301e-37,9.123176776989846e-40
0.8,0.02,tournament,singlepoint,block,25.39764705882353,9.349693113917223e-44,4.199300352980045e-18,1.303347220080061e-40,8.091080579351442e-43
0.7,0.02,tournament,singlepoint,scramble,25.404705882352943,1.8190001512519805e-41,3.89414260953766e-18,2.3719669998913924e-38,1.049423164183835e-40
0.6,0.02,tournament,twopoint,swap,25.42235294117647,2.6845198047558756e-39,3.953458513800138e-18,3.296590320240215e-36,1.2149766357731333e-38
0.9,0.02,roulette,twopoint,block,25.423529411764708,4.450581589286848e-39,3.892165928709803e-18,5.4208083757513804e-36,1.958007263443236e-38
0.6,0.02,stochunif,twopoint,swap,25.431176470588234,3.2679882643326418e-43,4.011856594826851e-18,4.483679898664385e-40,2.523079174668584e-42
0.9,0.02,stochunif,singlepoint,swap,25.43470588235294,1.64613649226819e-43,3.8926051089021165e-18,2.284837451268248e-40,1.3790771145331912e-42
0.8,0.05,roulette,singlepoint,block,25.46,1.7949970572368175e-43,3.887996058876616e-18,2.489660918387466e-40,1.495830881030681e-42
0.3,0.02,roulette,scattered,swap,25.46529411764706,1.409778416274663e-43,3.893703264910611e-18,1.961001777038056e-40,1.2002167598014024e-42
0.3,0.02,stochunif,scattered,block,25.46529411764706,2.1381339099551546e-42,3.8930443360697965e-18,2.8763539401138633e-39,1.4578185749694237e-41
0.8,0.02,roulette,twopoint,swap,25.46529411764706,6.058912916352469e-42,3.893263967270896e-18,8.022000701250668e-39,3.786820572720293e-41
0.9,0.01,stochunif,singlepoint,swap,25.470588235294116,9.922647300343886e-47,3.893263967270896e-18,1.4516833000403104e-43,1.383023849384214e-45
0.9,0.02,stochunif,singlepoint,block,25.474117647058826,8.393462551957122e-48,3.8912877092326295e-18,1.2489472277312197e-44,1.5022390362877803e-46
0.7,0.02,stochunif,singlepoint,scramble,25.5,1.5532992691876397e-46,3.891068183715535e-18,2.267816933013954e-43,2.109005473250459e-45
0.6,0.02,roulette,twopoint,scramble,25.519411764705882,1.32779307441486e-41,3.891507246489959e-18,1.7433923067067113e-38,7.951612517883667e-41
0.7,0.05,roulette,singlepoint,block,25.555882352941175,3.6890645233641796e-43,3.8926051089021165e-18,5.050329332485562e-40,2.8068969199510062e-42
0.3,0.02,roulette,scattered,block,25.56294117647059,1.0469810503650856e-43,4.014118730051783e-18,1.4584446031585643e-40,9.010902482650327e-43
0.7,0.02,tournament,singlepoint,swap,25.567647058823532,1.9600585862058826e-46,3.8899707322140255e-18,2.855805360101971e-43,2.594195187625433e-45
0.3,0.05,roulette,twopoint,block,25.575294117647058,1.2889485258850173e-47,3.892165928709803e-18,1.9127996124133656e-44,2.2066238350748934e-46
0.3,0.01,roulette,scattered,scramble,25.57764705882353,3.6607197181248454e-42,3.892824716613678e-18,4.8834001039785436e-39,2.375034609121913e-41
0.9,0.01,stochunif,singlepoint,block,25.60705882352941,7.948017924268448e-44,3.8917267954882246e-18,1.1103381040203021e-40,6.993367726660785e-43
0.9,0.01,roulette,twopoint,scramble,25.608823529411765,2.076771729843771e-40,3.8912877092326295e-18,2.618809151332995e-37,1.0383858649218855e-39
0.9,0.01,stochunif,singlepoint,scramble,25.62529411764706,3.269693565881186e-45,3.8926051089021165e-18,4.675661799210096e-42,3.5272379220978546e-44
0.8,0.01,roulette,twopoint,scramble,25.62705882352941,3.40305073319155e-39,3.887776709393054e-18,4.155124945226883e-36,1.5098041985286455e-38
0.9,0.01,roulette,twopoint,block,25.63529411764706,2.7259635139918408e-40,3.893263967270896e-18,3.426536137087744e-37,1.3458910766574136e-39
0.3,0.01,stochunif,scattered,scramble,25.640588235294118,6.570796392070698e-42,3.8930443360697965e-18,8.686592830317462e-39,4.0744111486265154e-41
0.8,0.02,stochunif,singlepoint,scramble,25.65294117647059,4.4397238311108644e-41,3.8930443360697965e-18,5.713924570639682e-38,2.419572676124433e-40
0.6,0.02,tournament,twopoint,scramble,25.688823529411767,2.3267253070341754e-39,4.262722551058154e-18,2.8665255782661043e-36,1.0652884763310541e-38
0.6,0.02,roulette,singlepoint,scramble,25.70647058823529,2.1600190338419688e-47,3.8919463562279835e-18,3.190348112984588e-44,3.4363939174758598e-46
0.4,0.05,roulette,twopoint,block,25.71470588235294,4.487693587593077e-41,3.8945820011567e-18,5.771173953644697e-38,2.4372818622272747e-40
0.5,0.02,tournament,singlepoint,swap,25.71705882352941,1.904768616070709e-43,3.89414260953766e-18,2.636199764641861e-40,1.5625055053705035e-42
0.8,0.02,stochunif,singlepoint,swap,25.72,1.696611005991904e-47,3.888215420091603e-18,2.507591066856034e-44,2.7266962596298456e-46
0.5,0.02,stochunif,twopoint,scramble,25.72352941176471,1.4807210607425021e-47,3.891068183715535e-18,2.191467169898903e-44,2.4293079902806677e-46
0.7,0.02,stochunif,twopoint,block,25.734117647058824,8.662986345511141e-45,3.8930443360697965e-18,1.2292777624280308e-41,8.690575474000031e-44
0.5,0.05,roulette,singlepoint,block,25.751176470588234,3.366793219811932e-50,3.9505612604574125e-18,5.127626073773572e-47,1.0005093058875082e-48
0.9,0.02,roulette,twopoint,swap,25.757647058823533,2.8351538406845586e-42,3.8926051089021165e-18,3.801941300357993e-39,1.9001562974800768e-41
0.7,0.01,stochunif,twopoint,scramble,25.76705882352941,2.970189618758937e-43,3.892165928709803e-18,4.07807034655602e-40,2.3044574628302096e-42
0.8,0.02,roulette,twopoint,block,25.77294117647059,4.600952749487284e-41,4.013666206303409e-18,5.91222428309116e-38,2.4902063850317775e-40
0.8,0.01,stochunif,singlepoint,scramble,25.78529411764706,7.212005436985648e-49,3.89040967760029e-18,1.0832432166352443e-45,1.5349876436827561e-47
0.5,0.05,roulette,twopoint,block,25.78764705882353,1.2414285503076134e-49,3.8912877092326295e-18,1.878281396615419e-46,3.1035713757690336e-48
0.8,0.01,tournament,singlepoint,block,25.799411764705884,1.9789043797792943e-46,4.596105940182983e-18,2.8812847769586524e-43,2.5973119984603236e-45
0.7,0.02,stochunif,singlepoint,swap,25.871176470588235,8.402038613479117e-45,3.892385512934327e-18,1.1930894831140345e-41,8.482827446301031e-44
0.3,0.05,tournament,singlepoint,scramble,25.87529411764706,2.0105374122485064e-40,4.012308925178156e-18,2.537298214257615e-37,1.0084701988189164e-39
0.8,0.02,stochunif,singlepoint,block,25.876470588235293,3.44592422551935e-48,4.012082753960072e-18,5.1516567171514287e-45,6.700408216287625e-47
0.7,0.02,roulette,twopoint,scramble,25.878235294117648,2.7786285297012265e-40,3.9501157078503706e-18,3.4899574333047404e-37,1.3676062294623225e-39
0.7,0.01,tournament,twopoint,block,25.88705882352941,3.878491608411508e-41,3.893263967270896e-18,5.007132666459257e-38,2.1433769414905704e-40
0.8,0.01,roulette,twopoint,swap,25.89235294117647,2.1628860608771235e-46,3.894362299472809e-18,3.1448363325153376e-43,2.7922504474438274e-45
0.7,0.01,stochunif,twopoint,swap,25.898235294117647,2.5418822815663953e-41,3.892165928709803e-18,3.2993632014731813e-38,1.440095177506141e-40
0.7,0.02,tournament,singlepoint,block,25.905882352941177,1.8157422459040402e-43,4.393405909346449e-18,2.516618752823e-40,1.505154756473086e-42
0.5,0.02,roulette,twopoint,swap,25.914117647058823,1.6581710800452386e-47,3.893703264910611e-18,2.452435027386908e-44,2.692391186671393e-46
0.9,0.01,roulette,twopoint,swap,25.924705882352942,9.544298753144531e-42,3.8926051089021165e-18,1.255075286038506e-38,5.759490626897562e-41
0.6,0.02,roulette,twopoint,swap,25.93294117647059,3.058290397415357e-42,3.893263967270896e-18,4.091992551741748e-39,2.023868645348398e-41
0.5,0.02,stochunif,singlepoint,scramble,25.939411764705884,6.720576986714791e-47,3.89392293135041e-18,9.865807016497313e-44,9.80084143895907e-46
0.5,0.02,tournament,twopoint,scramble,25.943529411764708,4.390457282876334e-37,4.1379752577825134e-18,5.0621972471564125e-34,1.634744732985869e-36
0.9,0.05,roulette,singlepoint,block,25.944117647058825,1.2218254673179707e-40,3.89392293135041e-18,1.5504965180265048e-37,6.268322837217602e-40
0.6,0.02,tournament,singlepoint,scramble,25.957058823529408,4.984842744917127e-47,3.892165928709803e-18,7.327718835028177e-44,7.406723889853278e-46
0.9,0.05,roulette,singlepoint,swap,25.996470588235294,1.261956297636429e-44,3.892385512934327e-18,1.7844062048579107e-41,1.225788998427837e-43
0.7,0.01,tournament,singlepoint,scramble,26.01294117647059,4.0402685930117307e-44,3.8926051089021165e-18,5.664456567402446e-41,3.657139674708894e-43
0.3,0.01,tournament,scattered,scramble,26.029411764705884,2.002022759308722e-45,3.889092982277817e-18,2.872902659608016e-42,2.2363020183767637e-44
0.7,0.02,stochunif,singlepoint,block,26.03058823529412,3.682060422969846e-51,3.8926051089021165e-18,5.659326870104653e-48,1.4869859400455146e-49
0.8,0.02,roulette,singlepoint,scramble,26.040588235294116,4.2320901539957544e-41,3.893263967270896e-18,5.455164208500528e-38,2.3224884991440118e-40
0.4,0.01,stochunif,scattered,block,26.058235294117647,3.3966886603380317e-44,3.9505612604574125e-18,4.768950879114596e-41,3.1103399069955812e-43
0.6,0.02,stochunif,singlepoint,swap,26.060588235294116,8.260072859387344e-48,3.893483610217646e-18,1.2299248487627755e-44,1.4953580176477087e-46
0.8,0.01,stochunif,singlepoint,swap,26.067647058823532,5.0859968405510463e-45,3.8930443360697965e-18,7.247545497785241e-42,5.304930479382714e-44
0.6,0.01,stochunif,twopoint,scramble,26.07,2.7542763963959293e-39,3.893483610217646e-18,3.3794971383778055e-36,1.2429757376285355e-38
0.5,0.02,stochunif,singlepoint,swap,26.078823529411764,2.162236385419078e-48,3.892824716613678e-18,3.241192341743198e-45,4.422756242902659e-47
0.5,0.02,tournament,twopoint,swap,26.11823529411765,3.322125024644513e-40,3.891507246489959e-18,4.16594478090422e-37,1.6249524577065554e-39
0.5,0.02,tournament,singlepoint,scramble,26.12470588235294,1.2685943285316663e-44,3.8926051089021165e-18,1.7925237862152444e-41,1.225788998427837e-43
0.7,0.01,tournament,singlepoint,swap,26.129411764705882,1.6873125104245676e-46,3.8926051089021165e-18,2.4617889527094443e-43,2.2624977817254497e-45
0.3,0.01,tournament,scattered,swap,26.16,3.933393686124652e-42,3.891507246489959e-18,5.239280389918037e-39,2.5389733834616096e-41
0.6,0.02,tournament,twopoint,block,26.16705882352941,3.4716756950032663e-40,3.89392293135041e-18,4.350009645839093e-37,1.6928449596378156e-39
0.7,0.01,stochunif,singlepoint,scramble,26.174705882352942,1.038722406032395e-42,3.893263967270896e-18,1.4085075825799276e-39,7.436308134095556e-42
0.4,0.02,stochunif,twopoint,swap,26.17764705882353,2.1050747565927373e-42,3.893263967270896e-18,2.8355356971304172e-39,1.4478134242941315e-41
0.4,0.02,tournament,twopoint,swap,26.179411764705883,1.1444482455408533e-48,3.888654177718331e-18,1.71667236831128e-45,2.3717184035879525e-47
0.6,0.02,tournament,singlepoint,swap,26.18176470588235,1.018161984723236e-51,3.891068183715535e-18,1.5761147523515694e-48,5.727161164068203e-50
0.4,0.02,stochunif,twopoint,scramble,26.187647058823533,6.267828528734238e-41,4.011178189930279e-18,8.029088345308559e-38,3.3463830280530253e-40
0.7,0.02,roulette,singlepoint,scramble,26.21235294117647,1.0434871321711326e-42,4.262722551058154e-18,1.4139250640918846e-39,7.436616439681147e-42
0.8,0.01,roulette,singlepoint,scramble,26.222352941176467,3.7452400355016156e-48,4.0071100435563784e-18,5.591643373003912e-45,7.106931392668728e-47
0.8,0.02,roulette,singlepoint,swap,26.22705882352941,6.518742035375086e-43,3.891507246489959e-18,8.878526652180867e-40,4.797672292390542e-42
0.9,0.02,roulette,singlepoint,scramble,26.23294117647059,3.0226128921210505e-44,3.890848669938197e-18,4.249793726322197e-41,2.800361944170973e-43
0.5,0.02,stochunif,twopoint,swap,26.255294117647058,3.714793806403556e-48,3.8930443360697965e-18,5.5499019467669124e-45,7.106931392668728e-47
0.8,0.01,stochunif,singlepoint,block,26.261764705882353,8.57075583217117e-48,4.011178189930279e-18,1.274471392243853e-44,1.5167348804123137e-46
0.6,0.02,stochunif,twopoint,block,26.26235294117647,1.745575869351013e-40,3.894362299472809e-18,2.2081534747290313e-37,8.840135029671529e-40
0.4,0.01,roulette,scattered,block,26.292941176470592,3.8869906153023864e-45,3.89392293135041e-18,5.542848617421203e-42,4.0813401460675056e-44
0.9,0.01,roulette,singlepoint,scramble,26.32705882352941,3.9365392477177995e-46,3.893703264910611e-18,5.700108830695374e-43,4.843788527465261e-45
0.7,0.01,stochunif,twopoint,block,26.33823529411765,6.826974768959429e-43,3.8930443360697965e-18,9.291512660553782e-40,5.001155935400512e-42
0.6,0.01,stochunif,singlepoint,scramble,26.354117647058825,3.0931469368769566e-55,3.888873574131199e-18,4.859333837833699e-52,9.743412851162413e-53
0.8,0.01,roulette,twopoint,block,26.363529411764706,2.0221172712818054e-43,3.893703264910611e-18,2.7965881861827367e-40,1.6501734208646857e-42
0.5,0.02,roulette,twopoint,scramble,26.371176470588235,1.5326195067148858e-40,3.89392293135041e-18,1.9402962955010455e-37,7.786695880890146e-40
0.7,0.01,roulette,singlepoint,scramble,26.395294117647058,2.042661762093059e-43,4.012308925178156e-18,2.8229585552126075e-40,1.6583465336580245e-42
0.7,0.02,roulette,twopoint,block,26.395294117647058,1.1504274573073302e-40,3.893703264910611e-18,1.463343725694924e-37,5.960273833088964e-40
0.5,0.02,tournament,twopoint,block,26.402352941176467,2.8895546438133723e-41,3.895241176705637e-18,3.7448628183821305e-38,1.625374487145022e-40
0.6,0.02,stochunif,singlepoint,block,26.411176470588234,1.0621117194603542e-47,3.8945820011567e-18,1.5782980151180864e-44,1.85869550905562e-46
0.4,0.02,roulette,singlepoint,scramble,26.428823529411765,1.2465478170436758e-39,3.8917267954882246e-18,1.5432261975000705e-36,5.8086177865200864e-39
0.6,0.01,stochunif,twopoint,swap,26.43,5.103837438202494e-50,3.893263967270896e-18,7.747625231191386e-47,1.3859558560636083e-48
0.3,0.02,tournament,twopoint,swap,26.44235294117647,1.3287834147691946e-46,3.892165928709803e-18,1.9413525689777933e-43,1.8198555463143317e-45
0.5,0.02,roulette,singlepoint,scramble,26.451176470588234,1.5085098344073623e-38,3.8926051089021165e-18,1.819262860295279e-35,6.421359430247556e-38
0.7,0.02,roulette,twopoint,swap,26.454117647058823,1.236651091451924e-44,3.8912877092326295e-18,1.7498612944044725e-41,1.2097673720725342e-43
0.3,0.01,stochunif,scattered,swap,26.52705882352941,2.324079270069531e-41,3.8917267954882246e-18,3.018978971820321e-38,1.3214530145702207e-40
0.6,0.02,tournament,singlepoint,block,26.529411764705884,2.8321065930733334e-46,3.895241176705637e-18,4.1150508797355535e-43,3.626477954545122e-45
0.8,0.02,roulette,singlepoint,block,26.549411764705884,6.4272624816732985e-50,3.8912877092326295e-18,9.750157184698393e-47,1.7157522726500754e-48
0.6,0.01,tournament,singlepoint,scramble,26.56,4.6404738523720565e-50,3.892385512934327e-18,7.057279699717813e-47,1.305133270979641e-48
0.3,0.02,roulette,twopoint,scramble,26.565882352941177,2.410328208544059e-45,3.891068183715535e-18,3.454000322843637e-42,2.654732117802023e-44
0.3,0.02,stochunif,twopoint,scramble,26.589411764705883,1.3078824050891796e-47,3.893703264910611e-18,1.9395896067472535e-44,2.21496213765103e-46
0.7,0.02,roulette,singlepoint,swap,26.6,2.6190539347677623e-47,4.07294246772731e-18,3.865723607717217e-44,4.125009947259226e-46
0.7,0.01,roulette,twopoint,scramble,26.614117647058823,2.1423768531416022e-43,3.892165928709803e-18,2.9543376804822696e-40,1.7128139815726007e-42
0.7,0.01,tournament,singlepoint,block,26.61823529411765,2.0092350175779452e-51,3.892165928709803e-18,3.0982403971051916e-48,9.307485743191952e-50
0.4,0.02,roulette,twopoint,scramble,26.650588235294116,2.10872249137887e-43,3.892165928709803e-18,2.9100370381028406e-40,1.6945091448580207e-42
0.5,0.01,stochunif,singlepoint,scramble,26.66470588235294,4.9700029701560495e-42,3.89414260953766e-18,6.600163944367234e-39,3.156352692740233e-41
0.5,0.02,roulette,singlepoint,swap,26.666470588235292,6.924700753191409e-52,3.892824716613678e-18,1.0740210868199874e-48,4.3625614745105875e-50
0.6,0.01,tournament,twopoint,swap,26.666470588235292,3.542477586213524e-42,3.8912877092326295e-18,4.7362925327674814e-39,2.3344779072327614e-41
0.6,0.02,roulette,singlepoint,swap,26.678823529411765,2.505783342234506e-48,3.893263967270896e-18,3.75366344666729e-45,5.059754825665829e-47
0.3,0.01,roulette,scattered,swap,26.69764705882353,6.602419345526964e-46,3.894362299472809e-18,9.520688696249882e-43,7.760306320302215e-45
0.7,0.01,stochunif,singlepoint,block,26.72529411764706,2.910489619011286e-45,3.8906291678999676e-18,4.164910644805151e-42,3.161393896512259e-44
0.6,0.01,stochunif,singlepoint,swap,26.725882352941177,1.9594024808203604e-49,3.8917267954882246e-18,2.9567383435579236e-46,4.606058070585176e-48
0.6,0.01,tournament,twopoint,scramble,26.735882352941175,3.345460963560792e-39,4.013213730911585e-18,4.088153297471288e-36,1.4884466151435729e-38
0.5,0.01,tournament,twopoint,scramble,26.764117647058825,2.8178236157777052e-43,3.893483610217646e-18,3.877325295310123e-40,2.2122347953384454e-42
0.3,0.01,stochunif,scattered,block,26.76705882352941,6.621461495255449e-45,3.893703264910611e-18,9.409096784757992e-42,6.728259261307956e-44
0.9,0.02,roulette,singlepoint,block,26.76764705882353,9.316116678339322e-43,3.893703264910611e-18,1.26512864491848e-39,6.730680627699281e-42
0.5,0.01,stochunif,twopoint,scramble,26.789411764705882,6.901295327605025e-41,3.8930443360697965e-18,8.819855428679221e-38,3.6474966916033265e-40
0.8,0.01,roulette,singlepoint,block,26.79529411764706,3.645593836307748e-45,4.393158838405038e-18,5.2059079982474644e-42,3.879601548773448e-44
0.6,0.02,roulette,singlepoint,block,26.797647058823532,7.416056161831916e-48,3.893703264910611e-18,1.1049923681129555e-44,1.3581730761494497e-46
0.6,0.01,roulette,twopoint,scramble,26.799411764705884,1.0535326794473215e-45,3.8930443360697965e-18,1.517087058404143e-42,1.220083801565832e-44
0.8,0.01,roulette,singlepoint,swap,26.80941176470588,4.786066445534913e-46,3.8919463562279835e-18,6.925438146689019e-43,5.84345321838565e-45
0.9,0.02,roulette,singlepoint,swap,26.81,8.835946292803417e-51,4.013213730911585e-18,1.3536669720574835e-47,3.162867138901223e-49
0.4,0.02,stochunif,singlepoint,scramble,26.87764705882353,5.366240640486243e-46,3.89414260953766e-18,7.748851484862136e-43,6.40290076421654e-45
0.4,0.02,roulette,twopoint,swap,26.885882352941177,4.5604261543434644e-49,3.893703264910611e-18,6.854320509978227e-46,9.839275606973913e-48
0.9,0.01,roulette,singlepoint,block,26.904705882352943,3.723569083123724e-47,3.893703264910611e-18,5.492264397607493e-44,5.767090630754709e-46
0.6,0.01,tournament,twopoint,block,26.93,4.656089525181987e-41,3.8926051089021165e-18,5.978418950333671e-38,2.511418151425216e-40
0.4,0.01,tournament,twopoint,scramble,26.948235294117648,8.059025792124201e-42,3.894362299472809e-18,1.0629855019811821e-38,4.938897129414637e-41
0.4,0.02,stochunif,singlepoint,block,26.960588235294118,1.1027457263629555e-50,3.892385512934327e-18,1.687200961335322e-47,3.775705476134032e-49
0.5,0.02,tournament,singlepoint,block,26.967647058823527,4.2758543948949585e-43,3.893263967270896e-18,5.840817103426513e-40,3.206890796171219e-42
0.4,0.01,stochunif,twopoint,scramble,26.978823529411766,1.302219981835068e-44,3.893483610217646e-18,1.838734614351116e-41,1.250607604506239e-43
0.3,0.02,stochunif,twopoint,swap,26.980588235294118,4.202401770598278e-43,3.893703264910611e-18,5.7446832204078456e-40,3.16688171707765e-42
0.4,0.02,tournament,twopoint,scramble,26.996470588235294,2.2828054049013137e-45,3.893263967270896e-18,3.273542950628484e-42,2.5319848681123727e-44
0.6,0.01,stochunif,twopoint,block,27.00470588235294,3.664339111216665e-42,3.892824716613678e-18,4.8845640352518145e-39,2.375034609121913e-41
0.4,0.02,tournament,singlepoint,swap,27.03058823529412,1.5202724469715848e-45,3.892165928709803e-18,2.1846315062981672e-42,1.722610866172839e-44
0.5,0.02,stochunif,twopoint,block,27.03294117647059,1.8635934125362614e-45,3.893703264910611e-18,2.6761201404020714e-42,2.096542589103294e-44
0.7,0.01,stochunif,singlepoint,swap,27.034117647058824,7.311516158935536e-50,3.888215420091603e-18,1.1084258496946272e-46,1.9192729917205783e-48
0.9,0.01,roulette,singlepoint,swap,27.038823529411765,4.639894608624466e-50,3.892824716613678e-18,7.057279699717813e-47,1.305133270979641e-48
0.3,0.01,tournament,scattered,block,27.038823529411765,3.44085211681173e-49,3.89414260953766e-18,5.175041583684842e-46,7.526864005525658e-48
0.6,0.02,roulette,twopoint,block,27.048823529411766,1.4231056778285487e-50,3.892385512934327e-18,2.1745054757220225e-47,4.669565505374925e-49
0.4,0.01,stochunif,twopoint,swap,27.051764705882352,3.5160801374502654e-46,3.8926051089021165e-18,5.098316199302885e-43,4.3951001718128324e-45
0.5,0.01,tournament,singlepoint,scramble,27.05529411764706,8.61868118843944e-50,3.891507246489959e-18,1.3057302000485752e-46,2.2212853072028574e-48
0.5,0.02,stochunif,singlepoint,block,27.058823529411764,1.8505077419498924e-44,3.894362299472809e-18,2.6055149006654483e-41,1.734851008078024e-43
0.3,0.01,roulette,scattered,block,27.07705882352941,3.430619367763028e-51,3.891507246489959e-18,5.276292587619537e-48,1.4219014484807287e-49
0.7,0.02,roulette,singlepoint,block,27.09705882352941,1.1909674057809523e-45,3.8930443360697965e-18,1.7138020969187905e-42,1.3691778570109489e-44
0.7,0.01,roulette,twopoint,block,27.106470588235293,6.352346404419859e-47,3.8926051089021165e-18,9.331596868092773e-44,9.35041643641241e-46
0.4,0.02,tournament,singlepoint,scramble,27.134117647058826,9.068722694274872e-47,3.8919463562279835e-18,1.3285678747112689e-43,1.2867782201335966e-45
0.7,0.01,roulette,singlepoint,block,27.16176470588235,1.3993476886205686e-49,3.89392293135041e-18,2.1144143575056792e-46,3.3907270916575316e-48
0.7,0.01,roulette,singlepoint,swap,27.165882352941175,9.632982967167174e-47,3.8917267954882246e-18,1.4102687063932743e-43,1.3546382297578838e-45
0.3,0.02,roulette,twopoint,swap,27.16705882352941,3.297714131749036e-54,3.89040967760029e-18,5.154327187923743e-51,3.995307505772871e-52
0.3,0.02,stochunif,singlepoint,scramble,27.18823529411765,2.6508229022368656e-49,3.8926051089021165e-18,3.9947901136709565e-46,6.050791407279802e-48
0.5,0.01,tournament,twopoint,swap,27.211764705882352,8.734842337924624e-45,3.8917267954882246e-18,1.2386006435177118e-41,8.707200431791951e-44
0.6,0.01,roulette,singlepoint,scramble,27.244705882352942,2.4187882154656055e-43,3.8899707322140255e-18,3.330671372696139e-40,1.914367557466497e-42
0.6,0.01,tournament,singlepoint,swap,27.264117647058825,3.774496112550345e-47,3.893263967270896e-18,5.559832773786658e-44,5.771680948802712e-46
0.6,0.01,roulette,twopoint,swap,27.289411764705882,1.4337799130730809e-47,3.892824716613678e-18,2.1234280512612328e-44,2.3770561716737918e-46
0.5,0.02,roulette,twopoint,block,27.31705882352941,3.2398199893976594e-48,3.89392293135041e-18,4.8467707041388987e-45,6.378395604126642e-47
0.5,0.01,roulette,singlepoint,scramble,27.335882352941177,2.0889883150547164e-46,3.8906291678999676e-18,3.0394779984046124e-43,2.7191376828191556e-45
0.4,0.02,stochunif,singlepoint,swap,27.364117647058823,7.063010231067835e-51,4.011856594826851e-18,1.0827594684226992e-47,2.5870328171934512e-49
0.4,0.02,roulette,twopoint,block,27.381176470588233,3.7383375514736123e-45,4.012308925178156e-18,5.334607685952845e-42,3.9515984185039866e-44
0.6,0.01,roulette,singlepoint,swap,27.400588235294116,5.025285345356898e-50,4.135179299644915e-18,7.633408439597128e-47,1.3859558560636083e-48
0.5,0.01,roulette,twopoint,scramble,27.411176470588234,6.852676535931372e-47,3.8930443360697965e-18,1.0052876478211323e-43,9.90180325146047e-46
0.3,0.02,roulette,singlepoint,scramble,27.41294117647059,6.356897851325226e-40,4.012082753960072e-18,7.927051620602557e-37,3.043195779889736e-39
0.6,0.01,tournament,singlepoint,block,27.434117647058823,2.5067497762074533e-45,3.893263967270896e-18,3.589665679529073e-42,2.7417575677269023e-44
0.4,0.02,tournament,twopoint,block,27.43705882352941,3.4779280333089084e-44,3.89414260953766e-18,4.879533030732399e-41,3.1663217644286307e-43
0.3,0.02,tournament,twopoint,scramble,27.457058823529408,5.210764690131657e-46,3.89414260953766e-18,7.534765741930377e-43,6.305838897638172e-45
0.5,0.01,stochunif,singlepoint,swap,27.46,4.2488227688668074e-47,3.8917267954882246e-18,6.254267115771941e-44,6.434515250928097e-46
0.6,0.01,stochunif,singlepoint,block,27.51235294117647,3.254827892418582e-51,3.8919463562279835e-18,5.009180126432198e-48,1.3855010623133154e-49
0.5,0.01,tournament,twopoint,block,27.522352941176468,2.8232329769081113e-43,3.89392293135041e-18,3.881945343248653e-40,2.2122347953384454e-42
0.3,0.02,tournament,singlepoint,swap,27.531764705882352,2.8211993988205125e-48,3.8899707322140255e-18,4.223335500034307e-45,5.624543105243427e-47
0.7,0.01,roulette,twopoint,swap,27.544117647058826,3.33782500255383e-44,3.894801714589673e-18,4.689644128588132e-41,3.0743125023522118e-43
0.5,0.02,roulette,singlepoint,block,27.6,5.9877456832578076e-52,3.891507246489959e-18,9.298969046099375e-49,4.100304109187412e-50
0.4,0.01,tournament,singlepoint,scramble,27.67764705882353,1.2995634779293577e-51,3.8945820011567e-18,2.009125136878787e-48,6.822708259129127e-50
0.3,0.02,tournament,twopoint,block,27.68176470588235,3.9945970687498007e-48,3.893263967270896e-18,5.959938826574703e-45,7.489869503905876e-47
0.5,0.01,stochunif,singlepoint,block,27.711176470588235,5.550577543751809e-52,3.8926051089021165e-18,8.631148080534063e-49,4.0207621868790965e-50
0.4,0.01,roulette,singlepoint,scramble,27.72176470588235,3.0174937050572624e-51,3.89414260953766e-18,4.646940305788184e-48,1.3201534959625523e-49
0.4,0.02,tournament,singlepoint,block,27.725882352941177,4.783155771844255e-47,3.8919463562279835e-18,7.036022140382898e-44,7.174733657766383e-46
0.6,0.01,roulette,twopoint,block,27.734117647058824,2.1884253447358693e-54,3.890190199038486e-18,3.424885664511635e-51,3.13342719814454e-52
0.3,0.02,stochunif,singlepoint,swap,27.736470588235292,3.2080625542136092e-46,3.895021439772567e-18,4.658106828718161e-43,4.074756873295511e-45
0.5,0.01,stochunif,twopoint,swap,27.84176470588235,2.88319992045386e-50,3.892824716613678e-18,4.396879878692137e-47,8.903999754342804e-49
0.3,0.02,tournament,singlepoint,scramble,27.84647058823529,1.7242349601610926e-51,3.893703264910611e-18,2.662218778488727e-48,8.486468944542878e-50
0.4,0.01,tournament,singlepoint,swap,27.867647058823533,2.0824849976600217e-49,3.892824716613678e-18,3.1403873764713126e-46,4.8234027519331385e-48
0.5,0.01,roulette,singlepoint,swap,27.882352941176467,3.77719728850389e-50,3.8917267954882246e-18,5.748894273102921e-47,1.1016825424803012e-48
0.4,0.02,roulette,singlepoint,swap,27.95,1.553168178767107e-54,3.8919463562279835e-18,2.4353677043068237e-51,2.7064806759185013e-52
0.5,0.01,tournament,singlepoint,block,27.981176470588235,3.1144724069652775e-49,4.009143627626533e-18,4.690395444889708e-46,7.007562915671875e-48
0.4,0.02,stochunif,twopoint,block,27.985882352941175,1.3004406420723202e-49,3.89392293135041e-18,1.966266250813348e-46,3.20030314259985e-48
0.5,0.01,roulette,twopoint,swap,28.021176470588234,7.70388076322961e-52,3.8917267954882246e-18,1.1941015183005895e-48,4.666773923879475e-50
0.4,0.01,tournament,twopoint,swap,28.093529411764706,3.7348777418220974e-47,3.891507246489959e-18,5.505209791445772e-44,5.767090630754709e-46
0.4,0.02,roulette,singlepoint,block,28.128235294117648,1.336500022516723e-44,3.89414260953766e-18,1.885801531771096e-41,1.2757500214932355e-43
0.3,0.01,stochunif,twopoint,swap,28.14470588235294,2.3137953316711502e-51,3.8930443360697965e-18,3.565558606105243e-48,1.0412078992520176e-49
0.3,0.02,roulette,singlepoint,swap,28.14941176470588,5.6163027372279446e-52,3.893263967270896e-18,8.727734453652226e-49,4.0207621868790965e-50
0.3,0.01,stochunif,twopoint,scramble,28.164117647058823,7.134890297337197e-47,3.8926051089021165e-18,1.045974917589633e-43,1.0215865653005532e-45
0.5,0.01,tournament,singlepoint,swap,28.198823529411765,3.0581028335879847e-50,3.892385512934327e-18,4.660548718388088e-47,9.262523005578993e-49
0.5,0.01,stochunif,twopoint,block,28.198823529411765,7.836805283403318e-49,4.0098217063466036e-18,1.176304473038838e-45,1.6457291095146967e-47
0.4,0.01,roulette,twopoint,scramble,28.24,3.7368190680905735e-46,3.891507246489959e-18,5.414650829663241e-43,4.634244119876105e-45
0.4,0.01,stochunif,singlepoint,scramble,28.315882352941177,3.4610854728777097e-46,3.892824716613678e-18,5.022035021145557e-43,4.3609676958259144e-45
0.4,0.01,tournament,singlepoint,block,28.34823529411765,7.045670259212797e-51,3.8926051089021165e-18,1.0808058177632431e-47,2.5870328171934512e-49
0.4,0.01,roulette,singlepoint,swap,28.38529411764706,1.2404055193483927e-47,3.89392293135041e-18,1.842002196232363e-44,2.146855706564526e-46
0.3,0.02,tournament,singlepoint,block,28.387647058823532,5.244856479940321e-46,3.891068183715535e-18,7.578817613513764e-43,6.305838897638172e-45
0.3,0.02,roulette,twopoint,block,28.424705882352942,4.931429303618751e-53,3.8930443360697965e-18,7.678235425734395e-50,4.0878953437892277e-51
0.3,0.02,stochunif,twopoint,block,28.474117647058826,1.4192237802436345e-53,3.8926051089021165e-18,2.2125698733998262e-50,1.3148690905198377e-51
0.3,0.01,roulette,twopoint,scramble,28.51529411764706,8.744107241052517e-50,3.893263967270896e-18,1.323857836295351e-46,2.2212853072028574e-48
0.6,0.01,roulette,singlepoint,block,28.52294117647059,1.3834083530893615e-51,3.8926051089021165e-18,2.1373659055230636e-48,7.028606955212079e-50
0.4,0.01,stochunif,twopoint,block,28.538235294117648,9.513603403646185e-51,3.893483610217646e-18,1.4565326810982308e-47,3.3297611912761646e-49
0.3,0.01,stochunif,singlepoint,scramble,28.56,7.367496951429372e-48,3.894362299472809e-18,1.0984937954581193e-44,1.3581730761494497e-46
0.4,0.01,stochunif,singlepoint,swap,28.652352941176467,1.783691997321518e-51,3.892824716613678e-18,2.752236751867102e-48,8.513075441761791e-50
0.5,0.01,roulette,twopoint,block,28.67,5.808940343804427e-51,3.892824716613678e-18,8.916723427739795e-48,2.2314831808517006e-49
0.5,0.01,roulette,singlepoint,block,28.71,6.474113376887162e-52,4.01343996256323e-18,1.0047823960928876e-48,4.2486369035822002e-50
0.3,0.02,stochunif,singlepoint,block,28.724117647058826,2.2704635229969946e-56,3.8926051089021165e-18,3.5737095851972696e-53,1.7879900243601331e-53
0.3,0.01,tournament,twopoint,swap,28.728823529411766,6.35851793389725e-54,3.8912877092326295e-18,9.932005012747505e-51,7.153332675634407e-52
0.4,0.01,roulette,twopoint,swap,28.74,2.1248886548915952e-50,3.893263967270896e-18,3.2425800873645744e-47,6.693399262908525e-49
0.3,0.02,roulette,singlepoint,block,28.75823529411765,8.972380689709779e-52,3.8917267954882246e-18,1.3898217688360448e-48,5.233888735664038e-50
0.4,0.01,tournament,twopoint,block,28.769411764705882,5.536510319904721e-46,3.893703264910611e-18,7.989184391622511e-43,6.55639379988717e-45
0.3,0.01,tournament,twopoint,scramble,28.841176470588234,1.6467361482451653e-50,3.8930443360697965e-18,2.5145660983703676e-47,5.293080476502317e-49
0.4,0.01,roulette,twopoint,block,29.081176470588233,1.2952726056526896e-50,3.893263967270896e-18,1.9804718140429624e-47,4.340541178516991e-49
0.3,0.01,tournament,singlepoint,swap,29.139411764705883,2.56825341285024e-55,3.8926051089021165e-18,4.0372943650005776e-52,9.743412851162413e-53
0.4,0.01,roulette,singlepoint,block,29.17705882352941,2.541515470824976e-54,3.8926051089021165e-18,3.9749301963702625e-51,3.335739055457781e-52
0.3,0.01,roulette,singlepoint,scramble,29.199411764705882,3.3912652327127816e-49,3.89414260953766e-18,5.103854175232736e-46,7.5228771007361e-48
0.3,0.01,stochunif,singlepoint,swap,29.31294117647059,1.3745355790101727e-53,3.8926051089021165e-18,2.1456500388348796e-50,1.3148690905198377e-51
0.3,0.01,tournament,singlepoint,scramble,29.32705882352941,4.2337475251406093e-51,3.89414260953766e-18,6.503036198615976e-48,1.667038088024115e-49
0.4,0.01,stochunif,singlepoint,block,29.42529411764706,1.718400429154604e-54,3.89392293135041e-18,2.69101507205611e-51,2.7064806759185013e-52
0.3,0.01,roulette,twopoint,swap,29.525294117647057,9.224916450029008e-62,3.893483610217646e-18,1.4529243408795687e-58,1.4529243408795687e-58
0.3,0.01,tournament,twopoint,block,29.573529411764707,1.708125415554557e-54,3.8945820011567e-18,2.676632526173991e-51,2.7064806759185013e-52
0.3,0.01,roulette,singlepoint,swap,29.746470588235294,1.366535697849207e-54,3.893263967270896e-18,2.1440945099254056e-51,2.7064806759185013e-52
0.3,0.01,stochunif,singlepoint,block,29.85058823529412,1.4174354654584936e-53,3.894362299472809e-18,2.21119932611525e-50,1.3148690905198377e-51
0.3,0.01,tournament,singlepoint,block,29.873529411764707,1.2550982575540387e-55,3.89392293135041e-18,1.9742695591325027e-52,6.589265852158704e-53
0.3,0.01,roulette,twopoint,block,30.13294117647059,4.681879947190065e-52,3.893703264910611e-18,7.285005197827741e-49,3.686980458412176e-50
0.3,0.01,stochunif,twopoint,block,30.15352941176471,1.1513234737608096e-51,3.893703264910611e-18,1.7810974139079724e-48,6.252877486804397e-50
0.3,0.01,roulette,singlepoint,block,30.974705882352943,3.953684122697878e-55,3.895021439772567e-18,6.2072840726356685e-52,1.037842082208193e-52
