Pc,Pm,selection,crossover_fn,mutation_fn,run,best_cost_s
0.3,0.01,stochunif,scattered,uniform,1,11.411764705882353
0.3,0.01,stochunif,scattered,uniform,2,11.313725490196079
0.3,0.01,stochunif,scattered,uniform,3,13.941176470588236
0.3,0.01,stochunif,scattered,uniform,4,10.745098039215685
0.3,0.01,stochunif,scattered,uniform,5,12.215686274509801
0.3,0.01,stochunif,scattered,uniform,6,10.627450980392156
0.3,0.01,stochunif,scattered,uniform,7,11.588235294117645
0.3,0.01,stochunif,scattered,uniform,8,10.80392156862745
0.3,0.01,stochunif,scattered,uniform,9,10.392156862745097
0.3,0.01,stochunif,scattered,uniform,10,11.294117647058822
0.3,0.01,stochunif,scattered,block,1,12.88235294117647
0.3,0.01,stochunif,scattered,block,2,14.941176470588239
0.3,0.01,stochunif,scattered,block,3,10.745098039215685
0.3,0.01,stochunif,scattered,block,4,11.705882352941176
0.3,0.01,stochunif,scattered,block,5,12.823529411764707
0.3,0.01,stochunif,scattered,block,6,13.039215686274511
0.3,0.01,stochunif,scattered,block,7,10.470588235294116
0.3,0.01,stochunif,scattered,block,8,11.196078431372548
0.3,0.01,stochunif,scattered,block,9,12.470588235294116
0.3,0.01,stochunif,scattered,block,10,13.03921568627451
0.3,0.01,stochunif,scattered,scramble,1,14.823529411764705
0.3,0.01,stochunif,scattered,scramble,2,11.823529411764707
0.3,0.01,stochunif,scattered,scramble,3,13.941176470588234
0.3,0.01,stochunif,scattered,scramble,4,11.607843137254903
0.3,0.01,stochunif,scattered,scramble,5,12.666666666666666
0.3,0.01,stochunif,scattered,scramble,6,13.07843137254902
0.3,0.01,stochunif,scattered,scramble,7,11.333333333333334
0.3,0.01,stochunif,scattered,scramble,8,14.980392156862747
0.3,0.01,stochunif,scattered,scramble,9,13.039215686274508
0.3,0.01,stochunif,scattered,scramble,10,11.392156862745098
0.3,0.01,stochunif,scattered,swap,1,11.039215686274508
0.3,0.01,stochunif,scattered,swap,2,12.254901960784313
0.3,0.01,stochunif,scattered,swap,3,12.372549019607842
0.3,0.01,stochunif,scattered,swap,4,10.470588235294116
0.3,0.01,stochunif,scattered,swap,5,13.647058823529411
0.3,0.01,stochunif,scattered,swap,6,12.313725490196077
0.3,0.01,stochunif,scattered,swap,7,13.07843137254902
0.3,0.01,stochunif,scattered,swap,8,12.941176470588237
0.3,0.01,stochunif,scattered,swap,9,14.529411764705882
0.3,0.01,stochunif,scattered,swap,10,13.686274509803921
0.3,0.01,stochunif,scattered,frequency,1,11.627450980392156
0.3,0.01,stochunif,scattered,frequency,2,14.588235294117647
0.3,0.01,stochunif,scattered,frequency,3,10.68627450980392
0.3,0.01,stochunif,scattered,frequency,4,9.372549019607844
0.3,0.01,stochunif,scattered,frequency,5,11.823529411764707
0.3,0.01,stochunif,scattered,frequency,6,13.254901960784311
0.3,0.01,stochunif,scattered,frequency,7,12.019607843137257
0.3,0.01,stochunif,scattered,frequency,8,10.313725490196079
0.3,0.01,stochunif,scattered,frequency,9,10.803921568627448
0.3,0.01,stochunif,scattered,frequency,10,11.137254901960784
0.3,0.01,stochunif,singlepoint,uniform,1,11.196078431372548
0.3,0.01,stochunif,singlepoint,uniform,2,12.980392156862747
0.3,0.01,stochunif,singlepoint,uniform,3,14.509803921568626
0.3,0.01,stochunif,singlepoint,uniform,4,11.509803921568627
0.3,0.01,stochunif,singlepoint,uniform,5,10.666666666666666
0.3,0.01,stochunif,singlepoint,uniform,6,12.254901960784315
0.3,0.01,stochunif,singlepoint,uniform,7,14.156862745098037
0.3,0.01,stochunif,singlepoint,uniform,8,13.450980392156863
0.3,0.01,stochunif,singlepoint,uniform,9,11.352941176470589
0.3,0.01,stochunif,singlepoint,uniform,10,11.921568627450979
0.3,0.01,stochunif,singlepoint,block,1,14.549019607843137
0.3,0.01,stochunif,singlepoint,block,2,15.372549019607842
0.3,0.01,stochunif,singlepoint,block,3,12.960784313725489
0.3,0.01,stochunif,singlepoint,block,4,11.33333333333333
0.3,0.01,stochunif,singlepoint,block,5,13.705882352941178
0.3,0.01,stochunif,singlepoint,block,6,13.803921568627448
0.3,0.01,stochunif,singlepoint,block,7,13.0
0.3,0.01,stochunif,singlepoint,block,8,14.29411764705882
0.3,0.01,stochunif,singlepoint,block,9,13.372549019607844
0.3,0.01,stochunif,singlepoint,block,10,15.509803921568626
0.3,0.01,stochunif,singlepoint,scramble,1,12.411764705882351
0.3,0.01,stochunif,singlepoint,scramble,2,14.431372549019605
0.3,0.01,stochunif,singlepoint,scramble,3,14.03921568627451
0.3,0.01,stochunif,singlepoint,scramble,4,13.666666666666666
0.3,0.01,stochunif,singlepoint,scramble,5,16.470588235294116
0.3,0.01,stochunif,singlepoint,scramble,6,15.803921568627448
0.3,0.01,stochunif,singlepoint,scramble,7,16.470588235294116
0.3,0.01,stochunif,singlepoint,scramble,8,11.666666666666666
0.3,0.01,stochunif,singlepoint,scramble,9,17.17647058823529
0.3,0.01,stochunif,singlepoint,scramble,10,12.843137254901958
0.3,0.01,stochunif,singlepoint,swap,1,13.686274509803921
0.3,0.01,stochunif,singlepoint,swap,2,15.019607843137253
0.3,0.01,stochunif,singlepoint,swap,3,15.098039215686272
0.3,0.01,stochunif,singlepoint,swap,4,15.098039215686272
0.3,0.01,stochunif,singlepoint,swap,5,13.666666666666666
0.3,0.01,stochunif,singlepoint,swap,6,11.549019607843137
0.3,0.01,stochunif,singlepoint,swap,7,15.705882352941176
0.3,0.01,stochunif,singlepoint,swap,8,14.392156862745097
0.3,0.01,stochunif,singlepoint,swap,9,14.19607843137255
0.3,0.01,stochunif,singlepoint,swap,10,15.549019607843135
0.3,0.01,stochunif,singlepoint,frequency,1,13.980392156862743
0.3,0.01,stochunif,singlepoint,frequency,2,12.392156862745097
0.3,0.01,stochunif,singlepoint,frequency,3,13.49019607843137
0.3,0.01,stochunif,singlepoint,frequency,4,13.235294117647058
0.3,0.01,stochunif,singlepoint,frequency,5,12.156862745098039
0.3,0.01,stochunif,singlepoint,frequency,6,10.352941176470587
0.3,0.01,stochunif,singlepoint,frequency,7,11.999999999999998
0.3,0.01,stochunif,singlepoint,frequency,8,11.156862745098039
0.3,0.01,stochunif,singlepoint,frequency,9,14.96078431372549
0.3,0.01,stochunif,singlepoint,frequency,10,11.333333333333334
0.3,0.01,stochunif,twopoint,uniform,1,14.098039215686272
0.3,0.01,stochunif,twopoint,uniform,2,10.627450980392156
0.3,0.01,stochunif,twopoint,uniform,3,12.921568627450979
0.3,0.01,stochunif,twopoint,uniform,4,11.156862745098039
0.3,0.01,stochunif,twopoint,uniform,5,12.117647058823527
0.3,0.01,stochunif,twopoint,uniform,6,15.960784313725492
0.3,0.01,stochunif,twopoint,uniform,7,10.058823529411764
0.3,0.01,stochunif,twopoint,uniform,8,11.254901960784315
0.3,0.01,stochunif,twopoint,uniform,9,10.549019607843137
0.3,0.01,stochunif,twopoint,uniform,10,13.294117647058822
0.3,0.01,stochunif,twopoint,block,1,16.09803921568627
0.3,0.01,stochunif,twopoint,block,2,14.274509803921568
0.3,0.01,stochunif,twopoint,block,3,13.03921568627451
0.3,0.01,stochunif,twopoint,block,4,15.15686274509804
0.3,0.01,stochunif,twopoint,block,5,13.03921568627451
0.3,0.01,stochunif,twopoint,block,6,10.745098039215684
0.3,0.01,stochunif,twopoint,block,7,11.745098039215685
0.3,0.01,stochunif,twopoint,block,8,15.882352941176471
0.3,0.01,stochunif,twopoint,block,9,15.235294117647058
0.3,0.01,stochunif,twopoint,block,10,14.156862745098039
0.3,0.01,stochunif,twopoint,scramble,1,14.549019607843137
0.3,0.01,stochunif,twopoint,scramble,2,14.352941176470587
0.3,0.01,stochunif,twopoint,scramble,3,12.352941176470587
0.3,0.01,stochunif,twopoint,scramble,4,13.666666666666664
0.3,0.01,stochunif,twopoint,scramble,5,15.058823529411764
0.3,0.01,stochunif,twopoint,scramble,6,13.450980392156863
0.3,0.01,stochunif,twopoint,scramble,7,12.588235294117645
0.3,0.01,stochunif,twopoint,scramble,8,10.686274509803921
0.3,0.01,stochunif,twopoint,scramble,9,13.058823529411763
0.3,0.01,stochunif,twopoint,scramble,10,14.431372549019608
0.3,0.01,stochunif,twopoint,swap,1,10.392156862745097
0.3,0.01,stochunif,twopoint,swap,2,12.470588235294116
0.3,0.01,stochunif,twopoint,swap,3,15.313725490196077
0.3,0.01,stochunif,twopoint,swap,4,13.235294117647058
0.3,0.01,stochunif,twopoint,swap,5,14.960784313725489
0.3,0.01,stochunif,twopoint,swap,6,15.549019607843135
0.3,0.01,stochunif,twopoint,swap,7,13.509803921568626
0.3,0.01,stochunif,twopoint,swap,8,15.607843137254902
0.3,0.01,stochunif,twopoint,swap,9,15.568627450980394
0.3,0.01,stochunif,twopoint,swap,10,13.03921568627451
0.3,0.01,stochunif,twopoint,frequency,1,11.784313725490195
0.3,0.01,stochunif,twopoint,frequency,2,12.705882352941176
0.3,0.01,stochunif,twopoint,frequency,3,10.607843137254903
0.3,0.01,stochunif,twopoint,frequency,4,11.137254901960784
0.3,0.01,stochunif,twopoint,frequency,5,11.294117647058822
0.3,0.01,stochunif,twopoint,frequency,6,11.235294117647058
0.3,0.01,stochunif,twopoint,frequency,7,14.490196078431374
0.3,0.01,stochunif,twopoint,frequency,8,10.392156862745097
0.3,0.01,stochunif,twopoint,frequency,9,13.019607843137253
0.3,0.01,stochunif,twopoint,frequency,10,11.235294117647058
0.3,0.01,roulette,scattered,uniform,1,11.215686274509803
0.3,0.01,roulette,scattered,uniform,2,12.392156862745098
0.3,0.01,roulette,scattered,uniform,3,11.64705882352941
0.3,0.01,roulette,scattered,uniform,4,11.392156862745098
0.3,0.01,roulette,scattered,uniform,5,12.784313725490197
0.3,0.01,roulette,scattered,uniform,6,13.07843137254902
0.3,0.01,roulette,scattered,uniform,7,12.313725490196079
0.3,0.01,roulette,scattered,uniform,8,11.07843137254902
0.3,0.01,roulette,scattered,uniform,9,11.784313725490193
0.3,0.01,roulette,scattered,uniform,10,13.725490196078432
0.3,0.01,roulette,scattered,block,1,13.37254901960784
0.3,0.01,roulette,scattered,block,2,14.52941176470588
0.3,0.01,roulette,scattered,block,3,13.19607843137255
0.3,0.01,roulette,scattered,block,4,12.117647058823527
0.3,0.01,roulette,scattered,block,5,15.68627450980392
0.3,0.01,roulette,scattered,block,6,12.098039215686272
0.3,0.01,roulette,scattered,block,7,12.980392156862745
0.3,0.01,roulette,scattered,block,8,16.039215686274506
0.3,0.01,roulette,scattered,block,9,12.549019607843135
0.3,0.01,roulette,scattered,block,10,14.529411764705884
0.3,0.01,roulette,scattered,scramble,1,11.66666666666667
0.3,0.01,roulette,scattered,scramble,2,11.313725490196079
0.3,0.01,roulette,scattered,scramble,3,12.862745098039213
0.3,0.01,roulette,scattered,scramble,4,11.941176470588234
0.3,0.01,roulette,scattered,scramble,5,12.176470588235292
0.3,0.01,roulette,scattered,scramble,6,13.117647058823527
0.3,0.01,roulette,scattered,scramble,7,11.745098039215685
0.3,0.01,roulette,scattered,scramble,8,14.176470588235292
0.3,0.01,roulette,scattered,scramble,9,13.80392156862745
0.3,0.01,roulette,scattered,scramble,10,14.64705882352941
0.3,0.01,roulette,scattered,swap,1,14.372549019607842
0.3,0.01,roulette,scattered,swap,2,13.588235294117647
0.3,0.01,roulette,scattered,swap,3,12.392156862745097
0.3,0.01,roulette,scattered,swap,4,13.372549019607842
0.3,0.01,roulette,scattered,swap,5,10.333333333333332
0.3,0.01,roulette,scattered,swap,6,13.156862745098039
0.3,0.01,roulette,scattered,swap,7,13.431372549019605
0.3,0.01,roulette,scattered,swap,8,13.784313725490197
0.3,0.01,roulette,scattered,swap,9,11.588235294117645
0.3,0.01,roulette,scattered,swap,10,14.07843137254902
0.3,0.01,roulette,scattered,frequency,1,13.196078431372548
0.3,0.01,roulette,scattered,frequency,2,13.352941176470587
0.3,0.01,roulette,scattered,frequency,3,11.80392156862745
0.3,0.01,roulette,scattered,frequency,4,11.764705882352942
0.3,0.01,roulette,scattered,frequency,5,9.941176470588237
0.3,0.01,roulette,scattered,frequency,6,11.647058823529411
0.3,0.01,roulette,scattered,frequency,7,12.72549019607843
0.3,0.01,roulette,scattered,frequency,8,10.88235294117647
0.3,0.01,roulette,scattered,frequency,9,11.392156862745097
0.3,0.01,roulette,scattered,frequency,10,11.294117647058822
0.3,0.01,roulette,singlepoint,uniform,1,14.490196078431373
0.3,0.01,roulette,singlepoint,uniform,2,15.098039215686276
0.3,0.01,roulette,singlepoint,uniform,3,13.549019607843135
0.3,0.01,roulette,singlepoint,uniform,4,12.215686274509803
0.3,0.01,roulette,singlepoint,uniform,5,13.03921568627451
0.3,0.01,roulette,singlepoint,uniform,6,13.137254901960784
0.3,0.01,roulette,singlepoint,uniform,7,12.294117647058824
0.3,0.01,roulette,singlepoint,uniform,8,12.823529411764707
0.3,0.01,roulette,singlepoint,uniform,9,12.372549019607842
0.3,0.01,roulette,singlepoint,uniform,10,11.52941176470588
0.3,0.01,roulette,singlepoint,block,1,13.019607843137255
0.3,0.01,roulette,singlepoint,block,2,15.450980392156861
0.3,0.01,roulette,singlepoint,block,3,14.509803921568626
0.3,0.01,roulette,singlepoint,block,4,14.627450980392156
0.3,0.01,roulette,singlepoint,block,5,13.960784313725489
0.3,0.01,roulette,singlepoint,block,6,15.17647058823529
0.3,0.01,roulette,singlepoint,block,7,12.980392156862743
0.3,0.01,roulette,singlepoint,block,8,15.17647058823529
0.3,0.01,roulette,singlepoint,block,9,14.745098039215685
0.3,0.01,roulette,singlepoint,block,10,13.705882352941176
0.3,0.01,roulette,singlepoint,scramble,1,14.882352941176471
0.3,0.01,roulette,singlepoint,scramble,2,15.0
0.3,0.01,roulette,singlepoint,scramble,3,15.333333333333334
0.3,0.01,roulette,singlepoint,scramble,4,14.039215686274511
0.3,0.01,roulette,singlepoint,scramble,5,14.607843137254902
0.3,0.01,roulette,singlepoint,scramble,6,16.745098039215687
0.3,0.01,roulette,singlepoint,scramble,7,12.431372549019606
0.3,0.01,roulette,singlepoint,scramble,8,16.54901960784314
0.3,0.01,roulette,singlepoint,scramble,9,15.784313725490195
0.3,0.01,roulette,singlepoint,scramble,10,15.17647058823529
0.3,0.01,roulette,singlepoint,swap,1,15.156862745098037
0.3,0.01,roulette,singlepoint,swap,2,13.686274509803921
0.3,0.01,roulette,singlepoint,swap,3,13.666666666666668
0.3,0.01,roulette,singlepoint,swap,4,12.098039215686274
0.3,0.01,roulette,singlepoint,swap,5,14.88235294117647
0.3,0.01,roulette,singlepoint,swap,6,13.745098039215685
0.3,0.01,roulette,singlepoint,swap,7,13.666666666666666
0.3,0.01,roulette,singlepoint,swap,8,13.80392156862745
0.3,0.01,roulette,singlepoint,swap,9,13.549019607843135
0.3,0.01,roulette,singlepoint,swap,10,12.647058823529411
0.3,0.01,roulette,singlepoint,frequency,1,12.509803921568624
0.3,0.01,roulette,singlepoint,frequency,2,12.313725490196077
0.3,0.01,roulette,singlepoint,frequency,3,12.941176470588237
0.3,0.01,roulette,singlepoint,frequency,4,13.254901960784313
0.3,0.01,roulette,singlepoint,frequency,5,11.03921568627451
0.3,0.01,roulette,singlepoint,frequency,6,13.64705882352941
0.3,0.01,roulette,singlepoint,frequency,7,12.07843137254902
0.3,0.01,roulette,singlepoint,frequency,8,10.921568627450977
0.3,0.01,roulette,singlepoint,frequency,9,11.156862745098039
0.3,0.01,roulette,singlepoint,frequency,10,11.156862745098039
0.3,0.01,roulette,twopoint,uniform,1,9.803921568627448
0.3,0.01,roulette,twopoint,uniform,2,12.33333333333333
0.3,0.01,roulette,twopoint,uniform,3,13.07843137254902
0.3,0.01,roulette,twopoint,uniform,4,14.215686274509803
0.3,0.01,roulette,twopoint,uniform,5,13.117647058823529
0.3,0.01,roulette,twopoint,uniform,6,12.019607843137253
0.3,0.01,roulette,twopoint,uniform,7,11.156862745098039
0.3,0.01,roulette,twopoint,uniform,8,10.235294117647058
0.3,0.01,roulette,twopoint,uniform,9,12.470588235294118
0.3,0.01,roulette,twopoint,uniform,10,10.156862745098037
0.3,0.01,roulette,twopoint,block,1,14.392156862745097
0.3,0.01,roulette,twopoint,block,2,16.254901960784316
0.3,0.01,roulette,twopoint,block,3,14.196078431372547
0.3,0.01,roulette,twopoint,block,4,11.666666666666666
0.3,0.01,roulette,twopoint,block,5,13.549019607843137
0.3,0.01,roulette,twopoint,block,6,14.921568627450982
0.3,0.01,roulette,twopoint,block,7,14.76470588235294
0.3,0.01,roulette,twopoint,block,8,13.019607843137255
0.3,0.01,roulette,twopoint,block,9,12.392156862745097
0.3,0.01,roulette,twopoint,block,10,12.84313725490196
0.3,0.01,roulette,twopoint,scramble,1,14.862745098039213
0.3,0.01,roulette,twopoint,scramble,2,11.176470588235293
0.3,0.01,roulette,twopoint,scramble,3,12.921568627450979
0.3,0.01,roulette,twopoint,scramble,4,14.52941176470588
0.3,0.01,roulette,twopoint,scramble,5,14.999999999999998
0.3,0.01,roulette,twopoint,scramble,6,15.56862745098039
0.3,0.01,roulette,twopoint,scramble,7,14.431372549019606
0.3,0.01,roulette,twopoint,scramble,8,16.549019607843135
0.3,0.01,roulette,twopoint,scramble,9,13.372549019607842
0.3,0.01,roulette,twopoint,scramble,10,10.76470588235294
0.3,0.01,roulette,twopoint,swap,1,13.196078431372548
0.3,0.01,roulette,twopoint,swap,2,13.568627450980392
0.3,0.01,roulette,twopoint,swap,3,11.313725490196076
0.3,0.01,roulette,twopoint,swap,4,11.117647058823529
0.3,0.01,roulette,twopoint,swap,5,12.372549019607842
0.3,0.01,roulette,twopoint,swap,6,14.784313725490195
0.3,0.01,roulette,twopoint,swap,7,14.058823529411761
0.3,0.01,roulette,twopoint,swap,8,13.294117647058824
0.3,0.01,roulette,twopoint,swap,9,14.431372549019606
0.3,0.01,roulette,twopoint,swap,10,13.019607843137257
0.3,0.01,roulette,twopoint,frequency,1,14.333333333333332
0.3,0.01,roulette,twopoint,frequency,2,13.07843137254902
0.3,0.01,roulette,twopoint,frequency,3,10.999999999999998
0.3,0.01,roulette,twopoint,frequency,4,14.07843137254902
0.3,0.01,roulette,twopoint,frequency,5,12.803921568627452
0.3,0.01,roulette,twopoint,frequency,6,12.411764705882353
0.3,0.01,roulette,twopoint,frequency,7,12.999999999999998
0.3,0.01,roulette,twopoint,frequency,8,9.784313725490195
0.3,0.01,roulette,twopoint,frequency,9,12.450980392156863
0.3,0.01,roulette,twopoint,frequency,10,12.647058823529413
0.3,0.01,tournament,scattered,uniform,1,9.901960784313724
0.3,0.01,tournament,scattered,uniform,2,11.058823529411766
0.3,0.01,tournament,scattered,uniform,3,10.941176470588234
0.3,0.01,tournament,scattered,uniform,4,10.999999999999998
0.3,0.01,tournament,scattered,uniform,5,10.313725490196079
0.3,0.01,tournament,scattered,uniform,6,10.03921568627451
0.3,0.01,tournament,scattered,uniform,7,9.980392156862749
0.3,0.01,tournament,scattered,uniform,8,10.862745098039214
0.3,0.01,tournament,scattered,uniform,9,9.745098039215687
0.3,0.01,tournament,scattered,uniform,10,9.294117647058824
0.3,0.01,tournament,scattered,block,1,10.862745098039216
0.3,0.01,tournament,scattered,block,2,9.901960784313726
0.3,0.01,tournament,scattered,block,3,11.058823529411763
0.3,0.01,tournament,scattered,block,4,11.686274509803921
0.3,0.01,tournament,scattered,block,5,10.117647058823529
0.3,0.01,tournament,scattered,block,6,10.941176470588236
0.3,0.01,tournament,scattered,block,7,10.450980392156863
0.3,0.01,tournament,scattered,block,8,10.058823529411764
0.3,0.01,tournament,scattered,block,9,12.156862745098037
0.3,0.01,tournament,scattered,block,10,11.392156862745097
0.3,0.01,tournament,scattered,scramble,1,10.235294117647058
0.3,0.01,tournament,scattered,scramble,2,12.137254901960782
0.3,0.01,tournament,scattered,scramble,3,12.294117647058826
0.3,0.01,tournament,scattered,scramble,4,10.235294117647058
0.3,0.01,tournament,scattered,scramble,5,12.07843137254902
0.3,0.01,tournament,scattered,scramble,6,11.33333333333333
0.3,0.01,tournament,scattered,scramble,7,10.07843137254902
0.3,0.01,tournament,scattered,scramble,8,10.941176470588236
0.3,0.01,tournament,scattered,scramble,9,12.215686274509803
0.3,0.01,tournament,scattered,scramble,10,11.039215686274508
0.3,0.01,tournament,scattered,swap,1,11.588235294117645
0.3,0.01,tournament,scattered,swap,2,12.431372549019608
0.3,0.01,tournament,scattered,swap,3,10.784313725490195
0.3,0.01,tournament,scattered,swap,4,10.117647058823529
0.3,0.01,tournament,scattered,swap,5,11.058823529411764
0.3,0.01,tournament,scattered,swap,6,11.392156862745097
0.3,0.01,tournament,scattered,swap,7,12.627450980392156
0.3,0.01,tournament,scattered,swap,8,11.0
0.3,0.01,tournament,scattered,swap,9,10.450980392156863
0.3,0.01,tournament,scattered,swap,10,9.76470588235294
0.3,0.01,tournament,scattered,frequency,1,9.333333333333332
0.3,0.01,tournament,scattered,frequency,2,9.705882352941176
0.3,0.01,tournament,scattered,frequency,3,9.901960784313724
0.3,0.01,tournament,scattered,frequency,4,9.254901960784313
0.3,0.01,tournament,scattered,frequency,5,11.176470588235295
0.3,0.01,tournament,scattered,frequency,6,9.254901960784313
0.3,0.01,tournament,scattered,frequency,7,10.666666666666668
0.3,0.01,tournament,scattered,frequency,8,10.15686274509804
0.3,0.01,tournament,scattered,frequency,9,9.960784313725489
0.3,0.01,tournament,scattered,frequency,10,9.254901960784313
0.3,0.01,tournament,singlepoint,uniform,1,12.549019607843135
0.3,0.01,tournament,singlepoint,uniform,2,10.372549019607842
0.3,0.01,tournament,singlepoint,uniform,3,9.745098039215685
0.3,0.01,tournament,singlepoint,uniform,4,10.784313725490195
0.3,0.01,tournament,singlepoint,uniform,5,11.529411764705882
0.3,0.01,tournament,singlepoint,uniform,6,12.254901960784313
0.3,0.01,tournament,singlepoint,uniform,7,11.843137254901958
0.3,0.01,tournament,singlepoint,uniform,8,11.882352941176471
0.3,0.01,tournament,singlepoint,uniform,9,11.803921568627452
0.3,0.01,tournament,singlepoint,uniform,10,9.294117647058822
0.3,0.01,tournament,singlepoint,block,1,11.333333333333332
0.3,0.01,tournament,singlepoint,block,2,14.019607843137255
0.3,0.01,tournament,singlepoint,block,3,13.274509803921568
0.3,0.01,tournament,singlepoint,block,4,13.333333333333336
0.3,0.01,tournament,singlepoint,block,5,12.15686274509804
0.3,0.01,tournament,singlepoint,block,6,10.960784313725489
0.3,0.01,tournament,singlepoint,block,7,13.901960784313726
0.3,0.01,tournament,singlepoint,block,8,12.313725490196079
0.3,0.01,tournament,singlepoint,block,9,11.333333333333332
0.3,0.01,tournament,singlepoint,block,10,12.313725490196077
0.3,0.01,tournament,singlepoint,scramble,1,13.88235294117647
0.3,0.01,tournament,singlepoint,scramble,2,11.411764705882353
0.3,0.01,tournament,singlepoint,scramble,3,15.254901960784313
0.3,0.01,tournament,singlepoint,scramble,4,12.84313725490196
0.3,0.01,tournament,singlepoint,scramble,5,13.647058823529411
0.3,0.01,tournament,singlepoint,scramble,6,12.980392156862745
0.3,0.01,tournament,singlepoint,scramble,7,12.764705882352942
0.3,0.01,tournament,singlepoint,scramble,8,13.117647058823529
0.3,0.01,tournament,singlepoint,scramble,9,11.549019607843135
0.3,0.01,tournament,singlepoint,scramble,10,14.68627450980392
0.3,0.01,tournament,singlepoint,swap,1,13.156862745098039
0.3,0.01,tournament,singlepoint,swap,2,11.03921568627451
0.3,0.01,tournament,singlepoint,swap,3,13.019607843137255
0.3,0.01,tournament,singlepoint,swap,4,12.215686274509803
0.3,0.01,tournament,singlepoint,swap,5,13.313725490196079
0.3,0.01,tournament,singlepoint,swap,6,12.392156862745097
0.3,0.01,tournament,singlepoint,swap,7,11.568627450980394
0.3,0.01,tournament,singlepoint,swap,8,13.333333333333332
0.3,0.01,tournament,singlepoint,swap,9,11.27450980392157
0.3,0.01,tournament,singlepoint,swap,10,12.764705882352942
0.3,0.01,tournament,singlepoint,frequency,1,10.529411764705882
0.3,0.01,tournament,singlepoint,frequency,2,10.686274509803921
0.3,0.01,tournament,singlepoint,frequency,3,11.176470588235295
0.3,0.01,tournament,singlepoint,frequency,4,11.52941176470588
0.3,0.01,tournament,singlepoint,frequency,5,10.980392156862743
0.3,0.01,tournament,singlepoint,frequency,6,10.352941176470589
0.3,0.01,tournament,singlepoint,frequency,7,11.372549019607842
0.3,0.01,tournament,singlepoint,frequency,8,10.999999999999998
0.3,0.01,tournament,singlepoint,frequency,9,11.058823529411764
0.3,0.01,tournament,singlepoint,frequency,10,10.215686274509803
0.3,0.01,tournament,twopoint,uniform,1,11.450980392156863
0.3,0.01,tournament,twopoint,uniform,2,11.843137254901961
0.3,0.01,tournament,twopoint,uniform,3,10.607843137254902
0.3,0.01,tournament,twopoint,uniform,4,10.80392156862745
0.3,0.01,tournament,twopoint,uniform,5,9.647058823529411
0.3,0.01,tournament,twopoint,uniform,6,9.803921568627448
0.3,0.01,tournament,twopoint,uniform,7,10.19607843137255
0.3,0.01,tournament,twopoint,uniform,8,12.058823529411766
0.3,0.01,tournament,twopoint,uniform,9,11.117647058823527
0.3,0.01,tournament,twopoint,uniform,10,12.294117647058822
0.3,0.01,tournament,twopoint,block,1,12.058823529411763
0.3,0.01,tournament,twopoint,block,2,10.92156862745098
0.3,0.01,tournament,twopoint,block,3,11.705882352941176
0.3,0.01,tournament,twopoint,block,4,12.372549019607842
0.3,0.01,tournament,twopoint,block,5,11.333333333333329
0.3,0.01,tournament,twopoint,block,6,11.058823529411763
0.3,0.01,tournament,twopoint,block,7,12.137254901960784
0.3,0.01,tournament,twopoint,block,8,12.019607843137253
0.3,0.01,tournament,twopoint,block,9,10.156862745098037
0.3,0.01,tournament,twopoint,block,10,13.76470588235294
0.3,0.01,tournament,twopoint,scramble,1,11.07843137254902
0.3,0.01,tournament,twopoint,scramble,2,11.156862745098039
0.3,0.01,tournament,twopoint,scramble,3,11.098039215686274
0.3,0.01,tournament,twopoint,scramble,4,11.745098039215687
0.3,0.01,tournament,twopoint,scramble,5,13.176470588235293
0.3,0.01,tournament,twopoint,scramble,6,13.274509803921568
0.3,0.01,tournament,twopoint,scramble,7,11.705882352941174
0.3,0.01,tournament,twopoint,scramble,8,12.627450980392156
0.3,0.01,tournament,twopoint,scramble,9,11.92156862745098
0.3,0.01,tournament,twopoint,scramble,10,11.03921568627451
0.3,0.01,tournament,twopoint,swap,1,15.784313725490199
0.3,0.01,tournament,twopoint,swap,2,10.882352941176471
0.3,0.01,tournament,twopoint,swap,3,11.431372549019606
0.3,0.01,tournament,twopoint,swap,4,11.019607843137255
0.3,0.01,tournament,twopoint,swap,5,11.0
0.3,0.01,tournament,twopoint,swap,6,11.176470588235293
0.3,0.01,tournament,twopoint,swap,7,11.96078431372549
0.3,0.01,tournament,twopoint,swap,8,11.137254901960786
0.3,0.01,tournament,twopoint,swap,9,12.80392156862745
0.3,0.01,tournament,twopoint,swap,10,10.862745098039214
0.3,0.01,tournament,twopoint,frequency,1,9.294117647058824
0.3,0.01,tournament,twopoint,frequency,2,11.568627450980392
0.3,0.01,tournament,twopoint,frequency,3,11.588235294117649
0.3,0.01,tournament,twopoint,frequency,4,10.92156862745098
0.3,0.01,tournament,twopoint,frequency,5,10.80392156862745
0.3,0.01,tournament,twopoint,frequency,6,10.215686274509803
0.3,0.01,tournament,twopoint,frequency,7,11.862745098039216
0.3,0.01,tournament,twopoint,frequency,8,11.07843137254902
0.3,0.01,tournament,twopoint,frequency,9,10.647058823529413
0.3,0.01,tournament,twopoint,frequency,10,10.823529411764707
0.3,0.02,stochunif,scattered,uniform,1,11.450980392156865
0.3,0.02,stochunif,scattered,uniform,2,12.176470588235293
0.3,0.02,stochunif,scattered,uniform,3,10.784313725490195
0.3,0.02,stochunif,scattered,uniform,4,10.784313725490195
0.3,0.02,stochunif,scattered,uniform,5,10.882352941176471
0.3,0.02,stochunif,scattered,uniform,6,11.549019607843139
0.3,0.02,stochunif,scattered,uniform,7,9.88235294117647
0.3,0.02,stochunif,scattered,uniform,8,12.372549019607842
0.3,0.02,stochunif,scattered,uniform,9,11.254901960784316
0.3,0.02,stochunif,scattered,uniform,10,12.803921568627452
0.3,0.02,stochunif,scattered,block,1,11.607843137254903
0.3,0.02,stochunif,scattered,block,2,12.333333333333334
0.3,0.02,stochunif,scattered,block,3,14.509803921568627
0.3,0.02,stochunif,scattered,block,4,13.490196078431369
0.3,0.02,stochunif,scattered,block,5,13.176470588235292
0.3,0.02,stochunif,scattered,block,6,10.450980392156863
0.3,0.02,stochunif,scattered,block,7,12.980392156862747
0.3,0.02,stochunif,scattered,block,8,13.313725490196077
0.3,0.02,stochunif,scattered,block,9,13.980392156862747
0.3,0.02,stochunif,scattered,block,10,12.098039215686276
0.3,0.02,stochunif,scattered,scramble,1,12.176470588235293
0.3,0.02,stochunif,scattered,scramble,2,12.117647058823529
0.3,0.02,stochunif,scattered,scramble,3,11.333333333333332
0.3,0.02,stochunif,scattered,scramble,4,13.941176470588236
0.3,0.02,stochunif,scattered,scramble,5,14.15686274509804
0.3,0.02,stochunif,scattered,scramble,6,13.686274509803921
0.3,0.02,stochunif,scattered,scramble,7,11.117647058823529
0.3,0.02,stochunif,scattered,scramble,8,12.37254901960784
0.3,0.02,stochunif,scattered,scramble,9,12.784313725490193
0.3,0.02,stochunif,scattered,scramble,10,14.705882352941176
0.3,0.02,stochunif,scattered,swap,1,12.313725490196077
0.3,0.02,stochunif,scattered,swap,2,14.098039215686274
0.3,0.02,stochunif,scattered,swap,3,10.745098039215685
0.3,0.02,stochunif,scattered,swap,4,12.392156862745098
0.3,0.02,stochunif,scattered,swap,5,11.764705882352942
0.3,0.02,stochunif,scattered,swap,6,11.627450980392156
0.3,0.02,stochunif,scattered,swap,7,11.764705882352942
0.3,0.02,stochunif,scattered,swap,8,13.392156862745097
0.3,0.02,stochunif,scattered,swap,9,12.431372549019608
0.3,0.02,stochunif,scattered,swap,10,12.568627450980394
0.3,0.02,stochunif,scattered,frequency,1,12.470588235294118
0.3,0.02,stochunif,scattered,frequency,2,9.372549019607842
0.3,0.02,stochunif,scattered,frequency,3,9.823529411764707
0.3,0.02,stochunif,scattered,frequency,4,9.49019607843137
0.3,0.02,stochunif,scattered,frequency,5,10.882352941176471
0.3,0.02,stochunif,scattered,frequency,6,11.274509803921568
0.3,0.02,stochunif,scattered,frequency,7,10.450980392156861
0.3,0.02,stochunif,scattered,frequency,8,11.294117647058824
0.3,0.02,stochunif,scattered,frequency,9,11.372549019607844
0.3,0.02,stochunif,scattered,frequency,10,10.901960784313728
0.3,0.02,stochunif,singlepoint,uniform,1,11.254901960784313
0.3,0.02,stochunif,singlepoint,uniform,2,10.352941176470589
0.3,0.02,stochunif,singlepoint,uniform,3,12.0
0.3,0.02,stochunif,singlepoint,uniform,4,10.215686274509803
0.3,0.02,stochunif,singlepoint,uniform,5,10.901960784313722
0.3,0.02,stochunif,singlepoint,uniform,6,10.470588235294118
0.3,0.02,stochunif,singlepoint,uniform,7,12.372549019607842
0.3,0.02,stochunif,singlepoint,uniform,8,10.980392156862747
0.3,0.02,stochunif,singlepoint,uniform,9,10.117647058823529
0.3,0.02,stochunif,singlepoint,uniform,10,12.254901960784315
0.3,0.02,stochunif,singlepoint,block,1,14.705882352941176
0.3,0.02,stochunif,singlepoint,block,2,12.196078431372548
0.3,0.02,stochunif,singlepoint,block,3,12.137254901960784
0.3,0.02,stochunif,singlepoint,block,4,14.156862745098042
0.3,0.02,stochunif,singlepoint,block,5,13.431372549019606
0.3,0.02,stochunif,singlepoint,block,6,12.72549019607843
0.3,0.02,stochunif,singlepoint,block,7,11.999999999999998
0.3,0.02,stochunif,singlepoint,block,8,14.627450980392156
0.3,0.02,stochunif,singlepoint,block,9,14.431372549019606
0.3,0.02,stochunif,singlepoint,block,10,15.529411764705882
0.3,0.02,stochunif,singlepoint,scramble,1,13.196078431372547
0.3,0.02,stochunif,singlepoint,scramble,2,12.470588235294116
0.3,0.02,stochunif,singlepoint,scramble,3,14.450980392156863
0.3,0.02,stochunif,singlepoint,scramble,4,14.254901960784315
0.3,0.02,stochunif,singlepoint,scramble,5,13.215686274509801
0.3,0.02,stochunif,singlepoint,scramble,6,14.431372549019608
0.3,0.02,stochunif,singlepoint,scramble,7,13.686274509803921
0.3,0.02,stochunif,singlepoint,scramble,8,11.960784313725489
0.3,0.02,stochunif,singlepoint,scramble,9,12.72549019607843
0.3,0.02,stochunif,singlepoint,scramble,10,14.68627450980392
0.3,0.02,stochunif,singlepoint,swap,1,13.03921568627451
0.3,0.02,stochunif,singlepoint,swap,2,13.686274509803921
0.3,0.02,stochunif,singlepoint,swap,3,13.980392156862747
0.3,0.02,stochunif,singlepoint,swap,4,14.862745098039214
0.3,0.02,stochunif,singlepoint,swap,5,11.999999999999998
0.3,0.02,stochunif,singlepoint,swap,6,14.588235294117645
0.3,0.02,stochunif,singlepoint,swap,7,15.117647058823529
0.3,0.02,stochunif,singlepoint,swap,8,15.254901960784313
0.3,0.02,stochunif,singlepoint,swap,9,12.52941176470588
0.3,0.02,stochunif,singlepoint,swap,10,15.117647058823529
0.3,0.02,stochunif,singlepoint,frequency,1,10.999999999999998
0.3,0.02,stochunif,singlepoint,frequency,2,9.294117647058824
0.3,0.02,stochunif,singlepoint,frequency,3,13.176470588235293
0.3,0.02,stochunif,singlepoint,frequency,4,9.784313725490195
0.3,0.02,stochunif,singlepoint,frequency,5,11.039215686274508
0.3,0.02,stochunif,singlepoint,frequency,6,10.019607843137253
0.3,0.02,stochunif,singlepoint,frequency,7,10.313725490196076
0.3,0.02,stochunif,singlepoint,frequency,8,10.666666666666668
0.3,0.02,stochunif,singlepoint,frequency,9,9.784313725490195
0.3,0.02,stochunif,singlepoint,frequency,10,13.117647058823529
0.3,0.02,stochunif,twopoint,uniform,1,10.980392156862745
0.3,0.02,stochunif,twopoint,uniform,2,10.313725490196077
0.3,0.02,stochunif,twopoint,uniform,3,11.588235294117647
0.3,0.02,stochunif,twopoint,uniform,4,11.960784313725489
0.3,0.02,stochunif,twopoint,uniform,5,10.529411764705882
0.3,0.02,stochunif,twopoint,uniform,6,10.882352941176471
0.3,0.02,stochunif,twopoint,uniform,7,12.568627450980392
0.3,0.02,stochunif,twopoint,uniform,8,12.588235294117647
0.3,0.02,stochunif,twopoint,uniform,9,11.07843137254902
0.3,0.02,stochunif,twopoint,uniform,10,10.215686274509803
0.3,0.02,stochunif,twopoint,block,1,12.372549019607842
0.3,0.02,stochunif,twopoint,block,2,12.313725490196079
0.3,0.02,stochunif,twopoint,block,3,13.470588235294116
0.3,0.02,stochunif,twopoint,block,4,11.882352941176467
0.3,0.02,stochunif,twopoint,block,5,14.15686274509804
0.3,0.02,stochunif,twopoint,block,6,11.19607843137255
0.3,0.02,stochunif,twopoint,block,7,12.19607843137255
0.3,0.02,stochunif,twopoint,block,8,11.666666666666666
0.3,0.02,stochunif,twopoint,block,9,12.019607843137251
0.3,0.02,stochunif,twopoint,block,10,12.980392156862745
0.3,0.02,stochunif,twopoint,scramble,1,13.784313725490195
0.3,0.02,stochunif,twopoint,scramble,2,13.333333333333332
0.3,0.02,stochunif,twopoint,scramble,3,13.588235294117643
0.3,0.02,stochunif,twopoint,scramble,4,10.941176470588236
0.3,0.02,stochunif,twopoint,scramble,5,13.647058823529411
0.3,0.02,stochunif,twopoint,scramble,6,12.647058823529411
0.3,0.02,stochunif,twopoint,scramble,7,10.92156862745098
0.3,0.02,stochunif,twopoint,scramble,8,11.176470588235292
0.3,0.02,stochunif,twopoint,scramble,9,15.196078431372548
0.3,0.02,stochunif,twopoint,scramble,10,12.84313725490196
0.3,0.02,stochunif,twopoint,swap,1,13.372549019607845
0.3,0.02,stochunif,twopoint,swap,2,13.117647058823529
0.3,0.02,stochunif,twopoint,swap,3,15.72549019607843
0.3,0.02,stochunif,twopoint,swap,4,14.509803921568627
0.3,0.02,stochunif,twopoint,swap,5,14.352941176470587
0.3,0.02,stochunif,twopoint,swap,6,11.058823529411766
0.3,0.02,stochunif,twopoint,swap,7,14.137254901960786
0.3,0.02,stochunif,twopoint,swap,8,12.705882352941176
0.3,0.02,stochunif,twopoint,swap,9,12.313725490196077
0.3,0.02,stochunif,twopoint,swap,10,14.117647058823529
0.3,0.02,stochunif,twopoint,frequency,1,11.254901960784313
0.3,0.02,stochunif,twopoint,frequency,2,10.705882352941174
0.3,0.02,stochunif,twopoint,frequency,3,11.607843137254903
0.3,0.02,stochunif,twopoint,frequency,4,11.137254901960784
0.3,0.02,stochunif,twopoint,frequency,5,11.333333333333332
0.3,0.02,stochunif,twopoint,frequency,6,11.960784313725487
0.3,0.02,stochunif,twopoint,frequency,7,10.666666666666668
0.3,0.02,stochunif,twopoint,frequency,8,11.392156862745097
0.3,0.02,stochunif,twopoint,frequency,9,12.058823529411763
0.3,0.02,stochunif,twopoint,frequency,10,9.294117647058822
0.3,0.02,roulette,scattered,uniform,1,10.588235294117647
0.3,0.02,roulette,scattered,uniform,2,9.80392156862745
0.3,0.02,roulette,scattered,uniform,3,11.686274509803921
0.3,0.02,roulette,scattered,uniform,4,11.568627450980392
0.3,0.02,roulette,scattered,uniform,5,10.941176470588236
0.3,0.02,roulette,scattered,uniform,6,10.215686274509803
0.3,0.02,roulette,scattered,uniform,7,12.235294117647058
0.3,0.02,roulette,scattered,uniform,8,11.03921568627451
0.3,0.02,roulette,scattered,uniform,9,10.901960784313726
0.3,0.02,roulette,scattered,uniform,10,10.56862745098039
0.3,0.02,roulette,scattered,block,1,13.745098039215685
0.3,0.02,roulette,scattered,block,2,11.745098039215685
0.3,0.02,roulette,scattered,block,3,12.509803921568626
0.3,0.02,roulette,scattered,block,4,13.666666666666664
0.3,0.02,roulette,scattered,block,5,14.254901960784315
0.3,0.02,roulette,scattered,block,6,13.176470588235293
0.3,0.02,roulette,scattered,block,7,12.92156862745098
0.3,0.02,roulette,scattered,block,8,12.392156862745098
0.3,0.02,roulette,scattered,block,9,13.254901960784315
0.3,0.02,roulette,scattered,block,10,10.686274509803921
0.3,0.02,roulette,scattered,scramble,1,12.980392156862745
0.3,0.02,roulette,scattered,scramble,2,11.274509803921568
0.3,0.02,roulette,scattered,scramble,3,10.294117647058822
0.3,0.02,roulette,scattered,scramble,4,15.431372549019606
0.3,0.02,roulette,scattered,scramble,5,11.803921568627448
0.3,0.02,roulette,scattered,scramble,6,13.372549019607842
0.3,0.02,roulette,scattered,scramble,7,12.313725490196077
0.3,0.02,roulette,scattered,scramble,8,13.372549019607842
0.3,0.02,roulette,scattered,scramble,9,10.52941176470588
0.3,0.02,roulette,scattered,scramble,10,13.372549019607844
0.3,0.02,roulette,scattered,swap,1,10.92156862745098
0.3,0.02,roulette,scattered,swap,2,11.901960784313724
0.3,0.02,roulette,scattered,swap,3,11.76470588235294
0.3,0.02,roulette,scattered,swap,4,12.392156862745097
0.3,0.02,roulette,scattered,swap,5,12.450980392156863
0.3,0.02,roulette,scattered,swap,6,12.862745098039214
0.3,0.02,roulette,scattered,swap,7,11.137254901960786
0.3,0.02,roulette,scattered,swap,8,12.000000000000002
0.3,0.02,roulette,scattered,swap,9,14.745098039215684
0.3,0.02,roulette,scattered,swap,10,12.235294117647058
0.3,0.02,roulette,scattered,frequency,1,10.352941176470589
0.3,0.02,roulette,scattered,frequency,2,11.235294117647058
0.3,0.02,roulette,scattered,frequency,3,11.019607843137255
0.3,0.02,roulette,scattered,frequency,4,11.901960784313724
0.3,0.02,roulette,scattered,frequency,5,9.901960784313724
0.3,0.02,roulette,scattered,frequency,6,11.333333333333332
0.3,0.02,roulette,scattered,frequency,7,10.431372549019608
0.3,0.02,roulette,scattered,frequency,8,9.941176470588234
0.3,0.02,roulette,scattered,frequency,9,10.235294117647056
0.3,0.02,roulette,scattered,frequency,10,10.68627450980392
0.3,0.02,roulette,singlepoint,uniform,1,14.07843137254902
0.3,0.02,roulette,singlepoint,uniform,2,12.019607843137255
0.3,0.02,roulette,singlepoint,uniform,3,10.509803921568627
0.3,0.02,roulette,singlepoint,uniform,4,11.568627450980394
0.3,0.02,roulette,singlepoint,uniform,5,11.176470588235292
0.3,0.02,roulette,singlepoint,uniform,6,11.235294117647058
0.3,0.02,roulette,singlepoint,uniform,7,12.313725490196079
0.3,0.02,roulette,singlepoint,uniform,8,10.76470588235294
0.3,0.02,roulette,singlepoint,uniform,9,11.901960784313724
0.3,0.02,roulette,singlepoint,uniform,10,12.450980392156863
0.3,0.02,roulette,singlepoint,block,1,14.666666666666668
0.3,0.02,roulette,singlepoint,block,2,12.980392156862745
0.3,0.02,roulette,singlepoint,block,3,17.039215686274506
0.3,0.02,roulette,singlepoint,block,4,13.058823529411764
0.3,0.02,roulette,singlepoint,block,5,14.47058823529412
0.3,0.02,roulette,singlepoint,block,6,15.31372549019608
0.3,0.02,roulette,singlepoint,block,7,14.019607843137255
0.3,0.02,roulette,singlepoint,block,8,15.68627450980392
0.3,0.02,roulette,singlepoint,block,9,11.980392156862745
0.3,0.02,roulette,singlepoint,block,10,11.039215686274508
0.3,0.02,roulette,singlepoint,scramble,1,13.235294117647058
0.3,0.02,roulette,singlepoint,scramble,2,12.882352941176471
0.3,0.02,roulette,singlepoint,scramble,3,15.058823529411764
0.3,0.02,roulette,singlepoint,scramble,4,15.843137254901956
0.3,0.02,roulette,singlepoint,scramble,5,14.568627450980392
0.3,0.02,roulette,singlepoint,scramble,6,12.549019607843137
0.3,0.02,roulette,singlepoint,scramble,7,13.882352941176471
0.3,0.02,roulette,singlepoint,scramble,8,13.901960784313726
0.3,0.02,roulette,singlepoint,scramble,9,15.0
0.3,0.02,roulette,singlepoint,scramble,10,16.509803921568626
0.3,0.02,roulette,singlepoint,swap,1,16.431372549019606
0.3,0.02,roulette,singlepoint,swap,2,13.823529411764705
0.3,0.02,roulette,singlepoint,swap,3,12.372549019607842
0.3,0.02,roulette,singlepoint,swap,4,14.803921568627448
0.3,0.02,roulette,singlepoint,swap,5,13.176470588235295
0.3,0.02,roulette,singlepoint,swap,6,11.529411764705882
0.3,0.02,roulette,singlepoint,swap,7,16.019607843137255
0.3,0.02,roulette,singlepoint,swap,8,16.941176470588236
0.3,0.02,roulette,singlepoint,swap,9,10.823529411764707
0.3,0.02,roulette,singlepoint,swap,10,13.529411764705882
0.3,0.02,roulette,singlepoint,frequency,1,11.72549019607843
0.3,0.02,roulette,singlepoint,frequency,2,13.274509803921566
0.3,0.02,roulette,singlepoint,frequency,3,12.588235294117647
0.3,0.02,roulette,singlepoint,frequency,4,10.49019607843137
0.3,0.02,roulette,singlepoint,frequency,5,12.392156862745098
0.3,0.02,roulette,singlepoint,frequency,6,10.68627450980392
0.3,0.02,roulette,singlepoint,frequency,7,11.019607843137253
0.3,0.02,roulette,singlepoint,frequency,8,12.117647058823529
0.3,0.02,roulette,singlepoint,frequency,9,12.137254901960784
0.3,0.02,roulette,singlepoint,frequency,10,13.058823529411766
0.3,0.02,roulette,twopoint,uniform,1,11.117647058823529
0.3,0.02,roulette,twopoint,uniform,2,10.411764705882351
0.3,0.02,roulette,twopoint,uniform,3,11.215686274509805
0.3,0.02,roulette,twopoint,uniform,4,10.705882352941176
0.3,0.02,roulette,twopoint,uniform,5,10.176470588235293
0.3,0.02,roulette,twopoint,uniform,6,14.705882352941174
0.3,0.02,roulette,twopoint,uniform,7,11.392156862745097
0.3,0.02,roulette,twopoint,uniform,8,13.352941176470589
0.3,0.02,roulette,twopoint,uniform,9,10.84313725490196
0.3,0.02,roulette,twopoint,uniform,10,11.549019607843135
0.3,0.02,roulette,twopoint,block,1,12.254901960784313
0.3,0.02,roulette,twopoint,block,2,12.627450980392156
0.3,0.02,roulette,twopoint,block,3,14.392156862745097
0.3,0.02,roulette,twopoint,block,4,12.49019607843137
0.3,0.02,roulette,twopoint,block,5,10.941176470588236
0.3,0.02,roulette,twopoint,block,6,13.196078431372548
0.3,0.02,roulette,twopoint,block,7,13.823529411764708
0.3,0.02,roulette,twopoint,block,8,13.411764705882353
0.3,0.02,roulette,twopoint,block,9,15.529411764705882
0.3,0.02,roulette,twopoint,block,10,15.019607843137251
0.3,0.02,roulette,twopoint,scramble,1,16.137254901960787
0.3,0.02,roulette,twopoint,scramble,2,15.019607843137253
0.3,0.02,roulette,twopoint,scramble,3,12.37254901960784
0.3,0.02,roulette,twopoint,scramble,4,15.901960784313724
0.3,0.02,roulette,twopoint,scramble,5,11.588235294117647
0.3,0.02,roulette,twopoint,scramble,6,11.49019607843137
0.3,0.02,roulette,twopoint,scramble,7,13.098039215686274
0.3,0.02,roulette,twopoint,scramble,8,12.764705882352942
0.3,0.02,roulette,twopoint,scramble,9,15.254901960784313
0.3,0.02,roulette,twopoint,scramble,10,12.549019607843135
0.3,0.02,roulette,twopoint,swap,1,14.941176470588234
0.3,0.02,roulette,twopoint,swap,2,12.588235294117645
0.3,0.02,roulette,twopoint,swap,3,13.627450980392156
0.3,0.02,roulette,twopoint,swap,4,13.64705882352941
0.3,0.02,roulette,twopoint,swap,5,13.76470588235294
0.3,0.02,roulette,twopoint,swap,6,13.470588235294118
0.3,0.02,roulette,twopoint,swap,7,15.13725490196078
0.3,0.02,roulette,twopoint,swap,8,15.07843137254902
0.3,0.02,roulette,twopoint,swap,9,11.117647058823529
0.3,0.02,roulette,twopoint,swap,10,13.313725490196077
0.3,0.02,roulette,twopoint,frequency,1,10.137254901960786
0.3,0.02,roulette,twopoint,frequency,2,11.588235294117645
0.3,0.02,roulette,twopoint,frequency,3,12.745098039215685
0.3,0.02,roulette,twopoint,frequency,4,12.607843137254903
0.3,0.02,roulette,twopoint,frequency,5,11.745098039215684
0.3,0.02,roulette,twopoint,frequency,6,11.470588235294116
0.3,0.02,roulette,twopoint,frequency,7,12.294117647058824
0.3,0.02,roulette,twopoint,frequency,8,11.294117647058826
0.3,0.02,roulette,twopoint,frequency,9,12.80392156862745
0.3,0.02,roulette,twopoint,frequency,10,12.980392156862747
0.3,0.02,tournament,scattered,uniform,1,9.960784313725489
0.3,0.02,tournament,scattered,uniform,2,9.254901960784313
0.3,0.02,tournament,scattered,uniform,3,9.92156862745098
0.3,0.02,tournament,scattered,uniform,4,9.294117647058822
0.3,0.02,tournament,scattered,uniform,5,9.254901960784313
0.3,0.02,tournament,scattered,uniform,6,11.294117647058824
0.3,0.02,tournament,scattered,uniform,7,9.509803921568627
0.3,0.02,tournament,scattered,uniform,8,9.901960784313724
0.3,0.02,tournament,scattered,uniform,9,10.56862745098039
0.3,0.02,tournament,scattered,uniform,10,9.72549019607843
0.3,0.02,tournament,scattered,block,1,10.058823529411764
0.3,0.02,tournament,scattered,block,2,10.588235294117645
0.3,0.02,tournament,scattered,block,3,11.098039215686274
0.3,0.02,tournament,scattered,block,4,10.568627450980392
0.3,0.02,tournament,scattered,block,5,10.509803921568627
0.3,0.02,tournament,scattered,block,6,10.960784313725489
0.3,0.02,tournament,scattered,block,7,10.80392156862745
0.3,0.02,tournament,scattered,block,8,9.509803921568627
0.3,0.02,tournament,scattered,block,9,10.6078431372549
0.3,0.02,tournament,scattered,block,10,12.156862745098039
0.3,0.02,tournament,scattered,scramble,1,9.294117647058824
0.3,0.02,tournament,scattered,scramble,2,10.294117647058826
0.3,0.02,tournament,scattered,scramble,3,10.666666666666666
0.3,0.02,tournament,scattered,scramble,4,10.019607843137253
0.3,0.02,tournament,scattered,scramble,5,11.431372549019606
0.3,0.02,tournament,scattered,scramble,6,11.254901960784311
0.3,0.02,tournament,scattered,scramble,7,12.980392156862747
0.3,0.02,tournament,scattered,scramble,8,12.137254901960784
0.3,0.02,tournament,scattered,scramble,9,12.176470588235293
0.3,0.02,tournament,scattered,scramble,10,11.450980392156865
0.3,0.02,tournament,scattered,swap,1,10.568627450980392
0.3,0.02,tournament,scattered,swap,2,9.823529411764705
0.3,0.02,tournament,scattered,swap,3,11.784313725490197
0.3,0.02,tournament,scattered,swap,4,11.058823529411764
0.3,0.02,tournament,scattered,swap,5,10.156862745098039
0.3,0.02,tournament,scattered,swap,6,11.196078431372548
0.3,0.02,tournament,scattered,swap,7,10.254901960784313
0.3,0.02,tournament,scattered,swap,8,10.352941176470589
0.3,0.02,tournament,scattered,swap,9,9.294117647058824
0.3,0.02,tournament,scattered,swap,10,11.098039215686274
0.3,0.02,tournament,scattered,frequency,1,9.294117647058822
0.3,0.02,tournament,scattered,frequency,2,9.294117647058822
0.3,0.02,tournament,scattered,frequency,3,9.294117647058822
0.3,0.02,tournament,scattered,frequency,4,10.235294117647058
0.3,0.02,tournament,scattered,frequency,5,9.333333333333332
0.3,0.02,tournament,scattered,frequency,6,9.294117647058822
0.3,0.02,tournament,scattered,frequency,7,10.03921568627451
0.3,0.02,tournament,scattered,frequency,8,9.64705882352941
0.3,0.02,tournament,scattered,frequency,9,9.49019607843137
0.3,0.02,tournament,scattered,frequency,10,10.058823529411764
0.3,0.02,tournament,singlepoint,uniform,1,9.784313725490195
0.3,0.02,tournament,singlepoint,uniform,2,9.941176470588236
0.3,0.02,tournament,singlepoint,uniform,3,10.549019607843137
0.3,0.02,tournament,singlepoint,uniform,4,10.68627450980392
0.3,0.02,tournament,singlepoint,uniform,5,9.254901960784313
0.3,0.02,tournament,singlepoint,uniform,6,9.509803921568627
0.3,0.02,tournament,singlepoint,uniform,7,9.960784313725489
0.3,0.02,tournament,singlepoint,uniform,8,10.607843137254903
0.3,0.02,tournament,singlepoint,uniform,9,10.999999999999998
0.3,0.02,tournament,singlepoint,uniform,10,10.235294117647058
0.3,0.02,tournament,singlepoint,block,1,12.980392156862745
0.3,0.02,tournament,singlepoint,block,2,12.76470588235294
0.3,0.02,tournament,singlepoint,block,3,11.862745098039214
0.3,0.02,tournament,singlepoint,block,4,12.470588235294118
0.3,0.02,tournament,singlepoint,block,5,11.941176470588236
0.3,0.02,tournament,singlepoint,block,6,11.784313725490193
0.3,0.02,tournament,singlepoint,block,7,11.901960784313724
0.3,0.02,tournament,singlepoint,block,8,12.450980392156861
0.3,0.02,tournament,singlepoint,block,9,10.196078431372548
0.3,0.02,tournament,singlepoint,block,10,12.058823529411764
0.3,0.02,tournament,singlepoint,scramble,1,11.666666666666668
0.3,0.02,tournament,singlepoint,scramble,2,10.117647058823529
0.3,0.02,tournament,singlepoint,scramble,3,13.098039215686274
0.3,0.02,tournament,singlepoint,scramble,4,13.27450980392157
0.3,0.02,tournament,singlepoint,scramble,5,12.215686274509801
0.3,0.02,tournament,singlepoint,scramble,6,11.784313725490197
0.3,0.02,tournament,singlepoint,scramble,7,12.411764705882353
0.3,0.02,tournament,singlepoint,scramble,8,12.098039215686274
0.3,0.02,tournament,singlepoint,scramble,9,13.882352941176471
0.3,0.02,tournament,singlepoint,scramble,10,10.862745098039214
0.3,0.02,tournament,singlepoint,swap,1,12.666666666666666
0.3,0.02,tournament,singlepoint,swap,2,11.254901960784315
0.3,0.02,tournament,singlepoint,swap,3,11.352941176470589
0.3,0.02,tournament,singlepoint,swap,4,13.941176470588232
0.3,0.02,tournament,singlepoint,swap,5,12.50980392156863
0.3,0.02,tournament,singlepoint,swap,6,11.254901960784315
0.3,0.02,tournament,singlepoint,swap,7,12.50980392156863
0.3,0.02,tournament,singlepoint,swap,8,12.666666666666668
0.3,0.02,tournament,singlepoint,swap,9,12.058823529411764
0.3,0.02,tournament,singlepoint,swap,10,12.117647058823527
0.3,0.02,tournament,singlepoint,frequency,1,10.686274509803923
0.3,0.02,tournament,singlepoint,frequency,2,10.03921568627451
0.3,0.02,tournament,singlepoint,frequency,3,10.882352941176471
0.3,0.02,tournament,singlepoint,frequency,4,10.058823529411764
0.3,0.02,tournament,singlepoint,frequency,5,10.235294117647058
0.3,0.02,tournament,singlepoint,frequency,6,12.078431372549018
0.3,0.02,tournament,singlepoint,frequency,7,10.372549019607842
0.3,0.02,tournament,singlepoint,frequency,8,9.901960784313724
0.3,0.02,tournament,singlepoint,frequency,9,10.450980392156863
0.3,0.02,tournament,singlepoint,frequency,10,9.980392156862747
0.3,0.02,tournament,twopoint,uniform,1,10.137254901960784
0.3,0.02,tournament,twopoint,uniform,2,11.745098039215684
0.3,0.02,tournament,twopoint,uniform,3,9.980392156862747
0.3,0.02,tournament,twopoint,uniform,4,9.254901960784313
0.3,0.02,tournament,twopoint,uniform,5,9.509803921568627
0.3,0.02,tournament,twopoint,uniform,6,10.627450980392156
0.3,0.02,tournament,twopoint,uniform,7,9.72549019607843
0.3,0.02,tournament,twopoint,uniform,8,11.196078431372548
0.3,0.02,tournament,twopoint,uniform,9,11.098039215686276
0.3,0.02,tournament,twopoint,uniform,10,9.941176470588236
0.3,0.02,tournament,twopoint,block,1,12.117647058823527
0.3,0.02,tournament,twopoint,block,2,10.901960784313726
0.3,0.02,tournament,twopoint,block,3,10.450980392156861
0.3,0.02,tournament,twopoint,block,4,13.35294117647059
0.3,0.02,tournament,twopoint,block,5,11.607843137254902
0.3,0.02,tournament,twopoint,block,6,13.274509803921566
0.3,0.02,tournament,twopoint,block,7,10.470588235294116
0.3,0.02,tournament,twopoint,block,8,11.901960784313724
0.3,0.02,tournament,twopoint,block,9,12.92156862745098
0.3,0.02,tournament,twopoint,block,10,10.705882352941176
0.3,0.02,tournament,twopoint,scramble,1,11.33333333333333
0.3,0.02,tournament,twopoint,scramble,2,12.352941176470587
0.3,0.02,tournament,twopoint,scramble,3,10.882352941176471
0.3,0.02,tournament,twopoint,scramble,4,13.901960784313724
0.3,0.02,tournament,twopoint,scramble,5,13.254901960784311
0.3,0.02,tournament,twopoint,scramble,6,11.11764705882353
0.3,0.02,tournament,twopoint,scramble,7,13.627450980392158
0.3,0.02,tournament,twopoint,scramble,8,11.999999999999998
0.3,0.02,tournament,twopoint,scramble,9,11.215686274509803
0.3,0.02,tournament,twopoint,scramble,10,11.941176470588234
0.3,0.02,tournament,twopoint,swap,1,11.666666666666666
0.3,0.02,tournament,twopoint,swap,2,11.705882352941174
0.3,0.02,tournament,twopoint,swap,3,10.058823529411763
0.3,0.02,tournament,twopoint,swap,4,12.137254901960784
0.3,0.02,tournament,twopoint,swap,5,10.80392156862745
0.3,0.02,tournament,twopoint,swap,6,12.0
0.3,0.02,tournament,twopoint,swap,7,13.56862745098039
0.3,0.02,tournament,twopoint,swap,8,11.64705882352941
0.3,0.02,tournament,twopoint,swap,9,11.470588235294116
0.3,0.02,tournament,twopoint,swap,10,14.117647058823529
0.3,0.02,tournament,twopoint,frequency,1,10.666666666666668
0.3,0.02,tournament,twopoint,frequency,2,9.705882352941176
0.3,0.02,tournament,twopoint,frequency,3,9.960784313725489
0.3,0.02,tournament,twopoint,frequency,4,9.64705882352941
0.3,0.02,tournament,twopoint,frequency,5,10.686274509803917
0.3,0.02,tournament,twopoint,frequency,6,11.098039215686276
0.3,0.02,tournament,twopoint,frequency,7,10.019607843137253
0.3,0.02,tournament,twopoint,frequency,8,9.941176470588234
0.3,0.02,tournament,twopoint,frequency,9,9.294117647058822
0.3,0.02,tournament,twopoint,frequency,10,9.254901960784313
0.3,0.05,stochunif,scattered,uniform,1,10.80392156862745
0.3,0.05,stochunif,scattered,uniform,2,11.235294117647058
0.3,0.05,stochunif,scattered,uniform,3,9.294117647058822
0.3,0.05,stochunif,scattered,uniform,4,10.43137254901961
0.3,0.05,stochunif,scattered,uniform,5,10.725490196078432
0.3,0.05,stochunif,scattered,uniform,6,9.254901960784313
0.3,0.05,stochunif,scattered,uniform,7,10.705882352941176
0.3,0.05,stochunif,scattered,uniform,8,9.294117647058824
0.3,0.05,stochunif,scattered,uniform,9,11.098039215686274
0.3,0.05,stochunif,scattered,uniform,10,10.313725490196077
0.3,0.05,stochunif,scattered,block,1,12.607843137254903
0.3,0.05,stochunif,scattered,block,2,11.823529411764708
0.3,0.05,stochunif,scattered,block,3,11.235294117647058
0.3,0.05,stochunif,scattered,block,4,11.68627450980392
0.3,0.05,stochunif,scattered,block,5,12.392156862745097
0.3,0.05,stochunif,scattered,block,6,14.6078431372549
0.3,0.05,stochunif,scattered,block,7,12.215686274509803
0.3,0.05,stochunif,scattered,block,8,11.117647058823527
0.3,0.05,stochunif,scattered,block,9,11.823529411764707
0.3,0.05,stochunif,scattered,block,10,12.588235294117645
0.3,0.05,stochunif,scattered,scramble,1,11.254901960784313
0.3,0.05,stochunif,scattered,scramble,2,14.078431372549018
0.3,0.05,stochunif,scattered,scramble,3,11.627450980392156
0.3,0.05,stochunif,scattered,scramble,4,12.19607843137255
0.3,0.05,stochunif,scattered,scramble,5,11.490196078431373
0.3,0.05,stochunif,scattered,scramble,6,13.137254901960786
0.3,0.05,stochunif,scattered,scramble,7,12.07843137254902
0.3,0.05,stochunif,scattered,scramble,8,12.372549019607842
0.3,0.05,stochunif,scattered,scramble,9,12.941176470588236
0.3,0.05,stochunif,scattered,scramble,10,12.411764705882353
0.3,0.05,stochunif,scattered,swap,1,11.196078431372548
0.3,0.05,stochunif,scattered,swap,2,12.705882352941174
0.3,0.05,stochunif,scattered,swap,3,11.529411764705884
0.3,0.05,stochunif,scattered,swap,4,13.686274509803923
0.3,0.05,stochunif,scattered,swap,5,13.980392156862745
0.3,0.05,stochunif,scattered,swap,6,13.098039215686274
0.3,0.05,stochunif,scattered,swap,7,12.980392156862745
0.3,0.05,stochunif,scattered,swap,8,10.07843137254902
0.3,0.05,stochunif,scattered,swap,9,10.627450980392155
0.3,0.05,stochunif,scattered,swap,10,12.411764705882351
0.3,0.05,stochunif,scattered,frequency,1,9.686274509803921
0.3,0.05,stochunif,scattered,frequency,2,10.450980392156863
0.3,0.05,stochunif,scattered,frequency,3,9.823529411764705
0.3,0.05,stochunif,scattered,frequency,4,11.803921568627452
0.3,0.05,stochunif,scattered,frequency,5,9.745098039215687
0.3,0.05,stochunif,scattered,frequency,6,9.254901960784313
0.3,0.05,stochunif,scattered,frequency,7,10.588235294117645
0.3,0.05,stochunif,scattered,frequency,8,9.254901960784313
0.3,0.05,stochunif,scattered,frequency,9,9.705882352941178
0.3,0.05,stochunif,scattered,frequency,10,9.980392156862747
0.3,0.05,stochunif,singlepoint,uniform,1,9.49019607843137
0.3,0.05,stochunif,singlepoint,uniform,2,11.666666666666668
0.3,0.05,stochunif,singlepoint,uniform,3,10.431372549019606
0.3,0.05,stochunif,singlepoint,uniform,4,11.705882352941174
0.3,0.05,stochunif,singlepoint,uniform,5,11.392156862745098
0.3,0.05,stochunif,singlepoint,uniform,6,11.15686274509804
0.3,0.05,stochunif,singlepoint,uniform,7,10.80392156862745
0.3,0.05,stochunif,singlepoint,uniform,8,11.019607843137257
0.3,0.05,stochunif,singlepoint,uniform,9,10.784313725490193
0.3,0.05,stochunif,singlepoint,uniform,10,10.176470588235293
0.3,0.05,stochunif,singlepoint,block,1,13.137254901960786
0.3,0.05,stochunif,singlepoint,block,2,15.235294117647058
0.3,0.05,stochunif,singlepoint,block,3,10.56862745098039
0.3,0.05,stochunif,singlepoint,block,4,14.215686274509803
0.3,0.05,stochunif,singlepoint,block,5,13.76470588235294
0.3,0.05,stochunif,singlepoint,block,6,14.156862745098037
0.3,0.05,stochunif,singlepoint,block,7,13.960784313725492
0.3,0.05,stochunif,singlepoint,block,8,14.019607843137253
0.3,0.05,stochunif,singlepoint,block,9,13.35294117647059
0.3,0.05,stochunif,singlepoint,block,10,14.509803921568627
0.3,0.05,stochunif,singlepoint,scramble,1,10.607843137254902
0.3,0.05,stochunif,singlepoint,scramble,2,13.156862745098039
0.3,0.05,stochunif,singlepoint,scramble,3,12.999999999999998
0.3,0.05,stochunif,singlepoint,scramble,4,15.56862745098039
0.3,0.05,stochunif,singlepoint,scramble,5,13.72549019607843
0.3,0.05,stochunif,singlepoint,scramble,6,14.07843137254902
0.3,0.05,stochunif,singlepoint,scramble,7,13.117647058823527
0.3,0.05,stochunif,singlepoint,scramble,8,12.274509803921566
0.3,0.05,stochunif,singlepoint,scramble,9,14.41176470588235
0.3,0.05,stochunif,singlepoint,scramble,10,13.64705882352941
0.3,0.05,stochunif,singlepoint,swap,1,14.37254901960784
0.3,0.05,stochunif,singlepoint,swap,2,13.901960784313724
0.3,0.05,stochunif,singlepoint,swap,3,13.392156862745097
0.3,0.05,stochunif,singlepoint,swap,4,11.588235294117647
0.3,0.05,stochunif,singlepoint,swap,5,13.901960784313724
0.3,0.05,stochunif,singlepoint,swap,6,13.235294117647058
0.3,0.05,stochunif,singlepoint,swap,7,14.72549019607843
0.3,0.05,stochunif,singlepoint,swap,8,14.196078431372548
0.3,0.05,stochunif,singlepoint,swap,9,11.941176470588236
0.3,0.05,stochunif,singlepoint,swap,10,12.725490196078432
0.3,0.05,stochunif,singlepoint,frequency,1,9.705882352941176
0.3,0.05,stochunif,singlepoint,frequency,2,9.784313725490195
0.3,0.05,stochunif,singlepoint,frequency,3,11.450980392156861
0.3,0.05,stochunif,singlepoint,frequency,4,9.80392156862745
0.3,0.05,stochunif,singlepoint,frequency,5,10.72549019607843
0.3,0.05,stochunif,singlepoint,frequency,6,11.352941176470587
0.3,0.05,stochunif,singlepoint,frequency,7,9.705882352941176
0.3,0.05,stochunif,singlepoint,frequency,8,9.372549019607842
0.3,0.05,stochunif,singlepoint,frequency,9,9.372549019607842
0.3,0.05,stochunif,singlepoint,frequency,10,10.019607843137255
0.3,0.05,stochunif,twopoint,uniform,1,11.176470588235292
0.3,0.05,stochunif,twopoint,uniform,2,10.176470588235293
0.3,0.05,stochunif,twopoint,uniform,3,9.784313725490195
0.3,0.05,stochunif,twopoint,uniform,4,10.960784313725489
0.3,0.05,stochunif,twopoint,uniform,5,9.823529411764707
0.3,0.05,stochunif,twopoint,uniform,6,9.294117647058824
0.3,0.05,stochunif,twopoint,uniform,7,10.823529411764707
0.3,0.05,stochunif,twopoint,uniform,8,12.470588235294118
0.3,0.05,stochunif,twopoint,uniform,9,10.72549019607843
0.3,0.05,stochunif,twopoint,uniform,10,11.039215686274508
0.3,0.05,stochunif,twopoint,block,1,13.196078431372548
0.3,0.05,stochunif,twopoint,block,2,16.431372549019606
0.3,0.05,stochunif,twopoint,block,3,14.019607843137251
0.3,0.05,stochunif,twopoint,block,4,13.862745098039214
0.3,0.05,stochunif,twopoint,block,5,13.333333333333332
0.3,0.05,stochunif,twopoint,block,6,15.647058823529408
0.3,0.05,stochunif,twopoint,block,7,14.627450980392155
0.3,0.05,stochunif,twopoint,block,8,13.745098039215684
0.3,0.05,stochunif,twopoint,block,9,15.92156862745098
0.3,0.05,stochunif,twopoint,block,10,13.862745098039216
0.3,0.05,stochunif,twopoint,scramble,1,10.88235294117647
0.3,0.05,stochunif,twopoint,scramble,2,13.529411764705882
0.3,0.05,stochunif,twopoint,scramble,3,11.52941176470588
0.3,0.05,stochunif,twopoint,scramble,4,12.647058823529411
0.3,0.05,stochunif,twopoint,scramble,5,14.0
0.3,0.05,stochunif,twopoint,scramble,6,13.686274509803921
0.3,0.05,stochunif,twopoint,scramble,7,12.549019607843139
0.3,0.05,stochunif,twopoint,scramble,8,11.588235294117645
0.3,0.05,stochunif,twopoint,scramble,9,14.784313725490195
0.3,0.05,stochunif,twopoint,scramble,10,12.607843137254902
0.3,0.05,stochunif,twopoint,swap,1,11.156862745098039
0.3,0.05,stochunif,twopoint,swap,2,11.568627450980392
0.3,0.05,stochunif,twopoint,swap,3,14.117647058823527
0.3,0.05,stochunif,twopoint,swap,4,12.705882352941174
0.3,0.05,stochunif,twopoint,swap,5,11.941176470588234
0.3,0.05,stochunif,twopoint,swap,6,12.215686274509805
0.3,0.05,stochunif,twopoint,swap,7,11.372549019607842
0.3,0.05,stochunif,twopoint,swap,8,13.274509803921568
0.3,0.05,stochunif,twopoint,swap,9,13.058823529411764
0.3,0.05,stochunif,twopoint,swap,10,16.15686274509804
0.3,0.05,stochunif,twopoint,frequency,1,10.313725490196077
0.3,0.05,stochunif,twopoint,frequency,2,12.196078431372548
0.3,0.05,stochunif,twopoint,frequency,3,10.588235294117645
0.3,0.05,stochunif,twopoint,frequency,4,9.705882352941178
0.3,0.05,stochunif,twopoint,frequency,5,10.294117647058824
0.3,0.05,stochunif,twopoint,frequency,6,9.294117647058824
0.3,0.05,stochunif,twopoint,frequency,7,10.196078431372548
0.3,0.05,stochunif,twopoint,frequency,8,10.058823529411763
0.3,0.05,stochunif,twopoint,frequency,9,10.27450980392157
0.3,0.05,stochunif,twopoint,frequency,10,9.529411764705882
0.3,0.05,roulette,scattered,uniform,1,10.019607843137253
0.3,0.05,roulette,scattered,uniform,2,10.509803921568626
0.3,0.05,roulette,scattered,uniform,3,10.058823529411763
0.3,0.05,roulette,scattered,uniform,4,9.294117647058822
0.3,0.05,roulette,scattered,uniform,5,9.784313725490197
0.3,0.05,roulette,scattered,uniform,6,9.705882352941174
0.3,0.05,roulette,scattered,uniform,7,9.64705882352941
0.3,0.05,roulette,scattered,uniform,8,9.980392156862745
0.3,0.05,roulette,scattered,uniform,9,10.647058823529411
0.3,0.05,roulette,scattered,uniform,10,10.705882352941174
0.3,0.05,roulette,scattered,block,1,10.941176470588234
0.3,0.05,roulette,scattered,block,2,13.117647058823527
0.3,0.05,roulette,scattered,block,3,12.627450980392155
0.3,0.05,roulette,scattered,block,4,12.607843137254902
0.3,0.05,roulette,scattered,block,5,11.92156862745098
0.3,0.05,roulette,scattered,block,6,14.058823529411764
0.3,0.05,roulette,scattered,block,7,12.84313725490196
0.3,0.05,roulette,scattered,block,8,12.470588235294118
0.3,0.05,roulette,scattered,block,9,13.549019607843137
0.3,0.05,roulette,scattered,block,10,12.196078431372547
0.3,0.05,roulette,scattered,scramble,1,11.058823529411764
0.3,0.05,roulette,scattered,scramble,2,15.215686274509805
0.3,0.05,roulette,scattered,scramble,3,11.84313725490196
0.3,0.05,roulette,scattered,scramble,4,12.843137254901961
0.3,0.05,roulette,scattered,scramble,5,14.705882352941176
0.3,0.05,roulette,scattered,scramble,6,12.901960784313724
0.3,0.05,roulette,scattered,scramble,7,13.784313725490197
0.3,0.05,roulette,scattered,scramble,8,10.76470588235294
0.3,0.05,roulette,scattered,scramble,9,11.88235294117647
0.3,0.05,roulette,scattered,scramble,10,12.80392156862745
0.3,0.05,roulette,scattered,swap,1,11.372549019607842
0.3,0.05,roulette,scattered,swap,2,12.882352941176471
0.3,0.05,roulette,scattered,swap,3,10.686274509803921
0.3,0.05,roulette,scattered,swap,4,11.921568627450979
0.3,0.05,roulette,scattered,swap,5,13.450980392156861
0.3,0.05,roulette,scattered,swap,6,11.705882352941174
0.3,0.05,roulette,scattered,swap,7,11.529411764705882
0.3,0.05,roulette,scattered,swap,8,12.07843137254902
0.3,0.05,roulette,scattered,swap,9,10.470588235294116
0.3,0.05,roulette,scattered,swap,10,11.88235294117647
0.3,0.05,roulette,scattered,frequency,1,10.549019607843137
0.3,0.05,roulette,scattered,frequency,2,10.745098039215685
0.3,0.05,roulette,scattered,frequency,3,10.019607843137257
0.3,0.05,roulette,scattered,frequency,4,9.705882352941174
0.3,0.05,roulette,scattered,frequency,5,9.784313725490195
0.3,0.05,roulette,scattered,frequency,6,10.058823529411763
0.3,0.05,roulette,scattered,frequency,7,9.72549019607843
0.3,0.05,roulette,scattered,frequency,8,10.019607843137253
0.3,0.05,roulette,scattered,frequency,9,10.176470588235292
0.3,0.05,roulette,scattered,frequency,10,9.901960784313726
0.3,0.05,roulette,singlepoint,uniform,1,12.921568627450979
0.3,0.05,roulette,singlepoint,uniform,2,11.313725490196076
0.3,0.05,roulette,singlepoint,uniform,3,11.176470588235292
0.3,0.05,roulette,singlepoint,uniform,4,12.23529411764706
0.3,0.05,roulette,singlepoint,uniform,5,10.980392156862747
0.3,0.05,roulette,singlepoint,uniform,6,10.19607843137255
0.3,0.05,roulette,singlepoint,uniform,7,11.627450980392156
0.3,0.05,roulette,singlepoint,uniform,8,10.745098039215685
0.3,0.05,roulette,singlepoint,uniform,9,10.372549019607842
0.3,0.05,roulette,singlepoint,uniform,10,12.980392156862745
0.3,0.05,roulette,singlepoint,block,1,12.470588235294118
0.3,0.05,roulette,singlepoint,block,2,15.490196078431367
0.3,0.05,roulette,singlepoint,block,3,14.372549019607845
0.3,0.05,roulette,singlepoint,block,4,13.666666666666666
0.3,0.05,roulette,singlepoint,block,5,14.137254901960784
0.3,0.05,roulette,singlepoint,block,6,15.470588235294118
0.3,0.05,roulette,singlepoint,block,7,15.019607843137255
0.3,0.05,roulette,singlepoint,block,8,14.588235294117645
0.3,0.05,roulette,singlepoint,block,9,15.058823529411764
0.3,0.05,roulette,singlepoint,block,10,13.019607843137253
0.3,0.05,roulette,singlepoint,scramble,1,11.64705882352941
0.3,0.05,roulette,singlepoint,scramble,2,14.549019607843135
0.3,0.05,roulette,singlepoint,scramble,3,13.509803921568627
0.3,0.05,roulette,singlepoint,scramble,4,13.29411764705882
0.3,0.05,roulette,singlepoint,scramble,5,12.627450980392158
0.3,0.05,roulette,singlepoint,scramble,6,12.470588235294118
0.3,0.05,roulette,singlepoint,scramble,7,12.588235294117645
0.3,0.05,roulette,singlepoint,scramble,8,12.980392156862745
0.3,0.05,roulette,singlepoint,scramble,9,13.196078431372547
0.3,0.05,roulette,singlepoint,scramble,10,15.529411764705882
0.3,0.05,roulette,singlepoint,swap,1,15.50980392156863
0.3,0.05,roulette,singlepoint,swap,2,17.25490196078431
0.3,0.05,roulette,singlepoint,swap,3,13.745098039215685
0.3,0.05,roulette,singlepoint,swap,4,16.3921568627451
0.3,0.05,roulette,singlepoint,swap,5,10.52941176470588
0.3,0.05,roulette,singlepoint,swap,6,13.72549019607843
0.3,0.05,roulette,singlepoint,swap,7,13.333333333333332
0.3,0.05,roulette,singlepoint,swap,8,13.156862745098039
0.3,0.05,roulette,singlepoint,swap,9,10.686274509803921
0.3,0.05,roulette,singlepoint,swap,10,16.705882352941178
0.3,0.05,roulette,singlepoint,frequency,1,10.176470588235292
0.3,0.05,roulette,singlepoint,frequency,2,10.27450980392157
0.3,0.05,roulette,singlepoint,frequency,3,10.098039215686274
0.3,0.05,roulette,singlepoint,frequency,4,10.999999999999998
0.3,0.05,roulette,singlepoint,frequency,5,9.705882352941176
0.3,0.05,roulette,singlepoint,frequency,6,10.235294117647058
0.3,0.05,roulette,singlepoint,frequency,7,9.823529411764707
0.3,0.05,roulette,singlepoint,frequency,8,12.176470588235293
0.3,0.05,roulette,singlepoint,frequency,9,10.235294117647058
0.3,0.05,roulette,singlepoint,frequency,10,9.823529411764705
0.3,0.05,roulette,twopoint,uniform,1,12.156862745098039
0.3,0.05,roulette,twopoint,uniform,2,10.19607843137255
0.3,0.05,roulette,twopoint,uniform,3,9.686274509803921
0.3,0.05,roulette,twopoint,uniform,4,10.392156862745097
0.3,0.05,roulette,twopoint,uniform,5,11.098039215686274
0.3,0.05,roulette,twopoint,uniform,6,10.274509803921568
0.3,0.05,roulette,twopoint,uniform,7,12.627450980392158
0.3,0.05,roulette,twopoint,uniform,8,10.823529411764705
0.3,0.05,roulette,twopoint,uniform,9,10.058823529411764
0.3,0.05,roulette,twopoint,uniform,10,10.117647058823529
0.3,0.05,roulette,twopoint,block,1,14.33333333333333
0.3,0.05,roulette,twopoint,block,2,12.960784313725489
0.3,0.05,roulette,twopoint,block,3,13.764705882352942
0.3,0.05,roulette,twopoint,block,4,10.901960784313724
0.3,0.05,roulette,twopoint,block,5,12.647058823529413
0.3,0.05,roulette,twopoint,block,6,12.470588235294116
0.3,0.05,roulette,twopoint,block,7,14.196078431372548
0.3,0.05,roulette,twopoint,block,8,11.431372549019608
0.3,0.05,roulette,twopoint,block,9,13.784313725490197
0.3,0.05,roulette,twopoint,block,10,11.568627450980392
0.3,0.05,roulette,twopoint,scramble,1,12.64705882352941
0.3,0.05,roulette,twopoint,scramble,2,14.56862745098039
0.3,0.05,roulette,twopoint,scramble,3,14.84313725490196
0.3,0.05,roulette,twopoint,scramble,4,13.666666666666666
0.3,0.05,roulette,twopoint,scramble,5,15.627450980392155
0.3,0.05,roulette,twopoint,scramble,6,13.117647058823527
0.3,0.05,roulette,twopoint,scramble,7,12.960784313725489
0.3,0.05,roulette,twopoint,scramble,8,14.235294117647058
0.3,0.05,roulette,twopoint,scramble,9,12.07843137254902
0.3,0.05,roulette,twopoint,scramble,10,13.215686274509801
0.3,0.05,roulette,twopoint,swap,1,14.686274509803921
0.3,0.05,roulette,twopoint,swap,2,14.392156862745097
0.3,0.05,roulette,twopoint,swap,3,12.058823529411766
0.3,0.05,roulette,twopoint,swap,4,14.470588235294116
0.3,0.05,roulette,twopoint,swap,5,12.235294117647058
0.3,0.05,roulette,twopoint,swap,6,11.07843137254902
0.3,0.05,roulette,twopoint,swap,7,13.745098039215685
0.3,0.05,roulette,twopoint,swap,8,15.176470588235293
0.3,0.05,roulette,twopoint,swap,9,14.666666666666668
0.3,0.05,roulette,twopoint,swap,10,10.666666666666666
0.3,0.05,roulette,twopoint,frequency,1,9.705882352941174
0.3,0.05,roulette,twopoint,frequency,2,9.254901960784313
0.3,0.05,roulette,twopoint,frequency,3,9.294117647058822
0.3,0.05,roulette,twopoint,frequency,4,9.666666666666668
0.3,0.05,roulette,twopoint,frequency,5,10.627450980392158
0.3,0.05,roulette,twopoint,frequency,6,10.117647058823529
0.3,0.05,roulette,twopoint,frequency,7,9.294117647058822
0.3,0.05,roulette,twopoint,frequency,8,10.058823529411764
0.3,0.05,roulette,twopoint,frequency,9,9.64705882352941
0.3,0.05,roulette,twopoint,frequency,10,10.313725490196079
0.3,0.05,tournament,scattered,uniform,1,9.666666666666666
0.3,0.05,tournament,scattered,uniform,2,9.254901960784313
0.3,0.05,tournament,scattered,uniform,3,9.509803921568627
0.3,0.05,tournament,scattered,uniform,4,9.921568627450979
0.3,0.05,tournament,scattered,uniform,5,9.254901960784313
0.3,0.05,tournament,scattered,uniform,6,9.294117647058822
0.3,0.05,tournament,scattered,uniform,7,9.254901960784313
0.3,0.05,tournament,scattered,uniform,8,9.64705882352941
0.3,0.05,tournament,scattered,uniform,9,9.64705882352941
0.3,0.05,tournament,scattered,uniform,10,9.980392156862747
0.3,0.05,tournament,scattered,block,1,11.313725490196076
0.3,0.05,tournament,scattered,block,2,11.019607843137253
0.3,0.05,tournament,scattered,block,3,9.803921568627448
0.3,0.05,tournament,scattered,block,4,10.64705882352941
0.3,0.05,tournament,scattered,block,5,9.333333333333332
0.3,0.05,tournament,scattered,block,6,11.607843137254903
0.3,0.05,tournament,scattered,block,7,9.96078431372549
0.3,0.05,tournament,scattered,block,8,12.294117647058824
0.3,0.05,tournament,scattered,block,9,9.901960784313724
0.3,0.05,tournament,scattered,block,10,9.294117647058824
0.3,0.05,tournament,scattered,scramble,1,10.470588235294116
0.3,0.05,tournament,scattered,scramble,2,10.862745098039214
0.3,0.05,tournament,scattered,scramble,3,10.999999999999998
0.3,0.05,tournament,scattered,scramble,4,9.921568627450979
0.3,0.05,tournament,scattered,scramble,5,10.705882352941176
0.3,0.05,tournament,scattered,scramble,6,11.313725490196077
0.3,0.05,tournament,scattered,scramble,7,11.941176470588234
0.3,0.05,tournament,scattered,scramble,8,11.019607843137255
0.3,0.05,tournament,scattered,scramble,9,10.882352941176471
0.3,0.05,tournament,scattered,scramble,10,11.294117647058822
0.3,0.05,tournament,scattered,swap,1,9.294117647058824
0.3,0.05,tournament,scattered,swap,2,11.176470588235292
0.3,0.05,tournament,scattered,swap,3,10.313725490196077
0.3,0.05,tournament,scattered,swap,4,10.274509803921568
0.3,0.05,tournament,scattered,swap,5,10.372549019607842
0.3,0.05,tournament,scattered,swap,6,10.960784313725489
0.3,0.05,tournament,scattered,swap,7,10.450980392156863
0.3,0.05,tournament,scattered,swap,8,10.235294117647058
0.3,0.05,tournament,scattered,swap,9,12.29411764705882
0.3,0.05,tournament,scattered,swap,10,10.392156862745097
0.3,0.05,tournament,scattered,frequency,1,9.960784313725489
0.3,0.05,tournament,scattered,frequency,2,9.294117647058822
0.3,0.05,tournament,scattered,frequency,3,9.333333333333332
0.3,0.05,tournament,scattered,frequency,4,10.627450980392156
0.3,0.05,tournament,scattered,frequency,5,9.294117647058824
0.3,0.05,tournament,scattered,frequency,6,9.294117647058822
0.3,0.05,tournament,scattered,frequency,7,9.294117647058822
0.3,0.05,tournament,scattered,frequency,8,9.294117647058822
0.3,0.05,tournament,scattered,frequency,9,9.980392156862747
0.3,0.05,tournament,scattered,frequency,10,9.64705882352941
0.3,0.05,tournament,singlepoint,uniform,1,10.352941176470589
0.3,0.05,tournament,singlepoint,uniform,2,9.803921568627448
0.3,0.05,tournament,singlepoint,uniform,3,9.529411764705882
0.3,0.05,tournament,singlepoint,uniform,4,11.27450980392157
0.3,0.05,tournament,singlepoint,uniform,5,9.705882352941174
0.3,0.05,tournament,singlepoint,uniform,6,9.254901960784313
0.3,0.05,tournament,singlepoint,uniform,7,9.960784313725489
0.3,0.05,tournament,singlepoint,uniform,8,9.960784313725489
0.3,0.05,tournament,singlepoint,uniform,9,9.294117647058824
0.3,0.05,tournament,singlepoint,uniform,10,10.27450980392157
0.3,0.05,tournament,singlepoint,block,1,12.294117647058824
0.3,0.05,tournament,singlepoint,block,2,12.470588235294116
0.3,0.05,tournament,singlepoint,block,3,11.333333333333332
0.3,0.05,tournament,singlepoint,block,4,12.686274509803923
0.3,0.05,tournament,singlepoint,block,5,13.980392156862745
0.3,0.05,tournament,singlepoint,block,6,14.058823529411764
0.3,0.05,tournament,singlepoint,block,7,11.490196078431373
0.3,0.05,tournament,singlepoint,block,8,13.176470588235292
0.3,0.05,tournament,singlepoint,block,9,11.392156862745097
0.3,0.05,tournament,singlepoint,block,10,11.980392156862745
0.3,0.05,tournament,singlepoint,scramble,1,11.88235294117647
0.3,0.05,tournament,singlepoint,scramble,2,11.196078431372548
0.3,0.05,tournament,singlepoint,scramble,3,10.352941176470587
0.3,0.05,tournament,singlepoint,scramble,4,10.176470588235292
0.3,0.05,tournament,singlepoint,scramble,5,11.941176470588234
0.3,0.05,tournament,singlepoint,scramble,6,12.117647058823529
0.3,0.05,tournament,singlepoint,scramble,7,11.666666666666666
0.3,0.05,tournament,singlepoint,scramble,8,11.80392156862745
0.3,0.05,tournament,singlepoint,scramble,9,12.549019607843137
0.3,0.05,tournament,singlepoint,scramble,10,13.627450980392155
0.3,0.05,tournament,singlepoint,swap,1,13.647058823529411
0.3,0.05,tournament,singlepoint,swap,2,12.117647058823529
0.3,0.05,tournament,singlepoint,swap,3,11.47058823529412
0.3,0.05,tournament,singlepoint,swap,4,11.235294117647058
0.3,0.05,tournament,singlepoint,swap,5,12.686274509803921
0.3,0.05,tournament,singlepoint,swap,6,11.03921568627451
0.3,0.05,tournament,singlepoint,swap,7,11.235294117647058
0.3,0.05,tournament,singlepoint,swap,8,11.019607843137253
0.3,0.05,tournament,singlepoint,swap,9,13.03921568627451
0.3,0.05,tournament,singlepoint,swap,10,11.901960784313724
0.3,0.05,tournament,singlepoint,frequency,1,9.254901960784313
0.3,0.05,tournament,singlepoint,frequency,2,9.372549019607842
0.3,0.05,tournament,singlepoint,frequency,3,9.294117647058824
0.3,0.05,tournament,singlepoint,frequency,4,9.64705882352941
0.3,0.05,tournament,singlepoint,frequency,5,9.823529411764707
0.3,0.05,tournament,singlepoint,frequency,6,9.686274509803921
0.3,0.05,tournament,singlepoint,frequency,7,9.254901960784313
0.3,0.05,tournament,singlepoint,frequency,8,9.705882352941174
0.3,0.05,tournament,singlepoint,frequency,9,9.294117647058824
0.3,0.05,tournament,singlepoint,frequency,10,9.254901960784313
0.3,0.05,tournament,twopoint,uniform,1,9.64705882352941
0.3,0.05,tournament,twopoint,uniform,2,10.823529411764707
0.3,0.05,tournament,twopoint,uniform,3,9.745098039215685
0.3,0.05,tournament,twopoint,uniform,4,9.294117647058822
0.3,0.05,tournament,twopoint,uniform,5,10.549019607843139
0.3,0.05,tournament,twopoint,uniform,6,9.294117647058822
0.3,0.05,tournament,twopoint,uniform,7,9.666666666666666
0.3,0.05,tournament,twopoint,uniform,8,10.549019607843137
0.3,0.05,tournament,twopoint,uniform,9,9.705882352941174
0.3,0.05,tournament,twopoint,uniform,10,9.666666666666668
0.3,0.05,tournament,twopoint,block,1,10.941176470588237
0.3,0.05,tournament,twopoint,block,2,11.294117647058822
0.3,0.05,tournament,twopoint,block,3,14.058823529411768
0.3,0.05,tournament,twopoint,block,4,13.92156862745098
0.3,0.05,tournament,twopoint,block,5,11.745098039215684
0.3,0.05,tournament,twopoint,block,6,13.960784313725489
0.3,0.05,tournament,twopoint,block,7,12.392156862745097
0.3,0.05,tournament,twopoint,block,8,12.470588235294118
0.3,0.05,tournament,twopoint,block,9,11.627450980392158
0.3,0.05,tournament,twopoint,block,10,10.999999999999998
0.3,0.05,tournament,twopoint,scramble,1,11.607843137254902
0.3,0.05,tournament,twopoint,scramble,2,11.705882352941174
0.3,0.05,tournament,twopoint,scramble,3,9.76470588235294
0.3,0.05,tournament,twopoint,scramble,4,10.823529411764707
0.3,0.05,tournament,twopoint,scramble,5,11.274509803921568
0.3,0.05,tournament,twopoint,scramble,6,11.176470588235293
0.3,0.05,tournament,twopoint,scramble,7,12.84313725490196
0.3,0.05,tournament,twopoint,scramble,8,11.35294117647059
0.3,0.05,tournament,twopoint,scramble,9,10.431372549019606
0.3,0.05,tournament,twopoint,scramble,10,9.980392156862745
0.3,0.05,tournament,twopoint,swap,1,11.058823529411763
0.3,0.05,tournament,twopoint,swap,2,13.666666666666666
0.3,0.05,tournament,twopoint,swap,3,12.352941176470589
0.3,0.05,tournament,twopoint,swap,4,11.27450980392157
0.3,0.05,tournament,twopoint,swap,5,13.176470588235292
0.3,0.05,tournament,twopoint,swap,6,10.803921568627448
0.3,0.05,tournament,twopoint,swap,7,10.882352941176471
0.3,0.05,tournament,twopoint,swap,8,10.450980392156861
0.3,0.05,tournament,twopoint,swap,9,11.529411764705882
0.3,0.05,tournament,twopoint,swap,10,12.941176470588236
0.3,0.05,tournament,twopoint,frequency,1,9.254901960784313
0.3,0.05,tournament,twopoint,frequency,2,9.254901960784313
0.3,0.05,tournament,twopoint,frequency,3,9.254901960784313
0.3,0.05,tournament,twopoint,frequency,4,9.254901960784313
0.3,0.05,tournament,twopoint,frequency,5,10.117647058823529
0.3,0.05,tournament,twopoint,frequency,6,9.254901960784313
0.3,0.05,tournament,twopoint,frequency,7,9.64705882352941
0.3,0.05,tournament,twopoint,frequency,8,9.254901960784313
0.3,0.05,tournament,twopoint,frequency,9,9.294117647058822
0.3,0.05,tournament,twopoint,frequency,10,9.72549019607843
0.3,0.1,stochunif,scattered,uniform,1,9.333333333333332
0.3,0.1,stochunif,scattered,uniform,2,9.666666666666666
0.3,0.1,stochunif,scattered,uniform,3,10.11764705882353
0.3,0.1,stochunif,scattered,uniform,4,9.49019607843137
0.3,0.1,stochunif,scattered,uniform,5,9.921568627450979
0.3,0.1,stochunif,scattered,uniform,6,9.294117647058822
0.3,0.1,stochunif,scattered,uniform,7,10.176470588235293
0.3,0.1,stochunif,scattered,uniform,8,9.294117647058822
0.3,0.1,stochunif,scattered,uniform,9,9.294117647058822
0.3,0.1,stochunif,scattered,uniform,10,9.784313725490195
0.3,0.1,stochunif,scattered,block,1,11.686274509803923
0.3,0.1,stochunif,scattered,block,2,13.137254901960786
0.3,0.1,stochunif,scattered,block,3,11.745098039215687
0.3,0.1,stochunif,scattered,block,4,12.882352941176471
0.3,0.1,stochunif,scattered,block,5,10.431372549019606
0.3,0.1,stochunif,scattered,block,6,12.92156862745098
0.3,0.1,stochunif,scattered,block,7,11.960784313725489
0.3,0.1,stochunif,scattered,block,8,14.254901960784316
0.3,0.1,stochunif,scattered,block,9,11.529411764705882
0.3,0.1,stochunif,scattered,block,10,15.470588235294118
0.3,0.1,stochunif,scattered,scramble,1,12.45098039215686
0.3,0.1,stochunif,scattered,scramble,2,14.450980392156863
0.3,0.1,stochunif,scattered,scramble,3,11.568627450980392
0.3,0.1,stochunif,scattered,scramble,4,11.999999999999998
0.3,0.1,stochunif,scattered,scramble,5,10.529411764705884
0.3,0.1,stochunif,scattered,scramble,6,10.392156862745097
0.3,0.1,stochunif,scattered,scramble,7,9.686274509803921
0.3,0.1,stochunif,scattered,scramble,8,10.313725490196077
0.3,0.1,stochunif,scattered,scramble,9,10.117647058823527
0.3,0.1,stochunif,scattered,scramble,10,11.196078431372548
0.3,0.1,stochunif,scattered,swap,1,13.588235294117647
0.3,0.1,stochunif,scattered,swap,2,12.0
0.3,0.1,stochunif,scattered,swap,3,11.294117647058824
0.3,0.1,stochunif,scattered,swap,4,12.980392156862745
0.3,0.1,stochunif,scattered,swap,5,11.07843137254902
0.3,0.1,stochunif,scattered,swap,6,11.19607843137255
0.3,0.1,stochunif,scattered,swap,7,14.0
0.3,0.1,stochunif,scattered,swap,8,12.215686274509803
0.3,0.1,stochunif,scattered,swap,9,12.431372549019608
0.3,0.1,stochunif,scattered,swap,10,13.509803921568627
0.3,0.1,stochunif,scattered,frequency,1,9.666666666666666
0.3,0.1,stochunif,scattered,frequency,2,9.294117647058822
0.3,0.1,stochunif,scattered,frequency,3,9.333333333333332
0.3,0.1,stochunif,scattered,frequency,4,10.372549019607844
0.3,0.1,stochunif,scattered,frequency,5,10.235294117647058
0.3,0.1,stochunif,scattered,frequency,6,9.254901960784313
0.3,0.1,stochunif,scattered,frequency,7,9.666666666666668
0.3,0.1,stochunif,scattered,frequency,8,9.254901960784313
0.3,0.1,stochunif,scattered,frequency,9,9.705882352941176
0.3,0.1,stochunif,scattered,frequency,10,11.07843137254902
0.3,0.1,stochunif,singlepoint,uniform,1,10.980392156862747
0.3,0.1,stochunif,singlepoint,uniform,2,10.33333333333333
0.3,0.1,stochunif,singlepoint,uniform,3,9.745098039215685
0.3,0.1,stochunif,singlepoint,uniform,4,9.686274509803921
0.3,0.1,stochunif,singlepoint,uniform,5,9.823529411764707
0.3,0.1,stochunif,singlepoint,uniform,6,9.901960784313726
0.3,0.1,stochunif,singlepoint,uniform,7,10.392156862745097
0.3,0.1,stochunif,singlepoint,uniform,8,9.941176470588234
0.3,0.1,stochunif,singlepoint,uniform,9,9.509803921568627
0.3,0.1,stochunif,singlepoint,uniform,10,10.862745098039214
0.3,0.1,stochunif,singlepoint,block,1,11.823529411764707
0.3,0.1,stochunif,singlepoint,block,2,10.607843137254902
0.3,0.1,stochunif,singlepoint,block,3,13.03921568627451
0.3,0.1,stochunif,singlepoint,block,4,13.823529411764705
0.3,0.1,stochunif,singlepoint,block,5,13.352941176470589
0.3,0.1,stochunif,singlepoint,block,6,12.980392156862745
0.3,0.1,stochunif,singlepoint,block,7,13.27450980392157
0.3,0.1,stochunif,singlepoint,block,8,14.215686274509803
0.3,0.1,stochunif,singlepoint,block,9,14.784313725490197
0.3,0.1,stochunif,singlepoint,block,10,13.784313725490195
0.3,0.1,stochunif,singlepoint,scramble,1,11.88235294117647
0.3,0.1,stochunif,singlepoint,scramble,2,13.156862745098039
0.3,0.1,stochunif,singlepoint,scramble,3,13.019607843137255
0.3,0.1,stochunif,singlepoint,scramble,4,11.372549019607842
0.3,0.1,stochunif,singlepoint,scramble,5,13.745098039215685
0.3,0.1,stochunif,singlepoint,scramble,6,13.098039215686278
0.3,0.1,stochunif,singlepoint,scramble,7,11.313725490196077
0.3,0.1,stochunif,singlepoint,scramble,8,10.529411764705884
0.3,0.1,stochunif,singlepoint,scramble,9,12.666666666666666
0.3,0.1,stochunif,singlepoint,scramble,10,12.823529411764705
0.3,0.1,stochunif,singlepoint,swap,1,12.68627450980392
0.3,0.1,stochunif,singlepoint,swap,2,11.196078431372548
0.3,0.1,stochunif,singlepoint,swap,3,13.490196078431373
0.3,0.1,stochunif,singlepoint,swap,4,12.980392156862745
0.3,0.1,stochunif,singlepoint,swap,5,13.431372549019606
0.3,0.1,stochunif,singlepoint,swap,6,12.705882352941174
0.3,0.1,stochunif,singlepoint,swap,7,11.705882352941176
0.3,0.1,stochunif,singlepoint,swap,8,12.509803921568627
0.3,0.1,stochunif,singlepoint,swap,9,11.156862745098039
0.3,0.1,stochunif,singlepoint,swap,10,13.980392156862745
0.3,0.1,stochunif,singlepoint,frequency,1,9.705882352941176
0.3,0.1,stochunif,singlepoint,frequency,2,9.784313725490195
0.3,0.1,stochunif,singlepoint,frequency,3,10.333333333333334
0.3,0.1,stochunif,singlepoint,frequency,4,9.294117647058824
0.3,0.1,stochunif,singlepoint,frequency,5,9.372549019607844
0.3,0.1,stochunif,singlepoint,frequency,6,9.980392156862745
0.3,0.1,stochunif,singlepoint,frequency,7,11.019607843137251
0.3,0.1,stochunif,singlepoint,frequency,8,10.313725490196077
0.3,0.1,stochunif,singlepoint,frequency,9,9.705882352941174
0.3,0.1,stochunif,singlepoint,frequency,10,9.64705882352941
0.3,0.1,stochunif,twopoint,uniform,1,10.450980392156863
0.3,0.1,stochunif,twopoint,uniform,2,9.254901960784313
0.3,0.1,stochunif,twopoint,uniform,3,10.333333333333332
0.3,0.1,stochunif,twopoint,uniform,4,9.705882352941174
0.3,0.1,stochunif,twopoint,uniform,5,11.098039215686276
0.3,0.1,stochunif,twopoint,uniform,6,9.294117647058824
0.3,0.1,stochunif,twopoint,uniform,7,9.666666666666668
0.3,0.1,stochunif,twopoint,uniform,8,9.960784313725489
0.3,0.1,stochunif,twopoint,uniform,9,9.509803921568627
0.3,0.1,stochunif,twopoint,uniform,10,9.92156862745098
0.3,0.1,stochunif,twopoint,block,1,13.88235294117647
0.3,0.1,stochunif,twopoint,block,2,11.80392156862745
0.3,0.1,stochunif,twopoint,block,3,13.705882352941176
0.3,0.1,stochunif,twopoint,block,4,11.0
0.3,0.1,stochunif,twopoint,block,5,10.980392156862743
0.3,0.1,stochunif,twopoint,block,6,12.156862745098037
0.3,0.1,stochunif,twopoint,block,7,13.823529411764707
0.3,0.1,stochunif,twopoint,block,8,13.80392156862745
0.3,0.1,stochunif,twopoint,block,9,13.196078431372548
0.3,0.1,stochunif,twopoint,block,10,13.19607843137255
0.3,0.1,stochunif,twopoint,scramble,1,11.862745098039214
0.3,0.1,stochunif,twopoint,scramble,2,13.352941176470589
0.3,0.1,stochunif,twopoint,scramble,3,12.960784313725489
0.3,0.1,stochunif,twopoint,scramble,4,14.352941176470587
0.3,0.1,stochunif,twopoint,scramble,5,10.235294117647058
0.3,0.1,stochunif,twopoint,scramble,6,11.470588235294116
0.3,0.1,stochunif,twopoint,scramble,7,15.784313725490195
0.3,0.1,stochunif,twopoint,scramble,8,14.117647058823525
0.3,0.1,stochunif,twopoint,scramble,9,14.372549019607842
0.3,0.1,stochunif,twopoint,scramble,10,13.019607843137253
0.3,0.1,stochunif,twopoint,swap,1,11.235294117647058
0.3,0.1,stochunif,twopoint,swap,2,11.235294117647058
0.3,0.1,stochunif,twopoint,swap,3,13.313725490196077
0.3,0.1,stochunif,twopoint,swap,4,11.882352941176471
0.3,0.1,stochunif,twopoint,swap,5,12.686274509803921
0.3,0.1,stochunif,twopoint,swap,6,13.823529411764707
0.3,0.1,stochunif,twopoint,swap,7,13.666666666666666
0.3,0.1,stochunif,twopoint,swap,8,14.784313725490195
0.3,0.1,stochunif,twopoint,swap,9,12.92156862745098
0.3,0.1,stochunif,twopoint,swap,10,13.80392156862745
0.3,0.1,stochunif,twopoint,frequency,1,11.352941176470587
0.3,0.1,stochunif,twopoint,frequency,2,9.705882352941176
0.3,0.1,stochunif,twopoint,frequency,3,9.49019607843137
0.3,0.1,stochunif,twopoint,frequency,4,9.64705882352941
0.3,0.1,stochunif,twopoint,frequency,5,9.823529411764705
0.3,0.1,stochunif,twopoint,frequency,6,9.64705882352941
0.3,0.1,stochunif,twopoint,frequency,7,9.666666666666668
0.3,0.1,stochunif,twopoint,frequency,8,10.058823529411763
0.3,0.1,stochunif,twopoint,frequency,9,9.294117647058822
0.3,0.1,stochunif,twopoint,frequency,10,10.509803921568627
0.3,0.1,roulette,scattered,uniform,1,9.705882352941178
0.3,0.1,roulette,scattered,uniform,2,11.882352941176471
0.3,0.1,roulette,scattered,uniform,3,10.137254901960784
0.3,0.1,roulette,scattered,uniform,4,10.019607843137253
0.3,0.1,roulette,scattered,uniform,5,9.980392156862747
0.3,0.1,roulette,scattered,uniform,6,9.64705882352941
0.3,0.1,roulette,scattered,uniform,7,10.607843137254903
0.3,0.1,roulette,scattered,uniform,8,10.117647058823529
0.3,0.1,roulette,scattered,uniform,9,9.705882352941174
0.3,0.1,roulette,scattered,uniform,10,9.72549019607843
0.3,0.1,roulette,scattered,block,1,10.745098039215685
0.3,0.1,roulette,scattered,block,2,10.627450980392156
0.3,0.1,roulette,scattered,block,3,12.705882352941178
0.3,0.1,roulette,scattered,block,4,12.33333333333333
0.3,0.1,roulette,scattered,block,5,12.901960784313724
0.3,0.1,roulette,scattered,block,6,11.411764705882353
0.3,0.1,roulette,scattered,block,7,13.137254901960786
0.3,0.1,roulette,scattered,block,8,13.784313725490197
0.3,0.1,roulette,scattered,block,9,13.07843137254902
0.3,0.1,roulette,scattered,block,10,12.607843137254903
0.3,0.1,roulette,scattered,scramble,1,13.058823529411764
0.3,0.1,roulette,scattered,scramble,2,11.666666666666666
0.3,0.1,roulette,scattered,scramble,3,12.76470588235294
0.3,0.1,roulette,scattered,scramble,4,13.941176470588236
0.3,0.1,roulette,scattered,scramble,5,12.568627450980392
0.3,0.1,roulette,scattered,scramble,6,10.117647058823529
0.3,0.1,roulette,scattered,scramble,7,13.137254901960784
0.3,0.1,roulette,scattered,scramble,8,11.725490196078432
0.3,0.1,roulette,scattered,scramble,9,13.254901960784313
0.3,0.1,roulette,scattered,scramble,10,12.19607843137255
0.3,0.1,roulette,scattered,swap,1,11.862745098039214
0.3,0.1,roulette,scattered,swap,2,12.196078431372547
0.3,0.1,roulette,scattered,swap,3,10.431372549019606
0.3,0.1,roulette,scattered,swap,4,12.607843137254903
0.3,0.1,roulette,scattered,swap,5,15.372549019607842
0.3,0.1,roulette,scattered,swap,6,12.07843137254902
0.3,0.1,roulette,scattered,swap,7,12.960784313725489
0.3,0.1,roulette,scattered,swap,8,10.784313725490195
0.3,0.1,roulette,scattered,swap,9,12.098039215686276
0.3,0.1,roulette,scattered,swap,10,14.392156862745097
0.3,0.1,roulette,scattered,frequency,1,9.294117647058822
0.3,0.1,roulette,scattered,frequency,2,9.64705882352941
0.3,0.1,roulette,scattered,frequency,3,9.666666666666668
0.3,0.1,roulette,scattered,frequency,4,10.333333333333334
0.3,0.1,roulette,scattered,frequency,5,9.705882352941176
0.3,0.1,roulette,scattered,frequency,6,9.333333333333332
0.3,0.1,roulette,scattered,frequency,7,9.254901960784313
0.3,0.1,roulette,scattered,frequency,8,9.686274509803921
0.3,0.1,roulette,scattered,frequency,9,10.431372549019606
0.3,0.1,roulette,scattered,frequency,10,10.549019607843139
0.3,0.1,roulette,singlepoint,uniform,1,10.019607843137255
0.3,0.1,roulette,singlepoint,uniform,2,10.823529411764707
0.3,0.1,roulette,singlepoint,uniform,3,11.392156862745097
0.3,0.1,roulette,singlepoint,uniform,4,11.411764705882353
0.3,0.1,roulette,singlepoint,uniform,5,9.254901960784313
0.3,0.1,roulette,singlepoint,uniform,6,9.705882352941174
0.3,0.1,roulette,singlepoint,uniform,7,10.31372549019608
0.3,0.1,roulette,singlepoint,uniform,8,9.705882352941178
0.3,0.1,roulette,singlepoint,uniform,9,11.156862745098039
0.3,0.1,roulette,singlepoint,uniform,10,10.607843137254903
0.3,0.1,roulette,singlepoint,block,1,12.960784313725489
0.3,0.1,roulette,singlepoint,block,2,13.411764705882351
0.3,0.1,roulette,singlepoint,block,3,13.274509803921568
0.3,0.1,roulette,singlepoint,block,4,12.235294117647058
0.3,0.1,roulette,singlepoint,block,5,14.549019607843137
0.3,0.1,roulette,singlepoint,block,6,14.588235294117647
0.3,0.1,roulette,singlepoint,block,7,15.215686274509805
0.3,0.1,roulette,singlepoint,block,8,15.411764705882353
0.3,0.1,roulette,singlepoint,block,9,14.372549019607842
0.3,0.1,roulette,singlepoint,block,10,14.529411764705882
0.3,0.1,roulette,singlepoint,scramble,1,13.647058823529411
0.3,0.1,roulette,singlepoint,scramble,2,11.411764705882351
0.3,0.1,roulette,singlepoint,scramble,3,12.450980392156863
0.3,0.1,roulette,singlepoint,scramble,4,12.784313725490199
0.3,0.1,roulette,singlepoint,scramble,5,13.372549019607842
0.3,0.1,roulette,singlepoint,scramble,6,11.68627450980392
0.3,0.1,roulette,singlepoint,scramble,7,11.176470588235293
0.3,0.1,roulette,singlepoint,scramble,8,14.294117647058822
0.3,0.1,roulette,singlepoint,scramble,9,15.294117647058824
0.3,0.1,roulette,singlepoint,scramble,10,11.235294117647058
0.3,0.1,roulette,singlepoint,swap,1,15.823529411764703
0.3,0.1,roulette,singlepoint,swap,2,13.647058823529413
0.3,0.1,roulette,singlepoint,swap,3,13.490196078431369
0.3,0.1,roulette,singlepoint,swap,4,14.901960784313726
0.3,0.1,roulette,singlepoint,swap,5,13.64705882352941
0.3,0.1,roulette,singlepoint,swap,6,14.215686274509803
0.3,0.1,roulette,singlepoint,swap,7,12.6078431372549
0.3,0.1,roulette,singlepoint,swap,8,11.137254901960784
0.3,0.1,roulette,singlepoint,swap,9,12.999999999999998
0.3,0.1,roulette,singlepoint,swap,10,13.352941176470587
0.3,0.1,roulette,singlepoint,frequency,1,9.862745098039214
0.3,0.1,roulette,singlepoint,frequency,2,9.862745098039213
0.3,0.1,roulette,singlepoint,frequency,3,10.019607843137255
0.3,0.1,roulette,singlepoint,frequency,4,9.254901960784313
0.3,0.1,roulette,singlepoint,frequency,5,10.313725490196077
0.3,0.1,roulette,singlepoint,frequency,6,9.294117647058822
0.3,0.1,roulette,singlepoint,frequency,7,9.666666666666668
0.3,0.1,roulette,singlepoint,frequency,8,9.784313725490195
0.3,0.1,roulette,singlepoint,frequency,9,9.901960784313724
0.3,0.1,roulette,singlepoint,frequency,10,10.901960784313726
0.3,0.1,roulette,twopoint,uniform,1,10.686274509803921
0.3,0.1,roulette,twopoint,uniform,2,10.862745098039216
0.3,0.1,roulette,twopoint,uniform,3,10.03921568627451
0.3,0.1,roulette,twopoint,uniform,4,9.999999999999998
0.3,0.1,roulette,twopoint,uniform,5,9.666666666666668
0.3,0.1,roulette,twopoint,uniform,6,11.392156862745098
0.3,0.1,roulette,twopoint,uniform,7,10.03921568627451
0.3,0.1,roulette,twopoint,uniform,8,10.313725490196077
0.3,0.1,roulette,twopoint,uniform,9,9.705882352941176
0.3,0.1,roulette,twopoint,uniform,10,9.49019607843137
0.3,0.1,roulette,twopoint,block,1,13.705882352941174
0.3,0.1,roulette,twopoint,block,2,13.039215686274508
0.3,0.1,roulette,twopoint,block,3,13.470588235294118
0.3,0.1,roulette,twopoint,block,4,10.372549019607844
0.3,0.1,roulette,twopoint,block,5,13.352941176470589
0.3,0.1,roulette,twopoint,block,6,13.686274509803923
0.3,0.1,roulette,twopoint,block,7,12.274509803921568
0.3,0.1,roulette,twopoint,block,8,14.156862745098037
0.3,0.1,roulette,twopoint,block,9,12.431372549019605
0.3,0.1,roulette,twopoint,block,10,13.078431372549021
0.3,0.1,roulette,twopoint,scramble,1,11.352941176470589
0.3,0.1,roulette,twopoint,scramble,2,14.568627450980394
0.3,0.1,roulette,twopoint,scramble,3,11.058823529411764
0.3,0.1,roulette,twopoint,scramble,4,14.03921568627451
0.3,0.1,roulette,twopoint,scramble,5,12.80392156862745
0.3,0.1,roulette,twopoint,scramble,6,12.509803921568627
0.3,0.1,roulette,twopoint,scramble,7,10.745098039215685
0.3,0.1,roulette,twopoint,scramble,8,15.627450980392155
0.3,0.1,roulette,twopoint,scramble,9,13.313725490196079
0.3,0.1,roulette,twopoint,scramble,10,10.764705882352942
0.3,0.1,roulette,twopoint,swap,1,12.039215686274511
0.3,0.1,roulette,twopoint,swap,2,9.80392156862745
0.3,0.1,roulette,twopoint,swap,3,12.784313725490195
0.3,0.1,roulette,twopoint,swap,4,12.117647058823527
0.3,0.1,roulette,twopoint,swap,5,14.117647058823529
0.3,0.1,roulette,twopoint,swap,6,12.156862745098037
0.3,0.1,roulette,twopoint,swap,7,12.372549019607842
0.3,0.1,roulette,twopoint,swap,8,11.568627450980392
0.3,0.1,roulette,twopoint,swap,9,11.882352941176471
0.3,0.1,roulette,twopoint,swap,10,11.117647058823529
0.3,0.1,roulette,twopoint,frequency,1,9.294117647058824
0.3,0.1,roulette,twopoint,frequency,2,9.254901960784313
0.3,0.1,roulette,twopoint,frequency,3,9.254901960784313
0.3,0.1,roulette,twopoint,frequency,4,9.254901960784313
0.3,0.1,roulette,twopoint,frequency,5,10.196078431372548
0.3,0.1,roulette,twopoint,frequency,6,9.294117647058822
0.3,0.1,roulette,twopoint,frequency,7,10.313725490196079
0.3,0.1,roulette,twopoint,frequency,8,9.254901960784313
0.3,0.1,roulette,twopoint,frequency,9,9.509803921568627
0.3,0.1,roulette,twopoint,frequency,10,10.588235294117645
0.3,0.1,tournament,scattered,uniform,1,9.254901960784313
0.3,0.1,tournament,scattered,uniform,2,9.549019607843135
0.3,0.1,tournament,scattered,uniform,3,9.823529411764707
0.3,0.1,tournament,scattered,uniform,4,9.294117647058824
0.3,0.1,tournament,scattered,uniform,5,9.254901960784313
0.3,0.1,tournament,scattered,uniform,6,9.294117647058824
0.3,0.1,tournament,scattered,uniform,7,9.294117647058822
0.3,0.1,tournament,scattered,uniform,8,9.294117647058822
0.3,0.1,tournament,scattered,uniform,9,9.254901960784313
0.3,0.1,tournament,scattered,uniform,10,10.27450980392157
0.3,0.1,tournament,scattered,block,1,9.294117647058822
0.3,0.1,tournament,scattered,block,2,10.313725490196077
0.3,0.1,tournament,scattered,block,3,11.235294117647058
0.3,0.1,tournament,scattered,block,4,10.215686274509803
0.3,0.1,tournament,scattered,block,5,11.607843137254903
0.3,0.1,tournament,scattered,block,6,11.568627450980392
0.3,0.1,tournament,scattered,block,7,10.313725490196076
0.3,0.1,tournament,scattered,block,8,10.019607843137253
0.3,0.1,tournament,scattered,block,9,9.666666666666666
0.3,0.1,tournament,scattered,block,10,11.588235294117647
0.3,0.1,tournament,scattered,scramble,1,10.117647058823527
0.3,0.1,tournament,scattered,scramble,2,10.607843137254902
0.3,0.1,tournament,scattered,scramble,3,9.999999999999998
0.3,0.1,tournament,scattered,scramble,4,11.137254901960786
0.3,0.1,tournament,scattered,scramble,5,9.294117647058824
0.3,0.1,tournament,scattered,scramble,6,10.137254901960786
0.3,0.1,tournament,scattered,scramble,7,11.725490196078434
0.3,0.1,tournament,scattered,scramble,8,10.392156862745098
0.3,0.1,tournament,scattered,scramble,9,9.333333333333332
0.3,0.1,tournament,scattered,scramble,10,10.137254901960786
0.3,0.1,tournament,scattered,swap,1,10.823529411764708
0.3,0.1,tournament,scattered,swap,2,10.76470588235294
0.3,0.1,tournament,scattered,swap,3,10.76470588235294
0.3,0.1,tournament,scattered,swap,4,11.23529411764706
0.3,0.1,tournament,scattered,swap,5,10.235294117647058
0.3,0.1,tournament,scattered,swap,6,10.215686274509803
0.3,0.1,tournament,scattered,swap,7,11.823529411764707
0.3,0.1,tournament,scattered,swap,8,10.725490196078432
0.3,0.1,tournament,scattered,swap,9,9.76470588235294
0.3,0.1,tournament,scattered,swap,10,11.058823529411763
0.3,0.1,tournament,scattered,frequency,1,9.254901960784313
0.3,0.1,tournament,scattered,frequency,2,9.980392156862747
0.3,0.1,tournament,scattered,frequency,3,9.980392156862745
0.3,0.1,tournament,scattered,frequency,4,9.254901960784313
0.3,0.1,tournament,scattered,frequency,5,9.254901960784313
0.3,0.1,tournament,scattered,frequency,6,9.745098039215685
0.3,0.1,tournament,scattered,frequency,7,9.294117647058824
0.3,0.1,tournament,scattered,frequency,8,9.254901960784313
0.3,0.1,tournament,scattered,frequency,9,9.294117647058822
0.3,0.1,tournament,scattered,frequency,10,9.294117647058822
0.3,0.1,tournament,singlepoint,uniform,1,9.294117647058822
0.3,0.1,tournament,singlepoint,uniform,2,9.254901960784313
0.3,0.1,tournament,singlepoint,uniform,3,10.019607843137253
0.3,0.1,tournament,singlepoint,uniform,4,10.509803921568626
0.3,0.1,tournament,singlepoint,uniform,5,9.941176470588234
0.3,0.1,tournament,singlepoint,uniform,6,9.705882352941176
0.3,0.1,tournament,singlepoint,uniform,7,9.294117647058824
0.3,0.1,tournament,singlepoint,uniform,8,9.76470588235294
0.3,0.1,tournament,singlepoint,uniform,9,9.254901960784313
0.3,0.1,tournament,singlepoint,uniform,10,9.705882352941178
0.3,0.1,tournament,singlepoint,block,1,11.03921568627451
0.3,0.1,tournament,singlepoint,block,2,11.607843137254902
0.3,0.1,tournament,singlepoint,block,3,12.078431372549018
0.3,0.1,tournament,singlepoint,block,4,12.686274509803921
0.3,0.1,tournament,singlepoint,block,5,11.47058823529412
0.3,0.1,tournament,singlepoint,block,6,13.764705882352942
0.3,0.1,tournament,singlepoint,block,7,11.196078431372548
0.3,0.1,tournament,singlepoint,block,8,14.254901960784313
0.3,0.1,tournament,singlepoint,block,9,11.549019607843137
0.3,0.1,tournament,singlepoint,block,10,13.745098039215684
0.3,0.1,tournament,singlepoint,scramble,1,13.058823529411768
0.3,0.1,tournament,singlepoint,scramble,2,12.50980392156863
0.3,0.1,tournament,singlepoint,scramble,3,12.058823529411764
0.3,0.1,tournament,singlepoint,scramble,4,12.392156862745098
0.3,0.1,tournament,singlepoint,scramble,5,11.509803921568631
0.3,0.1,tournament,singlepoint,scramble,6,11.372549019607842
0.3,0.1,tournament,singlepoint,scramble,7,10.686274509803923
0.3,0.1,tournament,singlepoint,scramble,8,10.92156862745098
0.3,0.1,tournament,singlepoint,scramble,9,11.49019607843137
0.3,0.1,tournament,singlepoint,scramble,10,11.666666666666666
0.3,0.1,tournament,singlepoint,swap,1,12.392156862745097
0.3,0.1,tournament,singlepoint,swap,2,13.176470588235292
0.3,0.1,tournament,singlepoint,swap,3,11.490196078431373
0.3,0.1,tournament,singlepoint,swap,4,12.156862745098039
0.3,0.1,tournament,singlepoint,swap,5,11.313725490196077
0.3,0.1,tournament,singlepoint,swap,6,11.313725490196076
0.3,0.1,tournament,singlepoint,swap,7,12.588235294117645
0.3,0.1,tournament,singlepoint,swap,8,10.352941176470589
0.3,0.1,tournament,singlepoint,swap,9,11.901960784313724
0.3,0.1,tournament,singlepoint,swap,10,11.627450980392156
0.3,0.1,tournament,singlepoint,frequency,1,9.980392156862747
0.3,0.1,tournament,singlepoint,frequency,2,9.666666666666668
0.3,0.1,tournament,singlepoint,frequency,3,9.980392156862749
0.3,0.1,tournament,singlepoint,frequency,4,9.294117647058822
0.3,0.1,tournament,singlepoint,frequency,5,9.333333333333332
0.3,0.1,tournament,singlepoint,frequency,6,9.254901960784313
0.3,0.1,tournament,singlepoint,frequency,7,9.72549019607843
0.3,0.1,tournament,singlepoint,frequency,8,9.294117647058824
0.3,0.1,tournament,singlepoint,frequency,9,9.372549019607844
0.3,0.1,tournament,singlepoint,frequency,10,9.784313725490195
0.3,0.1,tournament,twopoint,uniform,1,9.980392156862749
0.3,0.1,tournament,twopoint,uniform,2,9.980392156862747
0.3,0.1,tournament,twopoint,uniform,3,9.254901960784313
0.3,0.1,tournament,twopoint,uniform,4,9.254901960784313
0.3,0.1,tournament,twopoint,uniform,5,10.019607843137253
0.3,0.1,tournament,twopoint,uniform,6,9.294117647058822
0.3,0.1,tournament,twopoint,uniform,7,10.019607843137253
0.3,0.1,tournament,twopoint,uniform,8,9.941176470588234
0.3,0.1,tournament,twopoint,uniform,9,9.294117647058824
0.3,0.1,tournament,twopoint,uniform,10,9.294117647058822
0.3,0.1,tournament,twopoint,block,1,11.058823529411764
0.3,0.1,tournament,twopoint,block,2,11.450980392156861
0.3,0.1,tournament,twopoint,block,3,10.941176470588236
0.3,0.1,tournament,twopoint,block,4,11.274509803921568
0.3,0.1,tournament,twopoint,block,5,11.980392156862745
0.3,0.1,tournament,twopoint,block,6,11.823529411764705
0.3,0.1,tournament,twopoint,block,7,11.431372549019608
0.3,0.1,tournament,twopoint,block,8,11.215686274509803
0.3,0.1,tournament,twopoint,block,9,10.92156862745098
0.3,0.1,tournament,twopoint,block,10,10.784313725490197
0.3,0.1,tournament,twopoint,scramble,1,12.058823529411761
0.3,0.1,tournament,twopoint,scramble,2,10.88235294117647
0.3,0.1,tournament,twopoint,scramble,3,12.647058823529411
0.3,0.1,tournament,twopoint,scramble,4,11.823529411764705
0.3,0.1,tournament,twopoint,scramble,5,10.117647058823529
0.3,0.1,tournament,twopoint,scramble,6,11.03921568627451
0.3,0.1,tournament,twopoint,scramble,7,11.098039215686272
0.3,0.1,tournament,twopoint,scramble,8,10.960784313725489
0.3,0.1,tournament,twopoint,scramble,9,10.686274509803921
0.3,0.1,tournament,twopoint,scramble,10,11.274509803921568
0.3,0.1,tournament,twopoint,swap,1,12.392156862745097
0.3,0.1,tournament,twopoint,swap,2,11.470588235294116
0.3,0.1,tournament,twopoint,swap,3,10.960784313725489
0.3,0.1,tournament,twopoint,swap,4,11.823529411764707
0.3,0.1,tournament,twopoint,swap,5,10.431372549019606
0.3,0.1,tournament,twopoint,swap,6,10.72549019607843
0.3,0.1,tournament,twopoint,swap,7,11.274509803921568
0.3,0.1,tournament,twopoint,swap,8,10.999999999999996
0.3,0.1,tournament,twopoint,swap,9,11.294117647058822
0.3,0.1,tournament,twopoint,swap,10,10.235294117647058
0.3,0.1,tournament,twopoint,frequency,1,10.15686274509804
0.3,0.1,tournament,twopoint,frequency,2,9.294117647058822
0.3,0.1,tournament,twopoint,frequency,3,9.666666666666666
0.3,0.1,tournament,twopoint,frequency,4,9.254901960784313
0.3,0.1,tournament,twopoint,frequency,5,9.254901960784313
0.3,0.1,tournament,twopoint,frequency,6,9.72549019607843
0.3,0.1,tournament,twopoint,frequency,7,9.254901960784313
0.3,0.1,tournament,twopoint,frequency,8,9.294117647058822
0.3,0.1,tournament,twopoint,frequency,9,9.980392156862747
0.3,0.1,tournament,twopoint,frequency,10,9.254901960784313
0.3,0.2,stochunif,scattered,uniform,1,11.66666666666667
0.3,0.2,stochunif,scattered,uniform,2,10.450980392156863
0.3,0.2,stochunif,scattered,uniform,3,10.098039215686274
0.3,0.2,stochunif,scattered,uniform,4,9.64705882352941
0.3,0.2,stochunif,scattered,uniform,5,10.098039215686274
0.3,0.2,stochunif,scattered,uniform,6,10.313725490196079
0.3,0.2,stochunif,scattered,uniform,7,9.960784313725489
0.3,0.2,stochunif,scattered,uniform,8,10.960784313725487
0.3,0.2,stochunif,scattered,uniform,9,10.529411764705884
0.3,0.2,stochunif,scattered,uniform,10,9.254901960784313
0.3,0.2,stochunif,scattered,block,1,12.07843137254902
0.3,0.2,stochunif,scattered,block,2,11.333333333333332
0.3,0.2,stochunif,scattered,block,3,11.72549019607843
0.3,0.2,stochunif,scattered,block,4,12.509803921568627
0.3,0.2,stochunif,scattered,block,5,11.313725490196079
0.3,0.2,stochunif,scattered,block,6,12.52941176470588
0.3,0.2,stochunif,scattered,block,7,10.117647058823527
0.3,0.2,stochunif,scattered,block,8,10.588235294117647
0.3,0.2,stochunif,scattered,block,9,11.588235294117647
0.3,0.2,stochunif,scattered,block,10,11.980392156862743
0.3,0.2,stochunif,scattered,scramble,1,10.49019607843137
0.3,0.2,stochunif,scattered,scramble,2,9.705882352941178
0.3,0.2,stochunif,scattered,scramble,3,10.882352941176471
0.3,0.2,stochunif,scattered,scramble,4,13.96078431372549
0.3,0.2,stochunif,scattered,scramble,5,11.941176470588234
0.3,0.2,stochunif,scattered,scramble,6,10.686274509803921
0.3,0.2,stochunif,scattered,scramble,7,11.176470588235293
0.3,0.2,stochunif,scattered,scramble,8,11.313725490196077
0.3,0.2,stochunif,scattered,scramble,9,11.274509803921568
0.3,0.2,stochunif,scattered,scramble,10,13.764705882352942
0.3,0.2,stochunif,scattered,swap,1,11.588235294117645
0.3,0.2,stochunif,scattered,swap,2,10.215686274509803
0.3,0.2,stochunif,scattered,swap,3,11.64705882352941
0.3,0.2,stochunif,scattered,swap,4,11.960784313725492
0.3,0.2,stochunif,scattered,swap,5,11.098039215686276
0.3,0.2,stochunif,scattered,swap,6,12.607843137254902
0.3,0.2,stochunif,scattered,swap,7,12.84313725490196
0.3,0.2,stochunif,scattered,swap,8,11.666666666666664
0.3,0.2,stochunif,scattered,swap,9,11.137254901960784
0.3,0.2,stochunif,scattered,swap,10,11.921568627450979
0.3,0.2,stochunif,scattered,frequency,1,11.43137254901961
0.3,0.2,stochunif,scattered,frequency,2,9.372549019607844
0.3,0.2,stochunif,scattered,frequency,3,9.88235294117647
0.3,0.2,stochunif,scattered,frequency,4,9.333333333333332
0.3,0.2,stochunif,scattered,frequency,5,9.294117647058824
0.3,0.2,stochunif,scattered,frequency,6,9.64705882352941
0.3,0.2,stochunif,scattered,frequency,7,9.88235294117647
0.3,0.2,stochunif,scattered,frequency,8,9.294117647058824
0.3,0.2,stochunif,scattered,frequency,9,11.117647058823529
0.3,0.2,stochunif,scattered,frequency,10,9.52941176470588
0.3,0.2,stochunif,singlepoint,uniform,1,10.56862745098039
0.3,0.2,stochunif,singlepoint,uniform,2,11.392156862745097
0.3,0.2,stochunif,singlepoint,uniform,3,11.000000000000002
0.3,0.2,stochunif,singlepoint,uniform,4,10.176470588235293
0.3,0.2,stochunif,singlepoint,uniform,5,11.921568627450982
0.3,0.2,stochunif,singlepoint,uniform,6,9.823529411764707
0.3,0.2,stochunif,singlepoint,uniform,7,10.823529411764705
0.3,0.2,stochunif,singlepoint,uniform,8,10.274509803921568
0.3,0.2,stochunif,singlepoint,uniform,9,10.137254901960784
0.3,0.2,stochunif,singlepoint,uniform,10,10.509803921568626
0.3,0.2,stochunif,singlepoint,block,1,11.92156862745098
0.3,0.2,stochunif,singlepoint,block,2,13.411764705882351
0.3,0.2,stochunif,singlepoint,block,3,13.431372549019606
0.3,0.2,stochunif,singlepoint,block,4,13.176470588235292
0.3,0.2,stochunif,singlepoint,block,5,12.92156862745098
0.3,0.2,stochunif,singlepoint,block,6,13.352941176470589
0.3,0.2,stochunif,singlepoint,block,7,11.88235294117647
0.3,0.2,stochunif,singlepoint,block,8,11.549019607843135
0.3,0.2,stochunif,singlepoint,block,9,11.392156862745097
0.3,0.2,stochunif,singlepoint,block,10,13.392156862745097
0.3,0.2,stochunif,singlepoint,scramble,1,11.999999999999998
0.3,0.2,stochunif,singlepoint,scramble,2,12.274509803921566
0.3,0.2,stochunif,singlepoint,scramble,3,12.745098039215684
0.3,0.2,stochunif,singlepoint,scramble,4,11.52941176470588
0.3,0.2,stochunif,singlepoint,scramble,5,11.07843137254902
0.3,0.2,stochunif,singlepoint,scramble,6,13.352941176470587
0.3,0.2,stochunif,singlepoint,scramble,7,11.843137254901958
0.3,0.2,stochunif,singlepoint,scramble,8,11.372549019607842
0.3,0.2,stochunif,singlepoint,scramble,9,13.07843137254902
0.3,0.2,stochunif,singlepoint,scramble,10,14.215686274509803
0.3,0.2,stochunif,singlepoint,swap,1,10.84313725490196
0.3,0.2,stochunif,singlepoint,swap,2,12.568627450980392
0.3,0.2,stochunif,singlepoint,swap,3,12.450980392156861
0.3,0.2,stochunif,singlepoint,swap,4,13.647058823529413
0.3,0.2,stochunif,singlepoint,swap,5,10.686274509803923
0.3,0.2,stochunif,singlepoint,swap,6,11.450980392156863
0.3,0.2,stochunif,singlepoint,swap,7,13.196078431372548
0.3,0.2,stochunif,singlepoint,swap,8,15.196078431372548
0.3,0.2,stochunif,singlepoint,swap,9,10.80392156862745
0.3,0.2,stochunif,singlepoint,swap,10,13.137254901960784
0.3,0.2,stochunif,singlepoint,frequency,1,10.098039215686274
0.3,0.2,stochunif,singlepoint,frequency,2,11.098039215686274
0.3,0.2,stochunif,singlepoint,frequency,3,10.80392156862745
0.3,0.2,stochunif,singlepoint,frequency,4,9.49019607843137
0.3,0.2,stochunif,singlepoint,frequency,5,9.333333333333332
0.3,0.2,stochunif,singlepoint,frequency,6,11.176470588235293
0.3,0.2,stochunif,singlepoint,frequency,7,9.705882352941174
0.3,0.2,stochunif,singlepoint,frequency,8,10.33333333333333
0.3,0.2,stochunif,singlepoint,frequency,9,12.039215686274511
0.3,0.2,stochunif,singlepoint,frequency,10,10.313725490196077
0.3,0.2,stochunif,twopoint,uniform,1,10.431372549019605
0.3,0.2,stochunif,twopoint,uniform,2,11.215686274509803
0.3,0.2,stochunif,twopoint,uniform,3,10.431372549019608
0.3,0.2,stochunif,twopoint,uniform,4,11.039215686274511
0.3,0.2,stochunif,twopoint,uniform,5,10.117647058823529
0.3,0.2,stochunif,twopoint,uniform,6,10.745098039215684
0.3,0.2,stochunif,twopoint,uniform,7,10.156862745098039
0.3,0.2,stochunif,twopoint,uniform,8,9.941176470588234
0.3,0.2,stochunif,twopoint,uniform,9,10.470588235294116
0.3,0.2,stochunif,twopoint,uniform,10,10.058823529411764
0.3,0.2,stochunif,twopoint,block,1,11.313725490196076
0.3,0.2,stochunif,twopoint,block,2,13.098039215686274
0.3,0.2,stochunif,twopoint,block,3,11.019607843137253
0.3,0.2,stochunif,twopoint,block,4,11.392156862745097
0.3,0.2,stochunif,twopoint,block,5,12.137254901960784
0.3,0.2,stochunif,twopoint,block,6,13.058823529411763
0.3,0.2,stochunif,twopoint,block,7,11.84313725490196
0.3,0.2,stochunif,twopoint,block,8,12.88235294117647
0.3,0.2,stochunif,twopoint,block,9,13.450980392156863
0.3,0.2,stochunif,twopoint,block,10,11.235294117647058
0.3,0.2,stochunif,twopoint,scramble,1,10.784313725490195
0.3,0.2,stochunif,twopoint,scramble,2,12.313725490196079
0.3,0.2,stochunif,twopoint,scramble,3,11.901960784313724
0.3,0.2,stochunif,twopoint,scramble,4,11.960784313725492
0.3,0.2,stochunif,twopoint,scramble,5,11.999999999999998
0.3,0.2,stochunif,twopoint,scramble,6,10.76470588235294
0.3,0.2,stochunif,twopoint,scramble,7,14.49019607843137
0.3,0.2,stochunif,twopoint,scramble,8,10.823529411764707
0.3,0.2,stochunif,twopoint,scramble,9,11.235294117647058
0.3,0.2,stochunif,twopoint,scramble,10,10.901960784313726
0.3,0.2,stochunif,twopoint,swap,1,12.29411764705882
0.3,0.2,stochunif,twopoint,swap,2,10.607843137254903
0.3,0.2,stochunif,twopoint,swap,3,12.156862745098039
0.3,0.2,stochunif,twopoint,swap,4,12.117647058823529
0.3,0.2,stochunif,twopoint,swap,5,14.411764705882351
0.3,0.2,stochunif,twopoint,swap,6,11.764705882352942
0.3,0.2,stochunif,twopoint,swap,7,10.549019607843135
0.3,0.2,stochunif,twopoint,swap,8,12.19607843137255
0.3,0.2,stochunif,twopoint,swap,9,10.921568627450979
0.3,0.2,stochunif,twopoint,swap,10,10.27450980392157
0.3,0.2,stochunif,twopoint,frequency,1,9.333333333333332
0.3,0.2,stochunif,twopoint,frequency,2,10.372549019607845
0.3,0.2,stochunif,twopoint,frequency,3,10.392156862745097
0.3,0.2,stochunif,twopoint,frequency,4,10.901960784313724
0.3,0.2,stochunif,twopoint,frequency,5,9.784313725490197
0.3,0.2,stochunif,twopoint,frequency,6,11.137254901960784
0.3,0.2,stochunif,twopoint,frequency,7,10.137254901960786
0.3,0.2,stochunif,twopoint,frequency,8,9.294117647058824
0.3,0.2,stochunif,twopoint,frequency,9,9.666666666666668
0.3,0.2,stochunif,twopoint,frequency,10,9.72549019607843
0.3,0.2,roulette,scattered,uniform,1,9.803921568627448
0.3,0.2,roulette,scattered,uniform,2,9.705882352941176
0.3,0.2,roulette,scattered,uniform,3,9.960784313725489
0.3,0.2,roulette,scattered,uniform,4,9.784313725490195
0.3,0.2,roulette,scattered,uniform,5,11.392156862745098
0.3,0.2,roulette,scattered,uniform,6,9.372549019607844
0.3,0.2,roulette,scattered,uniform,7,9.52941176470588
0.3,0.2,roulette,scattered,uniform,8,9.647058823529411
0.3,0.2,roulette,scattered,uniform,9,10.019607843137255
0.3,0.2,roulette,scattered,uniform,10,9.705882352941176
0.3,0.2,roulette,scattered,block,1,12.294117647058824
0.3,0.2,roulette,scattered,block,2,12.313725490196077
0.3,0.2,roulette,scattered,block,3,12.784313725490195
0.3,0.2,roulette,scattered,block,4,12.274509803921568
0.3,0.2,roulette,scattered,block,5,10.392156862745097
0.3,0.2,roulette,scattered,block,6,13.64705882352941
0.3,0.2,roulette,scattered,block,7,12.745098039215685
0.3,0.2,roulette,scattered,block,8,11.117647058823529
0.3,0.2,roulette,scattered,block,9,10.627450980392156
0.3,0.2,roulette,scattered,block,10,11.843137254901961
0.3,0.2,roulette,scattered,scramble,1,12.156862745098037
0.3,0.2,roulette,scattered,scramble,2,11.84313725490196
0.3,0.2,roulette,scattered,scramble,3,12.941176470588236
0.3,0.2,roulette,scattered,scramble,4,10.117647058823527
0.3,0.2,roulette,scattered,scramble,5,12.176470588235292
0.3,0.2,roulette,scattered,scramble,6,9.862745098039213
0.3,0.2,roulette,scattered,scramble,7,12.490196078431373
0.3,0.2,roulette,scattered,scramble,8,10.470588235294118
0.3,0.2,roulette,scattered,scramble,9,12.84313725490196
0.3,0.2,roulette,scattered,scramble,10,10.333333333333332
0.3,0.2,roulette,scattered,swap,1,11.705882352941174
0.3,0.2,roulette,scattered,swap,2,10.49019607843137
0.3,0.2,roulette,scattered,swap,3,13.372549019607842
0.3,0.2,roulette,scattered,swap,4,11.705882352941174
0.3,0.2,roulette,scattered,swap,5,11.588235294117645
0.3,0.2,roulette,scattered,swap,6,11.333333333333332
0.3,0.2,roulette,scattered,swap,7,12.823529411764707
0.3,0.2,roulette,scattered,swap,8,11.80392156862745
0.3,0.2,roulette,scattered,swap,9,11.999999999999998
0.3,0.2,roulette,scattered,swap,10,10.92156862745098
0.3,0.2,roulette,scattered,frequency,1,9.72549019607843
0.3,0.2,roulette,scattered,frequency,2,10.019607843137253
0.3,0.2,roulette,scattered,frequency,3,10.843137254901961
0.3,0.2,roulette,scattered,frequency,4,9.254901960784313
0.3,0.2,roulette,scattered,frequency,5,10.294117647058824
0.3,0.2,roulette,scattered,frequency,6,9.784313725490195
0.3,0.2,roulette,scattered,frequency,7,9.254901960784313
0.3,0.2,roulette,scattered,frequency,8,9.88235294117647
0.3,0.2,roulette,scattered,frequency,9,10.313725490196079
0.3,0.2,roulette,scattered,frequency,10,10.470588235294118
0.3,0.2,roulette,singlepoint,uniform,1,10.03921568627451
0.3,0.2,roulette,singlepoint,uniform,2,9.705882352941178
0.3,0.2,roulette,singlepoint,uniform,3,10.019607843137253
0.3,0.2,roulette,singlepoint,uniform,4,9.509803921568627
0.3,0.2,roulette,singlepoint,uniform,5,9.705882352941178
0.3,0.2,roulette,singlepoint,uniform,6,10.470588235294116
0.3,0.2,roulette,singlepoint,uniform,7,10.725490196078432
0.3,0.2,roulette,singlepoint,uniform,8,10.980392156862745
0.3,0.2,roulette,singlepoint,uniform,9,10.235294117647058
0.3,0.2,roulette,singlepoint,uniform,10,9.999999999999998
0.3,0.2,roulette,singlepoint,block,1,11.49019607843137
0.3,0.2,roulette,singlepoint,block,2,14.215686274509803
0.3,0.2,roulette,singlepoint,block,3,12.627450980392156
0.3,0.2,roulette,singlepoint,block,4,13.686274509803921
0.3,0.2,roulette,singlepoint,block,5,13.431372549019608
0.3,0.2,roulette,singlepoint,block,6,12.03921568627451
0.3,0.2,roulette,singlepoint,block,7,13.058823529411764
0.3,0.2,roulette,singlepoint,block,8,12.156862745098039
0.3,0.2,roulette,singlepoint,block,9,11.49019607843137
0.3,0.2,roulette,singlepoint,block,10,11.254901960784313
0.3,0.2,roulette,singlepoint,scramble,1,12.549019607843135
0.3,0.2,roulette,singlepoint,scramble,2,12.274509803921568
0.3,0.2,roulette,singlepoint,scramble,3,12.058823529411763
0.3,0.2,roulette,singlepoint,scramble,4,11.901960784313724
0.3,0.2,roulette,singlepoint,scramble,5,12.07843137254902
0.3,0.2,roulette,singlepoint,scramble,6,13.568627450980392
0.3,0.2,roulette,singlepoint,scramble,7,12.68627450980392
0.3,0.2,roulette,singlepoint,scramble,8,11.92156862745098
0.3,0.2,roulette,singlepoint,scramble,9,11.294117647058824
0.3,0.2,roulette,singlepoint,scramble,10,13.588235294117649
0.3,0.2,roulette,singlepoint,swap,1,12.03921568627451
0.3,0.2,roulette,singlepoint,swap,2,12.294117647058822
0.3,0.2,roulette,singlepoint,swap,3,11.235294117647058
0.3,0.2,roulette,singlepoint,swap,4,11.745098039215687
0.3,0.2,roulette,singlepoint,swap,5,11.49019607843137
0.3,0.2,roulette,singlepoint,swap,6,12.176470588235292
0.3,0.2,roulette,singlepoint,swap,7,13.588235294117647
0.3,0.2,roulette,singlepoint,swap,8,12.88235294117647
0.3,0.2,roulette,singlepoint,swap,9,14.254901960784315
0.3,0.2,roulette,singlepoint,swap,10,10.88235294117647
0.3,0.2,roulette,singlepoint,frequency,1,10.235294117647058
0.3,0.2,roulette,singlepoint,frequency,2,9.901960784313724
0.3,0.2,roulette,singlepoint,frequency,3,10.84313725490196
0.3,0.2,roulette,singlepoint,frequency,4,9.980392156862745
0.3,0.2,roulette,singlepoint,frequency,5,9.254901960784313
0.3,0.2,roulette,singlepoint,frequency,6,10.392156862745097
0.3,0.2,roulette,singlepoint,frequency,7,10.490196078431369
0.3,0.2,roulette,singlepoint,frequency,8,9.372549019607844
0.3,0.2,roulette,singlepoint,frequency,9,9.294117647058822
0.3,0.2,roulette,singlepoint,frequency,10,9.784313725490197
0.3,0.2,roulette,twopoint,uniform,1,11.098039215686278
0.3,0.2,roulette,twopoint,uniform,2,9.509803921568627
0.3,0.2,roulette,twopoint,uniform,3,11.352941176470589
0.3,0.2,roulette,twopoint,uniform,4,10.11764705882353
0.3,0.2,roulette,twopoint,uniform,5,10.372549019607845
0.3,0.2,roulette,twopoint,uniform,6,9.372549019607844
0.3,0.2,roulette,twopoint,uniform,7,9.705882352941174
0.3,0.2,roulette,twopoint,uniform,8,12.117647058823529
0.3,0.2,roulette,twopoint,uniform,9,10.588235294117645
0.3,0.2,roulette,twopoint,uniform,10,10.235294117647058
0.3,0.2,roulette,twopoint,block,1,11.88235294117647
0.3,0.2,roulette,twopoint,block,2,12.72549019607843
0.3,0.2,roulette,twopoint,block,3,12.294117647058822
0.3,0.2,roulette,twopoint,block,4,10.843137254901961
0.3,0.2,roulette,twopoint,block,5,14.823529411764705
0.3,0.2,roulette,twopoint,block,6,12.686274509803921
0.3,0.2,roulette,twopoint,block,7,11.50980392156863
0.3,0.2,roulette,twopoint,block,8,11.784313725490197
0.3,0.2,roulette,twopoint,block,9,13.745098039215685
0.3,0.2,roulette,twopoint,block,10,13.803921568627452
0.3,0.2,roulette,twopoint,scramble,1,14.098039215686274
0.3,0.2,roulette,twopoint,scramble,2,12.117647058823527
0.3,0.2,roulette,twopoint,scramble,3,11.509803921568627
0.3,0.2,roulette,twopoint,scramble,4,13.03921568627451
0.3,0.2,roulette,twopoint,scramble,5,10.764705882352942
0.3,0.2,roulette,twopoint,scramble,6,10.784313725490195
0.3,0.2,roulette,twopoint,scramble,7,11.450980392156863
0.3,0.2,roulette,twopoint,scramble,8,11.117647058823529
0.3,0.2,roulette,twopoint,scramble,9,14.49019607843137
0.3,0.2,roulette,twopoint,scramble,10,10.784313725490195
0.3,0.2,roulette,twopoint,swap,1,14.058823529411763
0.3,0.2,roulette,twopoint,swap,2,10.666666666666666
0.3,0.2,roulette,twopoint,swap,3,11.392156862745097
0.3,0.2,roulette,twopoint,swap,4,13.352941176470589
0.3,0.2,roulette,twopoint,swap,5,10.07843137254902
0.3,0.2,roulette,twopoint,swap,6,11.019607843137253
0.3,0.2,roulette,twopoint,swap,7,12.745098039215685
0.3,0.2,roulette,twopoint,swap,8,12.80392156862745
0.3,0.2,roulette,twopoint,swap,9,10.901960784313722
0.3,0.2,roulette,twopoint,swap,10,12.470588235294114
0.3,0.2,roulette,twopoint,frequency,1,10.411764705882353
0.3,0.2,roulette,twopoint,frequency,2,10.274509803921568
0.3,0.2,roulette,twopoint,frequency,3,9.254901960784313
0.3,0.2,roulette,twopoint,frequency,4,10.019607843137253
0.3,0.2,roulette,twopoint,frequency,5,9.784313725490195
0.3,0.2,roulette,twopoint,frequency,6,9.705882352941178
0.3,0.2,roulette,twopoint,frequency,7,9.294117647058824
0.3,0.2,roulette,twopoint,frequency,8,9.372549019607844
0.3,0.2,roulette,twopoint,frequency,9,9.705882352941176
0.3,0.2,roulette,twopoint,frequency,10,10.686274509803921
0.3,0.2,tournament,scattered,uniform,1,9.254901960784313
0.3,0.2,tournament,scattered,uniform,2,11.019607843137255
0.3,0.2,tournament,scattered,uniform,3,9.254901960784313
0.3,0.2,tournament,scattered,uniform,4,9.64705882352941
0.3,0.2,tournament,scattered,uniform,5,9.529411764705882
0.3,0.2,tournament,scattered,uniform,6,9.64705882352941
0.3,0.2,tournament,scattered,uniform,7,9.823529411764707
0.3,0.2,tournament,scattered,uniform,8,9.294117647058824
0.3,0.2,tournament,scattered,uniform,9,9.784313725490195
0.3,0.2,tournament,scattered,uniform,10,9.254901960784313
0.3,0.2,tournament,scattered,block,1,9.294117647058822
0.3,0.2,tournament,scattered,block,2,10.56862745098039
0.3,0.2,tournament,scattered,block,3,10.058823529411764
0.3,0.2,tournament,scattered,block,4,10.313725490196076
0.3,0.2,tournament,scattered,block,5,11.117647058823529
0.3,0.2,tournament,scattered,block,6,9.294117647058822
0.3,0.2,tournament,scattered,block,7,10.450980392156863
0.3,0.2,tournament,scattered,block,8,10.03921568627451
0.3,0.2,tournament,scattered,block,9,10.509803921568627
0.3,0.2,tournament,scattered,block,10,10.117647058823529
0.3,0.2,tournament,scattered,scramble,1,9.960784313725489
0.3,0.2,tournament,scattered,scramble,2,10.058823529411763
0.3,0.2,tournament,scattered,scramble,3,9.705882352941176
0.3,0.2,tournament,scattered,scramble,4,10.64705882352941
0.3,0.2,tournament,scattered,scramble,5,10.686274509803921
0.3,0.2,tournament,scattered,scramble,6,10.058823529411764
0.3,0.2,tournament,scattered,scramble,7,9.372549019607844
0.3,0.2,tournament,scattered,scramble,8,9.372549019607842
0.3,0.2,tournament,scattered,scramble,9,10.80392156862745
0.3,0.2,tournament,scattered,scramble,10,9.980392156862749
0.3,0.2,tournament,scattered,swap,1,9.960784313725489
0.3,0.2,tournament,scattered,swap,2,10.627450980392156
0.3,0.2,tournament,scattered,swap,3,10.882352941176471
0.3,0.2,tournament,scattered,swap,4,11.392156862745098
0.3,0.2,tournament,scattered,swap,5,9.254901960784313
0.3,0.2,tournament,scattered,swap,6,11.882352941176471
0.3,0.2,tournament,scattered,swap,7,9.294117647058824
0.3,0.2,tournament,scattered,swap,8,9.64705882352941
0.3,0.2,tournament,scattered,swap,9,9.862745098039214
0.3,0.2,tournament,scattered,swap,10,10.627450980392156
0.3,0.2,tournament,scattered,frequency,1,9.64705882352941
0.3,0.2,tournament,scattered,frequency,2,9.294117647058824
0.3,0.2,tournament,scattered,frequency,3,9.647058823529411
0.3,0.2,tournament,scattered,frequency,4,10.019607843137255
0.3,0.2,tournament,scattered,frequency,5,9.254901960784313
0.3,0.2,tournament,scattered,frequency,6,9.294117647058822
0.3,0.2,tournament,scattered,frequency,7,9.333333333333332
0.3,0.2,tournament,scattered,frequency,8,10.235294117647058
0.3,0.2,tournament,scattered,frequency,9,9.294117647058822
0.3,0.2,tournament,scattered,frequency,10,9.254901960784313
0.3,0.2,tournament,singlepoint,uniform,1,9.588235294117647
0.3,0.2,tournament,singlepoint,uniform,2,9.666666666666666
0.3,0.2,tournament,singlepoint,uniform,3,9.941176470588236
0.3,0.2,tournament,singlepoint,uniform,4,9.64705882352941
0.3,0.2,tournament,singlepoint,uniform,5,9.705882352941174
0.3,0.2,tournament,singlepoint,uniform,6,9.980392156862745
0.3,0.2,tournament,singlepoint,uniform,7,9.294117647058824
0.3,0.2,tournament,singlepoint,uniform,8,9.745098039215685
0.3,0.2,tournament,singlepoint,uniform,9,9.705882352941178
0.3,0.2,tournament,singlepoint,uniform,10,9.647058823529411
0.3,0.2,tournament,singlepoint,block,1,12.52941176470588
0.3,0.2,tournament,singlepoint,block,2,9.92156862745098
0.3,0.2,tournament,singlepoint,block,3,11.92156862745098
0.3,0.2,tournament,singlepoint,block,4,11.49019607843137
0.3,0.2,tournament,singlepoint,block,5,10.235294117647058
0.3,0.2,tournament,singlepoint,block,6,11.941176470588232
0.3,0.2,tournament,singlepoint,block,7,11.568627450980392
0.3,0.2,tournament,singlepoint,block,8,10.803921568627452
0.3,0.2,tournament,singlepoint,block,9,11.117647058823529
0.3,0.2,tournament,singlepoint,block,10,11.333333333333332
0.3,0.2,tournament,singlepoint,scramble,1,10.549019607843135
0.3,0.2,tournament,singlepoint,scramble,2,12.745098039215685
0.3,0.2,tournament,singlepoint,scramble,3,11.470588235294116
0.3,0.2,tournament,singlepoint,scramble,4,12.980392156862745
0.3,0.2,tournament,singlepoint,scramble,5,10.0
0.3,0.2,tournament,singlepoint,scramble,6,10.607843137254903
0.3,0.2,tournament,singlepoint,scramble,7,10.509803921568626
0.3,0.2,tournament,singlepoint,scramble,8,10.372549019607842
0.3,0.2,tournament,singlepoint,scramble,9,10.745098039215685
0.3,0.2,tournament,singlepoint,scramble,10,10.058823529411764
0.3,0.2,tournament,singlepoint,swap,1,10.549019607843135
0.3,0.2,tournament,singlepoint,swap,2,12.509803921568627
0.3,0.2,tournament,singlepoint,swap,3,11.215686274509803
0.3,0.2,tournament,singlepoint,swap,4,10.03921568627451
0.3,0.2,tournament,singlepoint,swap,5,11.568627450980392
0.3,0.2,tournament,singlepoint,swap,6,11.960784313725489
0.3,0.2,tournament,singlepoint,swap,7,9.72549019607843
0.3,0.2,tournament,singlepoint,swap,8,10.03921568627451
0.3,0.2,tournament,singlepoint,swap,9,10.980392156862743
0.3,0.2,tournament,singlepoint,swap,10,13.176470588235292
0.3,0.2,tournament,singlepoint,frequency,1,9.254901960784313
0.3,0.2,tournament,singlepoint,frequency,2,9.686274509803921
0.3,0.2,tournament,singlepoint,frequency,3,9.294117647058822
0.3,0.2,tournament,singlepoint,frequency,4,9.64705882352941
0.3,0.2,tournament,singlepoint,frequency,5,9.254901960784313
0.3,0.2,tournament,singlepoint,frequency,6,10.627450980392156
0.3,0.2,tournament,singlepoint,frequency,7,9.294117647058824
0.3,0.2,tournament,singlepoint,frequency,8,9.705882352941174
0.3,0.2,tournament,singlepoint,frequency,9,9.823529411764707
0.3,0.2,tournament,singlepoint,frequency,10,9.294117647058824
0.3,0.2,tournament,twopoint,uniform,1,9.64705882352941
0.3,0.2,tournament,twopoint,uniform,2,9.666666666666666
0.3,0.2,tournament,twopoint,uniform,3,9.294117647058822
0.3,0.2,tournament,twopoint,uniform,4,9.980392156862745
0.3,0.2,tournament,twopoint,uniform,5,9.254901960784313
0.3,0.2,tournament,twopoint,uniform,6,9.333333333333332
0.3,0.2,tournament,twopoint,uniform,7,9.88235294117647
0.3,0.2,tournament,twopoint,uniform,8,10.274509803921568
0.3,0.2,tournament,twopoint,uniform,9,9.372549019607842
0.3,0.2,tournament,twopoint,uniform,10,9.294117647058822
0.3,0.2,tournament,twopoint,block,1,11.431372549019606
0.3,0.2,tournament,twopoint,block,2,9.372549019607844
0.3,0.2,tournament,twopoint,block,3,10.941176470588237
0.3,0.2,tournament,twopoint,block,4,11.999999999999998
0.3,0.2,tournament,twopoint,block,5,10.980392156862743
0.3,0.2,tournament,twopoint,block,6,10.705882352941174
0.3,0.2,tournament,twopoint,block,7,10.980392156862743
0.3,0.2,tournament,twopoint,block,8,10.803921568627448
0.3,0.2,tournament,twopoint,block,9,11.92156862745098
0.3,0.2,tournament,twopoint,block,10,10.705882352941176
0.3,0.2,tournament,twopoint,scramble,1,11.607843137254902
0.3,0.2,tournament,twopoint,scramble,2,11.215686274509803
0.3,0.2,tournament,twopoint,scramble,3,12.843137254901961
0.3,0.2,tournament,twopoint,scramble,4,11.0
0.3,0.2,tournament,twopoint,scramble,5,11.117647058823527
0.3,0.2,tournament,twopoint,scramble,6,10.647058823529413
0.3,0.2,tournament,twopoint,scramble,7,10.117647058823529
0.3,0.2,tournament,twopoint,scramble,8,9.823529411764705
0.3,0.2,tournament,twopoint,scramble,9,10.686274509803921
0.3,0.2,tournament,twopoint,scramble,10,10.33333333333333
0.3,0.2,tournament,twopoint,swap,1,10.313725490196077
0.3,0.2,tournament,twopoint,swap,2,11.07843137254902
0.3,0.2,tournament,twopoint,swap,3,10.607843137254902
0.3,0.2,tournament,twopoint,swap,4,11.137254901960784
0.3,0.2,tournament,twopoint,swap,5,11.333333333333332
0.3,0.2,tournament,twopoint,swap,6,9.509803921568627
0.3,0.2,tournament,twopoint,swap,7,11.313725490196077
0.3,0.2,tournament,twopoint,swap,8,11.215686274509803
0.3,0.2,tournament,twopoint,swap,9,9.509803921568627
0.3,0.2,tournament,twopoint,swap,10,10.901960784313724
0.3,0.2,tournament,twopoint,frequency,1,9.294117647058822
0.3,0.2,tournament,twopoint,frequency,2,9.823529411764707
0.3,0.2,tournament,twopoint,frequency,3,9.254901960784313
0.3,0.2,tournament,twopoint,frequency,4,10.019607843137255
0.3,0.2,tournament,twopoint,frequency,5,9.254901960784313
0.3,0.2,tournament,twopoint,frequency,6,9.254901960784313
0.3,0.2,tournament,twopoint,frequency,7,9.254901960784313
0.3,0.2,tournament,twopoint,frequency,8,9.666666666666666
0.3,0.2,tournament,twopoint,frequency,9,9.254901960784313
0.3,0.2,tournament,twopoint,frequency,10,9.941176470588234
0.4,0.01,stochunif,scattered,uniform,1,10.450980392156863
0.4,0.01,stochunif,scattered,uniform,2,10.862745098039216
0.4,0.01,stochunif,scattered,uniform,3,11.294117647058826
0.4,0.01,stochunif,scattered,uniform,4,10.235294117647058
0.4,0.01,stochunif,scattered,uniform,5,10.215686274509803
0.4,0.01,stochunif,scattered,uniform,6,12.862745098039213
0.4,0.01,stochunif,scattered,uniform,7,10.019607843137253
0.4,0.01,stochunif,scattered,uniform,8,12.254901960784315
0.4,0.01,stochunif,scattered,uniform,9,11.117647058823529
0.4,0.01,stochunif,scattered,uniform,10,11.49019607843137
0.4,0.01,stochunif,scattered,block,1,11.72549019607843
0.4,0.01,stochunif,scattered,block,2,12.294117647058824
0.4,0.01,stochunif,scattered,block,3,12.490196078431374
0.4,0.01,stochunif,scattered,block,4,12.686274509803921
0.4,0.01,stochunif,scattered,block,5,11.039215686274508
0.4,0.01,stochunif,scattered,block,6,11.862745098039216
0.4,0.01,stochunif,scattered,block,7,12.88235294117647
0.4,0.01,stochunif,scattered,block,8,12.313725490196079
0.4,0.01,stochunif,scattered,block,9,12.72549019607843
0.4,0.01,stochunif,scattered,block,10,12.666666666666664
0.4,0.01,stochunif,scattered,scramble,1,11.607843137254903
0.4,0.01,stochunif,scattered,scramble,2,12.529411764705882
0.4,0.01,stochunif,scattered,scramble,3,12.254901960784316
0.4,0.01,stochunif,scattered,scramble,4,12.392156862745097
0.4,0.01,stochunif,scattered,scramble,5,11.490196078431373
0.4,0.01,stochunif,scattered,scramble,6,10.470588235294118
0.4,0.01,stochunif,scattered,scramble,7,12.49019607843137
0.4,0.01,stochunif,scattered,scramble,8,10.92156862745098
0.4,0.01,stochunif,scattered,scramble,9,12.019607843137255
0.4,0.01,stochunif,scattered,scramble,10,10.84313725490196
0.4,0.01,stochunif,scattered,swap,1,10.705882352941176
0.4,0.01,stochunif,scattered,swap,2,13.215686274509805
0.4,0.01,stochunif,scattered,swap,3,13.607843137254902
0.4,0.01,stochunif,scattered,swap,4,11.607843137254903
0.4,0.01,stochunif,scattered,swap,5,10.980392156862743
0.4,0.01,stochunif,scattered,swap,6,11.549019607843135
0.4,0.01,stochunif,scattered,swap,7,11.49019607843137
0.4,0.01,stochunif,scattered,swap,8,11.784313725490195
0.4,0.01,stochunif,scattered,swap,9,11.03921568627451
0.4,0.01,stochunif,scattered,swap,10,11.549019607843135
0.4,0.01,stochunif,scattered,frequency,1,11.176470588235293
0.4,0.01,stochunif,scattered,frequency,2,12.862745098039214
0.4,0.01,stochunif,scattered,frequency,3,9.901960784313724
0.4,0.01,stochunif,scattered,frequency,4,10.196078431372548
0.4,0.01,stochunif,scattered,frequency,5,11.705882352941176
0.4,0.01,stochunif,scattered,frequency,6,9.705882352941174
0.4,0.01,stochunif,scattered,frequency,7,12.156862745098039
0.4,0.01,stochunif,scattered,frequency,8,10.235294117647058
0.4,0.01,stochunif,scattered,frequency,9,10.549019607843135
0.4,0.01,stochunif,scattered,frequency,10,12.0
0.4,0.01,stochunif,singlepoint,uniform,1,10.529411764705882
0.4,0.01,stochunif,singlepoint,uniform,2,12.705882352941174
0.4,0.01,stochunif,singlepoint,uniform,3,10.784313725490195
0.4,0.01,stochunif,singlepoint,uniform,4,11.999999999999998
0.4,0.01,stochunif,singlepoint,uniform,5,12.254901960784313
0.4,0.01,stochunif,singlepoint,uniform,6,11.627450980392158
0.4,0.01,stochunif,singlepoint,uniform,7,11.156862745098039
0.4,0.01,stochunif,singlepoint,uniform,8,11.254901960784311
0.4,0.01,stochunif,singlepoint,uniform,9,12.411764705882353
0.4,0.01,stochunif,singlepoint,uniform,10,13.254901960784313
0.4,0.01,stochunif,singlepoint,block,1,11.784313725490195
0.4,0.01,stochunif,singlepoint,block,2,14.96078431372549
0.4,0.01,stochunif,singlepoint,block,3,13.666666666666668
0.4,0.01,stochunif,singlepoint,block,4,11.15686274509804
0.4,0.01,stochunif,singlepoint,block,5,13.84313725490196
0.4,0.01,stochunif,singlepoint,block,6,13.509803921568627
0.4,0.01,stochunif,singlepoint,block,7,12.588235294117645
0.4,0.01,stochunif,singlepoint,block,8,11.901960784313726
0.4,0.01,stochunif,singlepoint,block,9,14.137254901960784
0.4,0.01,stochunif,singlepoint,block,10,12.549019607843137
0.4,0.01,stochunif,singlepoint,scramble,1,11.980392156862745
0.4,0.01,stochunif,singlepoint,scramble,2,13.254901960784313
0.4,0.01,stochunif,singlepoint,scramble,3,14.058823529411763
0.4,0.01,stochunif,singlepoint,scramble,4,13.568627450980392
0.4,0.01,stochunif,singlepoint,scramble,5,10.549019607843135
0.4,0.01,stochunif,singlepoint,scramble,6,15.019607843137255
0.4,0.01,stochunif,singlepoint,scramble,7,13.470588235294118
0.4,0.01,stochunif,singlepoint,scramble,8,11.941176470588234
0.4,0.01,stochunif,singlepoint,scramble,9,13.980392156862743
0.4,0.01,stochunif,singlepoint,scramble,10,12.156862745098039
0.4,0.01,stochunif,singlepoint,swap,1,13.588235294117645
0.4,0.01,stochunif,singlepoint,swap,2,12.549019607843135
0.4,0.01,stochunif,singlepoint,swap,3,14.568627450980395
0.4,0.01,stochunif,singlepoint,swap,4,12.980392156862745
0.4,0.01,stochunif,singlepoint,swap,5,12.431372549019606
0.4,0.01,stochunif,singlepoint,swap,6,12.352941176470589
0.4,0.01,stochunif,singlepoint,swap,7,13.549019607843135
0.4,0.01,stochunif,singlepoint,swap,8,11.980392156862747
0.4,0.01,stochunif,singlepoint,swap,9,12.235294117647058
0.4,0.01,stochunif,singlepoint,swap,10,14.235294117647058
0.4,0.01,stochunif,singlepoint,frequency,1,13.196078431372548
0.4,0.01,stochunif,singlepoint,frequency,2,12.450980392156861
0.4,0.01,stochunif,singlepoint,frequency,3,12.784313725490197
0.4,0.01,stochunif,singlepoint,frequency,4,11.999999999999996
0.4,0.01,stochunif,singlepoint,frequency,5,12.333333333333332
0.4,0.01,stochunif,singlepoint,frequency,6,13.803921568627452
0.4,0.01,stochunif,singlepoint,frequency,7,12.960784313725489
0.4,0.01,stochunif,singlepoint,frequency,8,11.725490196078434
0.4,0.01,stochunif,singlepoint,frequency,9,11.705882352941174
0.4,0.01,stochunif,singlepoint,frequency,10,13.274509803921568
0.4,0.01,stochunif,twopoint,uniform,1,11.411764705882351
0.4,0.01,stochunif,twopoint,uniform,2,12.392156862745098
0.4,0.01,stochunif,twopoint,uniform,3,13.117647058823527
0.4,0.01,stochunif,twopoint,uniform,4,13.117647058823529
0.4,0.01,stochunif,twopoint,uniform,5,10.607843137254903
0.4,0.01,stochunif,twopoint,uniform,6,10.49019607843137
0.4,0.01,stochunif,twopoint,uniform,7,11.156862745098039
0.4,0.01,stochunif,twopoint,uniform,8,14.196078431372548
0.4,0.01,stochunif,twopoint,uniform,9,12.784313725490195
0.4,0.01,stochunif,twopoint,uniform,10,12.627450980392155
0.4,0.01,stochunif,twopoint,block,1,11.64705882352941
0.4,0.01,stochunif,twopoint,block,2,14.647058823529411
0.4,0.01,stochunif,twopoint,block,3,11.72549019607843
0.4,0.01,stochunif,twopoint,block,4,13.784313725490195
0.4,0.01,stochunif,twopoint,block,5,12.254901960784315
0.4,0.01,stochunif,twopoint,block,6,13.372549019607844
0.4,0.01,stochunif,twopoint,block,7,11.901960784313724
0.4,0.01,stochunif,twopoint,block,8,12.705882352941176
0.4,0.01,stochunif,twopoint,block,9,12.372549019607844
0.4,0.01,stochunif,twopoint,block,10,11.568627450980394
0.4,0.01,stochunif,twopoint,scramble,1,13.156862745098037
0.4,0.01,stochunif,twopoint,scramble,2,12.666666666666666
0.4,0.01,stochunif,twopoint,scramble,3,15.098039215686272
0.4,0.01,stochunif,twopoint,scramble,4,10.33333333333333
0.4,0.01,stochunif,twopoint,scramble,5,15.27450980392157
0.4,0.01,stochunif,twopoint,scramble,6,11.72549019607843
0.4,0.01,stochunif,twopoint,scramble,7,11.999999999999996
0.4,0.01,stochunif,twopoint,scramble,8,12.862745098039214
0.4,0.01,stochunif,twopoint,scramble,9,11.431372549019606
0.4,0.01,stochunif,twopoint,scramble,10,12.92156862745098
0.4,0.01,stochunif,twopoint,swap,1,11.49019607843137
0.4,0.01,stochunif,twopoint,swap,2,12.941176470588236
0.4,0.01,stochunif,twopoint,swap,3,13.313725490196077
0.4,0.01,stochunif,twopoint,swap,4,14.627450980392158
0.4,0.01,stochunif,twopoint,swap,5,12.862745098039214
0.4,0.01,stochunif,twopoint,swap,6,13.803921568627448
0.4,0.01,stochunif,twopoint,swap,7,13.411764705882351
0.4,0.01,stochunif,twopoint,swap,8,12.529411764705882
0.4,0.01,stochunif,twopoint,swap,9,9.941176470588237
0.4,0.01,stochunif,twopoint,swap,10,10.450980392156865
0.4,0.01,stochunif,twopoint,frequency,1,10.058823529411764
0.4,0.01,stochunif,twopoint,frequency,2,10.03921568627451
0.4,0.01,stochunif,twopoint,frequency,3,11.333333333333332
0.4,0.01,stochunif,twopoint,frequency,4,10.745098039215685
0.4,0.01,stochunif,twopoint,frequency,5,11.333333333333332
0.4,0.01,stochunif,twopoint,frequency,6,10.705882352941176
0.4,0.01,stochunif,twopoint,frequency,7,10.745098039215685
0.4,0.01,stochunif,twopoint,frequency,8,12.549019607843135
0.4,0.01,stochunif,twopoint,frequency,9,12.392156862745097
0.4,0.01,stochunif,twopoint,frequency,10,10.058823529411763
0.4,0.01,roulette,scattered,uniform,1,10.529411764705882
0.4,0.01,roulette,scattered,uniform,2,11.92156862745098
0.4,0.01,roulette,scattered,uniform,3,12.156862745098039
0.4,0.01,roulette,scattered,uniform,4,9.92156862745098
0.4,0.01,roulette,scattered,uniform,5,10.882352941176471
0.4,0.01,roulette,scattered,uniform,6,9.784313725490195
0.4,0.01,roulette,scattered,uniform,7,10.80392156862745
0.4,0.01,roulette,scattered,uniform,8,12.098039215686272
0.4,0.01,roulette,scattered,uniform,9,11.745098039215687
0.4,0.01,roulette,scattered,uniform,10,11.392156862745097
0.4,0.01,roulette,scattered,block,1,11.0
0.4,0.01,roulette,scattered,block,2,12.352941176470589
0.4,0.01,roulette,scattered,block,3,11.999999999999998
0.4,0.01,roulette,scattered,block,4,11.823529411764705
0.4,0.01,roulette,scattered,block,5,11.098039215686274
0.4,0.01,roulette,scattered,block,6,11.313725490196079
0.4,0.01,roulette,scattered,block,7,12.431372549019608
0.4,0.01,roulette,scattered,block,8,13.352941176470587
0.4,0.01,roulette,scattered,block,9,11.450980392156863
0.4,0.01,roulette,scattered,block,10,10.470588235294116
0.4,0.01,roulette,scattered,scramble,1,11.509803921568631
0.4,0.01,roulette,scattered,scramble,2,11.588235294117647
0.4,0.01,roulette,scattered,scramble,3,10.999999999999998
0.4,0.01,roulette,scattered,scramble,4,11.274509803921568
0.4,0.01,roulette,scattered,scramble,5,12.37254901960784
0.4,0.01,roulette,scattered,scramble,6,13.235294117647058
0.4,0.01,roulette,scattered,scramble,7,13.50980392156863
0.4,0.01,roulette,scattered,scramble,8,11.49019607843137
0.4,0.01,roulette,scattered,scramble,9,11.03921568627451
0.4,0.01,roulette,scattered,scramble,10,10.431372549019605
0.4,0.01,roulette,scattered,swap,1,12.666666666666666
0.4,0.01,roulette,scattered,swap,2,12.333333333333332
0.4,0.01,roulette,scattered,swap,3,12.960784313725489
0.4,0.01,roulette,scattered,swap,4,11.509803921568627
0.4,0.01,roulette,scattered,swap,5,12.450980392156861
0.4,0.01,roulette,scattered,swap,6,11.431372549019606
0.4,0.01,roulette,scattered,swap,7,11.431372549019608
0.4,0.01,roulette,scattered,swap,8,11.862745098039214
0.4,0.01,roulette,scattered,swap,9,12.56862745098039
0.4,0.01,roulette,scattered,swap,10,9.921568627450979
0.4,0.01,roulette,scattered,frequency,1,9.372549019607842
0.4,0.01,roulette,scattered,frequency,2,10.56862745098039
0.4,0.01,roulette,scattered,frequency,3,9.254901960784313
0.4,0.01,roulette,scattered,frequency,4,11.372549019607844
0.4,0.01,roulette,scattered,frequency,5,10.607843137254903
0.4,0.01,roulette,scattered,frequency,6,11.23529411764706
0.4,0.01,roulette,scattered,frequency,7,11.450980392156863
0.4,0.01,roulette,scattered,frequency,8,10.901960784313726
0.4,0.01,roulette,scattered,frequency,9,11.000000000000002
0.4,0.01,roulette,scattered,frequency,10,9.80392156862745
0.4,0.01,roulette,singlepoint,uniform,1,11.901960784313724
0.4,0.01,roulette,singlepoint,uniform,2,13.058823529411764
0.4,0.01,roulette,singlepoint,uniform,3,11.568627450980392
0.4,0.01,roulette,singlepoint,uniform,4,13.862745098039214
0.4,0.01,roulette,singlepoint,uniform,5,13.705882352941174
0.4,0.01,roulette,singlepoint,uniform,6,12.313725490196079
0.4,0.01,roulette,singlepoint,uniform,7,12.098039215686274
0.4,0.01,roulette,singlepoint,uniform,8,10.88235294117647
0.4,0.01,roulette,singlepoint,uniform,9,13.07843137254902
0.4,0.01,roulette,singlepoint,uniform,10,11.823529411764708
0.4,0.01,roulette,singlepoint,block,1,11.568627450980392
0.4,0.01,roulette,singlepoint,block,2,10.941176470588236
0.4,0.01,roulette,singlepoint,block,3,15.372549019607838
0.4,0.01,roulette,singlepoint,block,4,14.03921568627451
0.4,0.01,roulette,singlepoint,block,5,12.215686274509803
0.4,0.01,roulette,singlepoint,block,6,12.823529411764705
0.4,0.01,roulette,singlepoint,block,7,12.725490196078432
0.4,0.01,roulette,singlepoint,block,8,13.372549019607844
0.4,0.01,roulette,singlepoint,block,9,13.117647058823529
0.4,0.01,roulette,singlepoint,block,10,12.156862745098039
0.4,0.01,roulette,singlepoint,scramble,1,14.196078431372548
0.4,0.01,roulette,singlepoint,scramble,2,12.137254901960787
0.4,0.01,roulette,singlepoint,scramble,3,12.49019607843137
0.4,0.01,roulette,singlepoint,scramble,4,12.47058823529412
0.4,0.01,roulette,singlepoint,scramble,5,14.999999999999998
0.4,0.01,roulette,singlepoint,scramble,6,13.627450980392156
0.4,0.01,roulette,singlepoint,scramble,7,13.019607843137253
0.4,0.01,roulette,singlepoint,scramble,8,14.35294117647059
0.4,0.01,roulette,singlepoint,scramble,9,11.725490196078432
0.4,0.01,roulette,singlepoint,scramble,10,12.666666666666666
0.4,0.01,roulette,singlepoint,swap,1,13.333333333333332
0.4,0.01,roulette,singlepoint,swap,2,13.07843137254902
0.4,0.01,roulette,singlepoint,swap,3,12.647058823529411
0.4,0.01,roulette,singlepoint,swap,4,16.50980392156863
0.4,0.01,roulette,singlepoint,swap,5,15.117647058823525
0.4,0.01,roulette,singlepoint,swap,6,14.745098039215685
0.4,0.01,roulette,singlepoint,swap,7,14.0
0.4,0.01,roulette,singlepoint,swap,8,15.000000000000004
0.4,0.01,roulette,singlepoint,swap,9,14.431372549019608
0.4,0.01,roulette,singlepoint,swap,10,12.156862745098039
0.4,0.01,roulette,singlepoint,frequency,1,10.999999999999998
0.4,0.01,roulette,singlepoint,frequency,2,13.333333333333334
0.4,0.01,roulette,singlepoint,frequency,3,12.372549019607842
0.4,0.01,roulette,singlepoint,frequency,4,11.882352941176471
0.4,0.01,roulette,singlepoint,frequency,5,10.215686274509803
0.4,0.01,roulette,singlepoint,frequency,6,12.392156862745097
0.4,0.01,roulette,singlepoint,frequency,7,11.745098039215687
0.4,0.01,roulette,singlepoint,frequency,8,12.50980392156863
0.4,0.01,roulette,singlepoint,frequency,9,12.352941176470589
0.4,0.01,roulette,singlepoint,frequency,10,11.137254901960784
0.4,0.01,roulette,twopoint,uniform,1,11.49019607843137
0.4,0.01,roulette,twopoint,uniform,2,11.901960784313726
0.4,0.01,roulette,twopoint,uniform,3,11.156862745098037
0.4,0.01,roulette,twopoint,uniform,4,12.411764705882353
0.4,0.01,roulette,twopoint,uniform,5,11.0
0.4,0.01,roulette,twopoint,uniform,6,10.725490196078432
0.4,0.01,roulette,twopoint,uniform,7,12.666666666666664
0.4,0.01,roulette,twopoint,uniform,8,12.274509803921566
0.4,0.01,roulette,twopoint,uniform,9,10.313725490196077
0.4,0.01,roulette,twopoint,uniform,10,11.705882352941174
0.4,0.01,roulette,twopoint,block,1,12.392156862745098
0.4,0.01,roulette,twopoint,block,2,11.666666666666668
0.4,0.01,roulette,twopoint,block,3,10.156862745098039
0.4,0.01,roulette,twopoint,block,4,13.156862745098039
0.4,0.01,roulette,twopoint,block,5,12.764705882352942
0.4,0.01,roulette,twopoint,block,6,15.117647058823529
0.4,0.01,roulette,twopoint,block,7,10.901960784313724
0.4,0.01,roulette,twopoint,block,8,13.784313725490195
0.4,0.01,roulette,twopoint,block,9,11.196078431372548
0.4,0.01,roulette,twopoint,block,10,14.80392156862745
0.4,0.01,roulette,twopoint,scramble,1,13.215686274509803
0.4,0.01,roulette,twopoint,scramble,2,11.411764705882353
0.4,0.01,roulette,twopoint,scramble,3,11.705882352941174
0.4,0.01,roulette,twopoint,scramble,4,14.000000000000002
0.4,0.01,roulette,twopoint,scramble,5,14.07843137254902
0.4,0.01,roulette,twopoint,scramble,6,13.215686274509807
0.4,0.01,roulette,twopoint,scramble,7,12.117647058823529
0.4,0.01,roulette,twopoint,scramble,8,13.431372549019608
0.4,0.01,roulette,twopoint,scramble,9,13.686274509803923
0.4,0.01,roulette,twopoint,scramble,10,14.784313725490195
0.4,0.01,roulette,twopoint,swap,1,13.352941176470589
0.4,0.01,roulette,twopoint,swap,2,13.64705882352941
0.4,0.01,roulette,twopoint,swap,3,13.999999999999998
0.4,0.01,roulette,twopoint,swap,4,12.156862745098037
0.4,0.01,roulette,twopoint,swap,5,13.07843137254902
0.4,0.01,roulette,twopoint,swap,6,14.901960784313724
0.4,0.01,roulette,twopoint,swap,7,13.254901960784313
0.4,0.01,roulette,twopoint,swap,8,13.117647058823527
0.4,0.01,roulette,twopoint,swap,9,12.039215686274511
0.4,0.01,roulette,twopoint,swap,10,11.647058823529413
0.4,0.01,roulette,twopoint,frequency,1,11.117647058823529
0.4,0.01,roulette,twopoint,frequency,2,11.490196078431373
0.4,0.01,roulette,twopoint,frequency,3,10.137254901960786
0.4,0.01,roulette,twopoint,frequency,4,10.431372549019606
0.4,0.01,roulette,twopoint,frequency,5,12.92156862745098
0.4,0.01,roulette,twopoint,frequency,6,12.15686274509804
0.4,0.01,roulette,twopoint,frequency,7,13.156862745098037
0.4,0.01,roulette,twopoint,frequency,8,11.450980392156861
0.4,0.01,roulette,twopoint,frequency,9,12.745098039215687
0.4,0.01,roulette,twopoint,frequency,10,10.862745098039214
0.4,0.01,tournament,scattered,uniform,1,10.627450980392156
0.4,0.01,tournament,scattered,uniform,2,11.196078431372548
0.4,0.01,tournament,scattered,uniform,3,10.333333333333332
0.4,0.01,tournament,scattered,uniform,4,9.705882352941176
0.4,0.01,tournament,scattered,uniform,5,9.49019607843137
0.4,0.01,tournament,scattered,uniform,6,9.294117647058822
0.4,0.01,tournament,scattered,uniform,7,10.215686274509801
0.4,0.01,tournament,scattered,uniform,8,9.509803921568627
0.4,0.01,tournament,scattered,uniform,9,9.666666666666668
0.4,0.01,tournament,scattered,uniform,10,9.294117647058824
0.4,0.01,tournament,scattered,block,1,9.509803921568627
0.4,0.01,tournament,scattered,block,2,9.823529411764705
0.4,0.01,tournament,scattered,block,3,10.607843137254903
0.4,0.01,tournament,scattered,block,4,9.294117647058824
0.4,0.01,tournament,scattered,block,5,11.058823529411766
0.4,0.01,tournament,scattered,block,6,9.64705882352941
0.4,0.01,tournament,scattered,block,7,9.254901960784313
0.4,0.01,tournament,scattered,block,8,10.686274509803921
0.4,0.01,tournament,scattered,block,9,11.68627450980392
0.4,0.01,tournament,scattered,block,10,9.294117647058822
0.4,0.01,tournament,scattered,scramble,1,10.882352941176471
0.4,0.01,tournament,scattered,scramble,2,10.686274509803921
0.4,0.01,tournament,scattered,scramble,3,10.333333333333332
0.4,0.01,tournament,scattered,scramble,4,10.411764705882351
0.4,0.01,tournament,scattered,scramble,5,9.333333333333332
0.4,0.01,tournament,scattered,scramble,6,9.588235294117647
0.4,0.01,tournament,scattered,scramble,7,9.64705882352941
0.4,0.01,tournament,scattered,scramble,8,11.15686274509804
0.4,0.01,tournament,scattered,scramble,9,11.921568627450982
0.4,0.01,tournament,scattered,scramble,10,9.52941176470588
0.4,0.01,tournament,scattered,swap,1,11.03921568627451
0.4,0.01,tournament,scattered,swap,2,11.098039215686276
0.4,0.01,tournament,scattered,swap,3,9.980392156862749
0.4,0.01,tournament,scattered,swap,4,10.058823529411764
0.4,0.01,tournament,scattered,swap,5,10.117647058823529
0.4,0.01,tournament,scattered,swap,6,9.705882352941178
0.4,0.01,tournament,scattered,swap,7,9.294117647058824
0.4,0.01,tournament,scattered,swap,8,10.627450980392156
0.4,0.01,tournament,scattered,swap,9,10.627450980392156
0.4,0.01,tournament,scattered,swap,10,10.72549019607843
0.4,0.01,tournament,scattered,frequency,1,9.294117647058822
0.4,0.01,tournament,scattered,frequency,2,10.372549019607842
0.4,0.01,tournament,scattered,frequency,3,9.960784313725489
0.4,0.01,tournament,scattered,frequency,4,9.254901960784313
0.4,0.01,tournament,scattered,frequency,5,9.254901960784313
0.4,0.01,tournament,scattered,frequency,6,9.64705882352941
0.4,0.01,tournament,scattered,frequency,7,9.254901960784313
0.4,0.01,tournament,scattered,frequency,8,10.058823529411764
0.4,0.01,tournament,scattered,frequency,9,9.294117647058824
0.4,0.01,tournament,scattered,frequency,10,9.254901960784313
0.4,0.01,tournament,singlepoint,uniform,1,11.392156862745097
0.4,0.01,tournament,singlepoint,uniform,2,10.80392156862745
0.4,0.01,tournament,singlepoint,uniform,3,10.627450980392156
0.4,0.01,tournament,singlepoint,uniform,4,9.960784313725489
0.4,0.01,tournament,singlepoint,uniform,5,9.705882352941176
0.4,0.01,tournament,singlepoint,uniform,6,10.019607843137253
0.4,0.01,tournament,singlepoint,uniform,7,11.549019607843135
0.4,0.01,tournament,singlepoint,uniform,8,11.294117647058822
0.4,0.01,tournament,singlepoint,uniform,9,11.450980392156863
0.4,0.01,tournament,singlepoint,uniform,10,10.450980392156861
0.4,0.01,tournament,singlepoint,block,1,10.431372549019608
0.4,0.01,tournament,singlepoint,block,2,11.117647058823529
0.4,0.01,tournament,singlepoint,block,3,9.294117647058824
0.4,0.01,tournament,singlepoint,block,4,9.705882352941178
0.4,0.01,tournament,singlepoint,block,5,12.274509803921568
0.4,0.01,tournament,singlepoint,block,6,11.686274509803923
0.4,0.01,tournament,singlepoint,block,7,11.039215686274511
0.4,0.01,tournament,singlepoint,block,8,13.411764705882351
0.4,0.01,tournament,singlepoint,block,9,11.431372549019608
0.4,0.01,tournament,singlepoint,block,10,11.117647058823529
0.4,0.01,tournament,singlepoint,scramble,1,10.784313725490197
0.4,0.01,tournament,singlepoint,scramble,2,11.588235294117649
0.4,0.01,tournament,singlepoint,scramble,3,12.37254901960784
0.4,0.01,tournament,singlepoint,scramble,4,12.254901960784313
0.4,0.01,tournament,singlepoint,scramble,5,11.76470588235294
0.4,0.01,tournament,singlepoint,scramble,6,11.098039215686276
0.4,0.01,tournament,singlepoint,scramble,7,11.80392156862745
0.4,0.01,tournament,singlepoint,scramble,8,12.294117647058822
0.4,0.01,tournament,singlepoint,scramble,9,12.588235294117647
0.4,0.01,tournament,singlepoint,scramble,10,13.823529411764707
0.4,0.01,tournament,singlepoint,swap,1,9.980392156862745
0.4,0.01,tournament,singlepoint,swap,2,11.705882352941176
0.4,0.01,tournament,singlepoint,swap,3,11.03921568627451
0.4,0.01,tournament,singlepoint,swap,4,12.92156862745098
0.4,0.01,tournament,singlepoint,swap,5,11.549019607843135
0.4,0.01,tournament,singlepoint,swap,6,12.76470588235294
0.4,0.01,tournament,singlepoint,swap,7,11.07843137254902
0.4,0.01,tournament,singlepoint,swap,8,13.27450980392157
0.4,0.01,tournament,singlepoint,swap,9,10.686274509803921
0.4,0.01,tournament,singlepoint,swap,10,12.176470588235293
0.4,0.01,tournament,singlepoint,frequency,1,11.176470588235293
0.4,0.01,tournament,singlepoint,frequency,2,9.705882352941178
0.4,0.01,tournament,singlepoint,frequency,3,11.274509803921568
0.4,0.01,tournament,singlepoint,frequency,4,11.392156862745097
0.4,0.01,tournament,singlepoint,frequency,5,10.588235294117643
0.4,0.01,tournament,singlepoint,frequency,6,9.960784313725489
0.4,0.01,tournament,singlepoint,frequency,7,10.19607843137255
0.4,0.01,tournament,singlepoint,frequency,8,10.215686274509803
0.4,0.01,tournament,singlepoint,frequency,9,9.784313725490195
0.4,0.01,tournament,singlepoint,frequency,10,10.784313725490195
0.4,0.01,tournament,twopoint,uniform,1,10.019607843137253
0.4,0.01,tournament,twopoint,uniform,2,11.392156862745097
0.4,0.01,tournament,twopoint,uniform,3,11.705882352941174
0.4,0.01,tournament,twopoint,uniform,4,11.156862745098039
0.4,0.01,tournament,twopoint,uniform,5,10.137254901960786
0.4,0.01,tournament,twopoint,uniform,6,9.333333333333332
0.4,0.01,tournament,twopoint,uniform,7,10.07843137254902
0.4,0.01,tournament,twopoint,uniform,8,11.999999999999998
0.4,0.01,tournament,twopoint,uniform,9,10.588235294117645
0.4,0.01,tournament,twopoint,uniform,10,9.294117647058824
0.4,0.01,tournament,twopoint,block,1,11.549019607843135
0.4,0.01,tournament,twopoint,block,2,10.19607843137255
0.4,0.01,tournament,twopoint,block,3,10.627450980392156
0.4,0.01,tournament,twopoint,block,4,10.862745098039213
0.4,0.01,tournament,twopoint,block,5,10.901960784313724
0.4,0.01,tournament,twopoint,block,6,10.019607843137253
0.4,0.01,tournament,twopoint,block,7,11.666666666666666
0.4,0.01,tournament,twopoint,block,8,10.627450980392156
0.4,0.01,tournament,twopoint,block,9,9.901960784313726
0.4,0.01,tournament,twopoint,block,10,10.058823529411764
0.4,0.01,tournament,twopoint,scramble,1,12.470588235294114
0.4,0.01,tournament,twopoint,scramble,2,12.098039215686272
0.4,0.01,tournament,twopoint,scramble,3,10.941176470588234
0.4,0.01,tournament,twopoint,scramble,4,11.313725490196077
0.4,0.01,tournament,twopoint,scramble,5,11.019607843137253
0.4,0.01,tournament,twopoint,scramble,6,11.019607843137255
0.4,0.01,tournament,twopoint,scramble,7,11.254901960784313
0.4,0.01,tournament,twopoint,scramble,8,10.098039215686276
0.4,0.01,tournament,twopoint,scramble,9,10.960784313725489
0.4,0.01,tournament,twopoint,scramble,10,10.352941176470587
0.4,0.01,tournament,twopoint,swap,1,12.098039215686272
0.4,0.01,tournament,twopoint,swap,2,9.999999999999998
0.4,0.01,tournament,twopoint,swap,3,11.941176470588236
0.4,0.01,tournament,twopoint,swap,4,9.980392156862745
0.4,0.01,tournament,twopoint,swap,5,10.56862745098039
0.4,0.01,tournament,twopoint,swap,6,10.33333333333333
0.4,0.01,tournament,twopoint,swap,7,12.52941176470588
0.4,0.01,tournament,twopoint,swap,8,10.941176470588236
0.4,0.01,tournament,twopoint,swap,9,12.07843137254902
0.4,0.01,tournament,twopoint,swap,10,11.431372549019606
0.4,0.01,tournament,twopoint,frequency,1,9.666666666666668
0.4,0.01,tournament,twopoint,frequency,2,10.627450980392158
0.4,0.01,tournament,twopoint,frequency,3,10.03921568627451
0.4,0.01,tournament,twopoint,frequency,4,10.450980392156863
0.4,0.01,tournament,twopoint,frequency,5,11.254901960784313
0.4,0.01,tournament,twopoint,frequency,6,9.705882352941176
0.4,0.01,tournament,twopoint,frequency,7,10.49019607843137
0.4,0.01,tournament,twopoint,frequency,8,9.333333333333332
0.4,0.01,tournament,twopoint,frequency,9,9.72549019607843
0.4,0.01,tournament,twopoint,frequency,10,10.705882352941178
0.4,0.02,stochunif,scattered,uniform,1,10.196078431372548
0.4,0.02,stochunif,scattered,uniform,2,11.176470588235293
0.4,0.02,stochunif,scattered,uniform,3,10.333333333333332
0.4,0.02,stochunif,scattered,uniform,4,11.058823529411766
0.4,0.02,stochunif,scattered,uniform,5,9.52941176470588
0.4,0.02,stochunif,scattered,uniform,6,11.568627450980392
0.4,0.02,stochunif,scattered,uniform,7,11.666666666666666
0.4,0.02,stochunif,scattered,uniform,8,10.92156862745098
0.4,0.02,stochunif,scattered,uniform,9,10.058823529411764
0.4,0.02,stochunif,scattered,uniform,10,13.019607843137257
0.4,0.02,stochunif,scattered,block,1,11.627450980392156
0.4,0.02,stochunif,scattered,block,2,12.627450980392155
0.4,0.02,stochunif,scattered,block,3,9.960784313725489
0.4,0.02,stochunif,scattered,block,4,11.941176470588234
0.4,0.02,stochunif,scattered,block,5,12.274509803921566
0.4,0.02,stochunif,scattered,block,6,12.137254901960787
0.4,0.02,stochunif,scattered,block,7,10.49019607843137
0.4,0.02,stochunif,scattered,block,8,11.980392156862747
0.4,0.02,stochunif,scattered,block,9,10.76470588235294
0.4,0.02,stochunif,scattered,block,10,11.019607843137251
0.4,0.02,stochunif,scattered,scramble,1,11.490196078431374
0.4,0.02,stochunif,scattered,scramble,2,10.843137254901961
0.4,0.02,stochunif,scattered,scramble,3,9.823529411764705
0.4,0.02,stochunif,scattered,scramble,4,14.745098039215685
0.4,0.02,stochunif,scattered,scramble,5,11.92156862745098
0.4,0.02,stochunif,scattered,scramble,6,11.941176470588234
0.4,0.02,stochunif,scattered,scramble,7,13.843137254901961
0.4,0.02,stochunif,scattered,scramble,8,10.117647058823527
0.4,0.02,stochunif,scattered,scramble,9,11.254901960784313
0.4,0.02,stochunif,scattered,scramble,10,11.03921568627451
0.4,0.02,stochunif,scattered,swap,1,12.764705882352938
0.4,0.02,stochunif,scattered,swap,2,11.823529411764707
0.4,0.02,stochunif,scattered,swap,3,12.215686274509803
0.4,0.02,stochunif,scattered,swap,4,12.470588235294116
0.4,0.02,stochunif,scattered,swap,5,10.999999999999998
0.4,0.02,stochunif,scattered,swap,6,12.19607843137255
0.4,0.02,stochunif,scattered,swap,7,11.33333333333333
0.4,0.02,stochunif,scattered,swap,8,11.254901960784315
0.4,0.02,stochunif,scattered,swap,9,12.450980392156863
0.4,0.02,stochunif,scattered,swap,10,11.450980392156861
0.4,0.02,stochunif,scattered,frequency,1,11.431372549019606
0.4,0.02,stochunif,scattered,frequency,2,10.509803921568627
0.4,0.02,stochunif,scattered,frequency,3,9.333333333333332
0.4,0.02,stochunif,scattered,frequency,4,9.666666666666666
0.4,0.02,stochunif,scattered,frequency,5,9.76470588235294
0.4,0.02,stochunif,scattered,frequency,6,9.333333333333332
0.4,0.02,stochunif,scattered,frequency,7,10.607843137254903
0.4,0.02,stochunif,scattered,frequency,8,9.588235294117647
0.4,0.02,stochunif,scattered,frequency,9,11.745098039215685
0.4,0.02,stochunif,scattered,frequency,10,10.372549019607845
0.4,0.02,stochunif,singlepoint,uniform,1,10.84313725490196
0.4,0.02,stochunif,singlepoint,uniform,2,10.80392156862745
0.4,0.02,stochunif,singlepoint,uniform,3,10.529411764705879
0.4,0.02,stochunif,singlepoint,uniform,4,11.666666666666666
0.4,0.02,stochunif,singlepoint,uniform,5,11.96078431372549
0.4,0.02,stochunif,singlepoint,uniform,6,12.0
0.4,0.02,stochunif,singlepoint,uniform,7,12.058823529411764
0.4,0.02,stochunif,singlepoint,uniform,8,9.705882352941178
0.4,0.02,stochunif,singlepoint,uniform,9,9.901960784313724
0.4,0.02,stochunif,singlepoint,uniform,10,12.019607843137255
0.4,0.02,stochunif,singlepoint,block,1,13.176470588235295
0.4,0.02,stochunif,singlepoint,block,2,13.80392156862745
0.4,0.02,stochunif,singlepoint,block,3,13.431372549019606
0.4,0.02,stochunif,singlepoint,block,4,12.705882352941174
0.4,0.02,stochunif,singlepoint,block,5,12.52941176470588
0.4,0.02,stochunif,singlepoint,block,6,12.705882352941176
0.4,0.02,stochunif,singlepoint,block,7,15.627450980392155
0.4,0.02,stochunif,singlepoint,block,8,13.254901960784313
0.4,0.02,stochunif,singlepoint,block,9,13.058823529411763
0.4,0.02,stochunif,singlepoint,block,10,13.509803921568627
0.4,0.02,stochunif,singlepoint,scramble,1,12.784313725490195
0.4,0.02,stochunif,singlepoint,scramble,2,12.784313725490195
0.4,0.02,stochunif,singlepoint,scramble,3,12.84313725490196
0.4,0.02,stochunif,singlepoint,scramble,4,13.0
0.4,0.02,stochunif,singlepoint,scramble,5,11.862745098039214
0.4,0.02,stochunif,singlepoint,scramble,6,12.568627450980394
0.4,0.02,stochunif,singlepoint,scramble,7,11.72549019607843
0.4,0.02,stochunif,singlepoint,scramble,8,11.137254901960784
0.4,0.02,stochunif,singlepoint,scramble,9,13.72549019607843
0.4,0.02,stochunif,singlepoint,scramble,10,13.901960784313722
0.4,0.02,stochunif,singlepoint,swap,1,12.941176470588236
0.4,0.02,stochunif,singlepoint,swap,2,14.92156862745098
0.4,0.02,stochunif,singlepoint,swap,3,12.960784313725489
0.4,0.02,stochunif,singlepoint,swap,4,15.588235294117647
0.4,0.02,stochunif,singlepoint,swap,5,13.176470588235293
0.4,0.02,stochunif,singlepoint,swap,6,13.627450980392156
0.4,0.02,stochunif,singlepoint,swap,7,14.823529411764707
0.4,0.02,stochunif,singlepoint,swap,8,12.07843137254902
0.4,0.02,stochunif,singlepoint,swap,9,13.92156862745098
0.4,0.02,stochunif,singlepoint,swap,10,13.37254901960784
0.4,0.02,stochunif,singlepoint,frequency,1,11.52941176470588
0.4,0.02,stochunif,singlepoint,frequency,2,10.19607843137255
0.4,0.02,stochunif,singlepoint,frequency,3,10.274509803921564
0.4,0.02,stochunif,singlepoint,frequency,4,11.901960784313726
0.4,0.02,stochunif,singlepoint,frequency,5,12.254901960784315
0.4,0.02,stochunif,singlepoint,frequency,6,12.431372549019608
0.4,0.02,stochunif,singlepoint,frequency,7,10.627450980392155
0.4,0.02,stochunif,singlepoint,frequency,8,12.745098039215685
0.4,0.02,stochunif,singlepoint,frequency,9,12.450980392156865
0.4,0.02,stochunif,singlepoint,frequency,10,10.607843137254902
0.4,0.02,stochunif,twopoint,uniform,1,11.294117647058826
0.4,0.02,stochunif,twopoint,uniform,2,11.254901960784313
0.4,0.02,stochunif,twopoint,uniform,3,11.549019607843135
0.4,0.02,stochunif,twopoint,uniform,4,10.76470588235294
0.4,0.02,stochunif,twopoint,uniform,5,10.07843137254902
0.4,0.02,stochunif,twopoint,uniform,6,10.647058823529413
0.4,0.02,stochunif,twopoint,uniform,7,10.313725490196076
0.4,0.02,stochunif,twopoint,uniform,8,11.627450980392156
0.4,0.02,stochunif,twopoint,uniform,9,12.941176470588234
0.4,0.02,stochunif,twopoint,uniform,10,12.470588235294118
0.4,0.02,stochunif,twopoint,block,1,10.470588235294118
0.4,0.02,stochunif,twopoint,block,2,12.215686274509803
0.4,0.02,stochunif,twopoint,block,3,14.03921568627451
0.4,0.02,stochunif,twopoint,block,4,12.294117647058824
0.4,0.02,stochunif,twopoint,block,5,13.098039215686276
0.4,0.02,stochunif,twopoint,block,6,12.0
0.4,0.02,stochunif,twopoint,block,7,13.941176470588232
0.4,0.02,stochunif,twopoint,block,8,14.078431372549018
0.4,0.02,stochunif,twopoint,block,9,11.882352941176471
0.4,0.02,stochunif,twopoint,block,10,13.92156862745098
0.4,0.02,stochunif,twopoint,scramble,1,11.392156862745097
0.4,0.02,stochunif,twopoint,scramble,2,10.80392156862745
0.4,0.02,stochunif,twopoint,scramble,3,11.117647058823527
0.4,0.02,stochunif,twopoint,scramble,4,13.196078431372548
0.4,0.02,stochunif,twopoint,scramble,5,13.607843137254902
0.4,0.02,stochunif,twopoint,scramble,6,13.137254901960784
0.4,0.02,stochunif,twopoint,scramble,7,12.33333333333333
0.4,0.02,stochunif,twopoint,scramble,8,13.156862745098037
0.4,0.02,stochunif,twopoint,scramble,9,12.333333333333332
0.4,0.02,stochunif,twopoint,scramble,10,12.52941176470588
0.4,0.02,stochunif,twopoint,swap,1,11.450980392156863
0.4,0.02,stochunif,twopoint,swap,2,12.68627450980392
0.4,0.02,stochunif,twopoint,swap,3,12.411764705882351
0.4,0.02,stochunif,twopoint,swap,4,14.862745098039214
0.4,0.02,stochunif,twopoint,swap,5,13.411764705882353
0.4,0.02,stochunif,twopoint,swap,6,12.294117647058824
0.4,0.02,stochunif,twopoint,swap,7,9.294117647058822
0.4,0.02,stochunif,twopoint,swap,8,15.372549019607842
0.4,0.02,stochunif,twopoint,swap,9,13.607843137254903
0.4,0.02,stochunif,twopoint,swap,10,13.274509803921566
0.4,0.02,stochunif,twopoint,frequency,1,9.823529411764705
0.4,0.02,stochunif,twopoint,frequency,2,9.823529411764705
0.4,0.02,stochunif,twopoint,frequency,3,10.352941176470589
0.4,0.02,stochunif,twopoint,frequency,4,10.117647058823529
0.4,0.02,stochunif,twopoint,frequency,5,10.803921568627452
0.4,0.02,stochunif,twopoint,frequency,6,10.745098039215685
0.4,0.02,stochunif,twopoint,frequency,7,10.313725490196077
0.4,0.02,stochunif,twopoint,frequency,8,11.137254901960784
0.4,0.02,stochunif,twopoint,frequency,9,11.0
0.4,0.02,stochunif,twopoint,frequency,10,11.941176470588234
0.4,0.02,roulette,scattered,uniform,1,9.529411764705882
0.4,0.02,roulette,scattered,uniform,2,12.470588235294116
0.4,0.02,roulette,scattered,uniform,3,11.137254901960784
0.4,0.02,roulette,scattered,uniform,4,9.333333333333332
0.4,0.02,roulette,scattered,uniform,5,10.686274509803923
0.4,0.02,roulette,scattered,uniform,6,10.84313725490196
0.4,0.02,roulette,scattered,uniform,7,13.117647058823527
0.4,0.02,roulette,scattered,uniform,8,10.03921568627451
0.4,0.02,roulette,scattered,uniform,9,11.411764705882355
0.4,0.02,roulette,scattered,uniform,10,11.313725490196076
0.4,0.02,roulette,scattered,block,1,11.568627450980392
0.4,0.02,roulette,scattered,block,2,12.52941176470588
0.4,0.02,roulette,scattered,block,3,12.372549019607842
0.4,0.02,roulette,scattered,block,4,12.019607843137255
0.4,0.02,roulette,scattered,block,5,11.392156862745097
0.4,0.02,roulette,scattered,block,6,12.960784313725487
0.4,0.02,roulette,scattered,block,7,12.745098039215685
0.4,0.02,roulette,scattered,block,8,12.137254901960782
0.4,0.02,roulette,scattered,block,9,14.92156862745098
0.4,0.02,roulette,scattered,block,10,11.627450980392156
0.4,0.02,roulette,scattered,scramble,1,14.07843137254902
0.4,0.02,roulette,scattered,scramble,2,11.960784313725489
0.4,0.02,roulette,scattered,scramble,3,11.274509803921566
0.4,0.02,roulette,scattered,scramble,4,11.745098039215687
0.4,0.02,roulette,scattered,scramble,5,10.529411764705882
0.4,0.02,roulette,scattered,scramble,6,12.764705882352942
0.4,0.02,roulette,scattered,scramble,7,11.568627450980392
0.4,0.02,roulette,scattered,scramble,8,10.52941176470588
0.4,0.02,roulette,scattered,scramble,9,12.84313725490196
0.4,0.02,roulette,scattered,scramble,10,11.254901960784315
0.4,0.02,roulette,scattered,swap,1,13.313725490196079
0.4,0.02,roulette,scattered,swap,2,11.274509803921566
0.4,0.02,roulette,scattered,swap,3,14.549019607843135
0.4,0.02,roulette,scattered,swap,4,13.450980392156863
0.4,0.02,roulette,scattered,swap,5,12.352941176470587
0.4,0.02,roulette,scattered,swap,6,14.784313725490195
0.4,0.02,roulette,scattered,swap,7,11.509803921568631
0.4,0.02,roulette,scattered,swap,8,11.450980392156863
0.4,0.02,roulette,scattered,swap,9,11.392156862745097
0.4,0.02,roulette,scattered,swap,10,11.607843137254903
0.4,0.02,roulette,scattered,frequency,1,10.117647058823527
0.4,0.02,roulette,scattered,frequency,2,10.980392156862747
0.4,0.02,roulette,scattered,frequency,3,10.313725490196076
0.4,0.02,roulette,scattered,frequency,4,10.92156862745098
0.4,0.02,roulette,scattered,frequency,5,11.156862745098039
0.4,0.02,roulette,scattered,frequency,6,10.666666666666666
0.4,0.02,roulette,scattered,frequency,7,10.627450980392156
0.4,0.02,roulette,scattered,frequency,8,9.64705882352941
0.4,0.02,roulette,scattered,frequency,9,10.058823529411764
0.4,0.02,roulette,scattered,frequency,10,9.254901960784313
0.4,0.02,roulette,singlepoint,uniform,1,11.80392156862745
0.4,0.02,roulette,singlepoint,uniform,2,12.019607843137253
0.4,0.02,roulette,singlepoint,uniform,3,14.627450980392158
0.4,0.02,roulette,singlepoint,uniform,4,10.529411764705882
0.4,0.02,roulette,singlepoint,uniform,5,12.058823529411764
0.4,0.02,roulette,singlepoint,uniform,6,11.294117647058822
0.4,0.02,roulette,singlepoint,uniform,7,12.333333333333332
0.4,0.02,roulette,singlepoint,uniform,8,11.07843137254902
0.4,0.02,roulette,singlepoint,uniform,9,10.33333333333333
0.4,0.02,roulette,singlepoint,uniform,10,11.92156862745098
0.4,0.02,roulette,singlepoint,block,1,12.784313725490197
0.4,0.02,roulette,singlepoint,block,2,11.156862745098039
0.4,0.02,roulette,singlepoint,block,3,13.843137254901961
0.4,0.02,roulette,singlepoint,block,4,12.137254901960786
0.4,0.02,roulette,singlepoint,block,5,12.450980392156861
0.4,0.02,roulette,singlepoint,block,6,13.941176470588236
0.4,0.02,roulette,singlepoint,block,7,12.84313725490196
0.4,0.02,roulette,singlepoint,block,8,15.901960784313728
0.4,0.02,roulette,singlepoint,block,9,11.705882352941174
0.4,0.02,roulette,singlepoint,block,10,13.215686274509803
0.4,0.02,roulette,singlepoint,scramble,1,12.27450980392157
0.4,0.02,roulette,singlepoint,scramble,2,12.882352941176471
0.4,0.02,roulette,singlepoint,scramble,3,14.196078431372552
0.4,0.02,roulette,singlepoint,scramble,4,12.823529411764708
0.4,0.02,roulette,singlepoint,scramble,5,14.72549019607843
0.4,0.02,roulette,singlepoint,scramble,6,12.92156862745098
0.4,0.02,roulette,singlepoint,scramble,7,14.352941176470587
0.4,0.02,roulette,singlepoint,scramble,8,13.647058823529408
0.4,0.02,roulette,singlepoint,scramble,9,15.17647058823529
0.4,0.02,roulette,singlepoint,scramble,10,15.15686274509804
0.4,0.02,roulette,singlepoint,swap,1,14.52941176470588
0.4,0.02,roulette,singlepoint,swap,2,13.039215686274511
0.4,0.02,roulette,singlepoint,swap,3,15.196078431372548
0.4,0.02,roulette,singlepoint,swap,4,14.431372549019608
0.4,0.02,roulette,singlepoint,swap,5,14.235294117647058
0.4,0.02,roulette,singlepoint,swap,6,13.843137254901961
0.4,0.02,roulette,singlepoint,swap,7,13.686274509803921
0.4,0.02,roulette,singlepoint,swap,8,12.96078431372549
0.4,0.02,roulette,singlepoint,swap,9,10.431372549019608
0.4,0.02,roulette,singlepoint,swap,10,12.15686274509804
0.4,0.02,roulette,singlepoint,frequency,1,10.882352941176467
0.4,0.02,roulette,singlepoint,frequency,2,11.49019607843137
0.4,0.02,roulette,singlepoint,frequency,3,13.15686274509804
0.4,0.02,roulette,singlepoint,frequency,4,11.72549019607843
0.4,0.02,roulette,singlepoint,frequency,5,10.196078431372548
0.4,0.02,roulette,singlepoint,frequency,6,11.235294117647058
0.4,0.02,roulette,singlepoint,frequency,7,12.941176470588236
0.4,0.02,roulette,singlepoint,frequency,8,11.72549019607843
0.4,0.02,roulette,singlepoint,frequency,9,12.823529411764705
0.4,0.02,roulette,singlepoint,frequency,10,10.92156862745098
0.4,0.02,roulette,twopoint,uniform,1,12.62745098039216
0.4,0.02,roulette,twopoint,uniform,2,13.588235294117645
0.4,0.02,roulette,twopoint,uniform,3,10.68627450980392
0.4,0.02,roulette,twopoint,uniform,4,10.11764705882353
0.4,0.02,roulette,twopoint,uniform,5,12.509803921568627
0.4,0.02,roulette,twopoint,uniform,6,12.549019607843135
0.4,0.02,roulette,twopoint,uniform,7,10.882352941176471
0.4,0.02,roulette,twopoint,uniform,8,9.72549019607843
0.4,0.02,roulette,twopoint,uniform,9,11.37254901960784
0.4,0.02,roulette,twopoint,uniform,10,12.19607843137255
0.4,0.02,roulette,twopoint,block,1,10.960784313725489
0.4,0.02,roulette,twopoint,block,2,13.941176470588234
0.4,0.02,roulette,twopoint,block,3,14.470588235294116
0.4,0.02,roulette,twopoint,block,4,12.745098039215685
0.4,0.02,roulette,twopoint,block,5,13.84313725490196
0.4,0.02,roulette,twopoint,block,6,10.960784313725489
0.4,0.02,roulette,twopoint,block,7,11.137254901960784
0.4,0.02,roulette,twopoint,block,8,10.490196078431373
0.4,0.02,roulette,twopoint,block,9,11.372549019607842
0.4,0.02,roulette,twopoint,block,10,10.980392156862743
0.4,0.02,roulette,twopoint,scramble,1,13.19607843137255
0.4,0.02,roulette,twopoint,scramble,2,12.705882352941176
0.4,0.02,roulette,twopoint,scramble,3,11.392156862745097
0.4,0.02,roulette,twopoint,scramble,4,13.72549019607843
0.4,0.02,roulette,twopoint,scramble,5,15.921568627450979
0.4,0.02,roulette,twopoint,scramble,6,12.901960784313724
0.4,0.02,roulette,twopoint,scramble,7,11.156862745098039
0.4,0.02,roulette,twopoint,scramble,8,14.137254901960784
0.4,0.02,roulette,twopoint,scramble,9,13.33333333333333
0.4,0.02,roulette,twopoint,scramble,10,10.588235294117647
0.4,0.02,roulette,twopoint,swap,1,12.333333333333332
0.4,0.02,roulette,twopoint,swap,2,11.549019607843135
0.4,0.02,roulette,twopoint,swap,3,12.470588235294116
0.4,0.02,roulette,twopoint,swap,4,14.235294117647058
0.4,0.02,roulette,twopoint,swap,5,13.784313725490197
0.4,0.02,roulette,twopoint,swap,6,12.882352941176471
0.4,0.02,roulette,twopoint,swap,7,14.019607843137255
0.4,0.02,roulette,twopoint,swap,8,15.509803921568626
0.4,0.02,roulette,twopoint,swap,9,13.411764705882351
0.4,0.02,roulette,twopoint,swap,10,12.56862745098039
0.4,0.02,roulette,twopoint,frequency,1,10.117647058823529
0.4,0.02,roulette,twopoint,frequency,2,9.901960784313726
0.4,0.02,roulette,twopoint,frequency,3,10.372549019607842
0.4,0.02,roulette,twopoint,frequency,4,10.823529411764708
0.4,0.02,roulette,twopoint,frequency,5,11.098039215686276
0.4,0.02,roulette,twopoint,frequency,6,10.725490196078432
0.4,0.02,roulette,twopoint,frequency,7,10.294117647058824
0.4,0.02,roulette,twopoint,frequency,8,11.49019607843137
0.4,0.02,roulette,twopoint,frequency,9,10.333333333333332
0.4,0.02,roulette,twopoint,frequency,10,10.196078431372548
0.4,0.02,tournament,scattered,uniform,1,10.058823529411764
0.4,0.02,tournament,scattered,uniform,2,10.941176470588236
0.4,0.02,tournament,scattered,uniform,3,9.64705882352941
0.4,0.02,tournament,scattered,uniform,4,9.294117647058824
0.4,0.02,tournament,scattered,uniform,5,9.294117647058822
0.4,0.02,tournament,scattered,uniform,6,9.666666666666666
0.4,0.02,tournament,scattered,uniform,7,9.372549019607842
0.4,0.02,tournament,scattered,uniform,8,9.254901960784313
0.4,0.02,tournament,scattered,uniform,9,9.294117647058822
0.4,0.02,tournament,scattered,uniform,10,9.666666666666668
0.4,0.02,tournament,scattered,block,1,9.294117647058824
0.4,0.02,tournament,scattered,block,2,9.803921568627448
0.4,0.02,tournament,scattered,block,3,9.254901960784313
0.4,0.02,tournament,scattered,block,4,9.254901960784313
0.4,0.02,tournament,scattered,block,5,10.019607843137253
0.4,0.02,tournament,scattered,block,6,10.294117647058822
0.4,0.02,tournament,scattered,block,7,11.07843137254902
0.4,0.02,tournament,scattered,block,8,10.666666666666666
0.4,0.02,tournament,scattered,block,9,10.15686274509804
0.4,0.02,tournament,scattered,block,10,10.999999999999998
0.4,0.02,tournament,scattered,scramble,1,11.03921568627451
0.4,0.02,tournament,scattered,scramble,2,10.431372549019608
0.4,0.02,tournament,scattered,scramble,3,9.254901960784313
0.4,0.02,tournament,scattered,scramble,4,9.294117647058824
0.4,0.02,tournament,scattered,scramble,5,10.72549019607843
0.4,0.02,tournament,scattered,scramble,6,10.215686274509803
0.4,0.02,tournament,scattered,scramble,7,11.19607843137255
0.4,0.02,tournament,scattered,scramble,8,9.294117647058824
0.4,0.02,tournament,scattered,scramble,9,9.294117647058824
0.4,0.02,tournament,scattered,scramble,10,10.411764705882353
0.4,0.02,tournament,scattered,swap,1,9.64705882352941
0.4,0.02,tournament,scattered,swap,2,10.901960784313724
0.4,0.02,tournament,scattered,swap,3,9.823529411764707
0.4,0.02,tournament,scattered,swap,4,9.333333333333332
0.4,0.02,tournament,scattered,swap,5,10.745098039215685
0.4,0.02,tournament,scattered,swap,6,9.509803921568627
0.4,0.02,tournament,scattered,swap,7,9.64705882352941
0.4,0.02,tournament,scattered,swap,8,9.254901960784313
0.4,0.02,tournament,scattered,swap,9,10.392156862745097
0.4,0.02,tournament,scattered,swap,10,9.960784313725489
0.4,0.02,tournament,scattered,frequency,1,9.960784313725489
0.4,0.02,tournament,scattered,frequency,2,9.294117647058822
0.4,0.02,tournament,scattered,frequency,3,9.254901960784313
0.4,0.02,tournament,scattered,frequency,4,9.294117647058822
0.4,0.02,tournament,scattered,frequency,5,9.509803921568627
0.4,0.02,tournament,scattered,frequency,6,9.294117647058824
0.4,0.02,tournament,scattered,frequency,7,9.294117647058822
0.4,0.02,tournament,scattered,frequency,8,9.509803921568627
0.4,0.02,tournament,scattered,frequency,9,9.294117647058822
0.4,0.02,tournament,scattered,frequency,10,9.294117647058824
0.4,0.02,tournament,singlepoint,uniform,1,9.980392156862745
0.4,0.02,tournament,singlepoint,uniform,2,11.176470588235293
0.4,0.02,tournament,singlepoint,uniform,3,10.49019607843137
0.4,0.02,tournament,singlepoint,uniform,4,10.137254901960784
0.4,0.02,tournament,singlepoint,uniform,5,9.960784313725489
0.4,0.02,tournament,singlepoint,uniform,6,9.294117647058824
0.4,0.02,tournament,singlepoint,uniform,7,10.235294117647058
0.4,0.02,tournament,singlepoint,uniform,8,9.705882352941176
0.4,0.02,tournament,singlepoint,uniform,9,10.333333333333332
0.4,0.02,tournament,singlepoint,uniform,10,10.0
0.4,0.02,tournament,singlepoint,block,1,10.64705882352941
0.4,0.02,tournament,singlepoint,block,2,11.784313725490197
0.4,0.02,tournament,singlepoint,block,3,11.156862745098039
0.4,0.02,tournament,singlepoint,block,4,11.411764705882353
0.4,0.02,tournament,singlepoint,block,5,11.19607843137255
0.4,0.02,tournament,singlepoint,block,6,11.647058823529411
0.4,0.02,tournament,singlepoint,block,7,11.07843137254902
0.4,0.02,tournament,singlepoint,block,8,12.176470588235293
0.4,0.02,tournament,singlepoint,block,9,11.098039215686272
0.4,0.02,tournament,singlepoint,block,10,11.313725490196077
0.4,0.02,tournament,singlepoint,scramble,1,12.098039215686272
0.4,0.02,tournament,singlepoint,scramble,2,11.999999999999998
0.4,0.02,tournament,singlepoint,scramble,3,10.960784313725489
0.4,0.02,tournament,singlepoint,scramble,4,10.058823529411764
0.4,0.02,tournament,singlepoint,scramble,5,12.333333333333332
0.4,0.02,tournament,singlepoint,scramble,6,10.862745098039214
0.4,0.02,tournament,singlepoint,scramble,7,10.588235294117645
0.4,0.02,tournament,singlepoint,scramble,8,11.392156862745097
0.4,0.02,tournament,singlepoint,scramble,9,11.784313725490195
0.4,0.02,tournament,singlepoint,scramble,10,11.176470588235293
0.4,0.02,tournament,singlepoint,swap,1,12.862745098039213
0.4,0.02,tournament,singlepoint,swap,2,11.745098039215684
0.4,0.02,tournament,singlepoint,swap,3,12.431372549019608
0.4,0.02,tournament,singlepoint,swap,4,10.392156862745097
0.4,0.02,tournament,singlepoint,swap,5,12.19607843137255
0.4,0.02,tournament,singlepoint,swap,6,13.254901960784313
0.4,0.02,tournament,singlepoint,swap,7,9.803921568627448
0.4,0.02,tournament,singlepoint,swap,8,12.176470588235293
0.4,0.02,tournament,singlepoint,swap,9,12.196078431372548
0.4,0.02,tournament,singlepoint,swap,10,10.725490196078432
0.4,0.02,tournament,singlepoint,frequency,1,10.392156862745098
0.4,0.02,tournament,singlepoint,frequency,2,11.784313725490197
0.4,0.02,tournament,singlepoint,frequency,3,9.64705882352941
0.4,0.02,tournament,singlepoint,frequency,4,9.509803921568627
0.4,0.02,tournament,singlepoint,frequency,5,10.843137254901961
0.4,0.02,tournament,singlepoint,frequency,6,9.64705882352941
0.4,0.02,tournament,singlepoint,frequency,7,11.098039215686272
0.4,0.02,tournament,singlepoint,frequency,8,10.156862745098039
0.4,0.02,tournament,singlepoint,frequency,9,9.803921568627448
0.4,0.02,tournament,singlepoint,frequency,10,9.254901960784313
0.4,0.02,tournament,twopoint,uniform,1,10.666666666666668
0.4,0.02,tournament,twopoint,uniform,2,10.19607843137255
0.4,0.02,tournament,twopoint,uniform,3,10.901960784313728
0.4,0.02,tournament,twopoint,uniform,4,9.64705882352941
0.4,0.02,tournament,twopoint,uniform,5,9.705882352941178
0.4,0.02,tournament,twopoint,uniform,6,9.705882352941174
0.4,0.02,tournament,twopoint,uniform,7,10.058823529411764
0.4,0.02,tournament,twopoint,uniform,8,9.901960784313724
0.4,0.02,tournament,twopoint,uniform,9,9.509803921568627
0.4,0.02,tournament,twopoint,uniform,10,11.058823529411764
0.4,0.02,tournament,twopoint,block,1,10.235294117647058
0.4,0.02,tournament,twopoint,block,2,12.392156862745097
0.4,0.02,tournament,twopoint,block,3,10.274509803921568
0.4,0.02,tournament,twopoint,block,4,10.019607843137253
0.4,0.02,tournament,twopoint,block,5,10.921568627450979
0.4,0.02,tournament,twopoint,block,6,9.666666666666668
0.4,0.02,tournament,twopoint,block,7,10.705882352941176
0.4,0.02,tournament,twopoint,block,8,10.88235294117647
0.4,0.02,tournament,twopoint,block,9,9.980392156862745
0.4,0.02,tournament,twopoint,block,10,9.705882352941176
0.4,0.02,tournament,twopoint,scramble,1,10.64705882352941
0.4,0.02,tournament,twopoint,scramble,2,10.235294117647056
0.4,0.02,tournament,twopoint,scramble,3,11.333333333333336
0.4,0.02,tournament,twopoint,scramble,4,10.588235294117645
0.4,0.02,tournament,twopoint,scramble,5,10.019607843137253
0.4,0.02,tournament,twopoint,scramble,6,10.980392156862745
0.4,0.02,tournament,twopoint,scramble,7,10.941176470588236
0.4,0.02,tournament,twopoint,scramble,8,11.392156862745097
0.4,0.02,tournament,twopoint,scramble,9,10.529411764705882
0.4,0.02,tournament,twopoint,scramble,10,10.92156862745098
0.4,0.02,tournament,twopoint,swap,1,10.372549019607842
0.4,0.02,tournament,twopoint,swap,2,10.098039215686274
0.4,0.02,tournament,twopoint,swap,3,11.098039215686276
0.4,0.02,tournament,twopoint,swap,4,11.666666666666666
0.4,0.02,tournament,twopoint,swap,5,10.137254901960786
0.4,0.02,tournament,twopoint,swap,6,9.49019607843137
0.4,0.02,tournament,twopoint,swap,7,11.49019607843137
0.4,0.02,tournament,twopoint,swap,8,10.019607843137253
0.4,0.02,tournament,twopoint,swap,9,9.784313725490197
0.4,0.02,tournament,twopoint,swap,10,10.509803921568626
0.4,0.02,tournament,twopoint,frequency,1,11.666666666666666
0.4,0.02,tournament,twopoint,frequency,2,10.431372549019606
0.4,0.02,tournament,twopoint,frequency,3,9.666666666666666
0.4,0.02,tournament,twopoint,frequency,4,9.941176470588234
0.4,0.02,tournament,twopoint,frequency,5,9.76470588235294
0.4,0.02,tournament,twopoint,frequency,6,9.803921568627448
0.4,0.02,tournament,twopoint,frequency,7,10.176470588235293
0.4,0.02,tournament,twopoint,frequency,8,10.313725490196076
0.4,0.02,tournament,twopoint,frequency,9,9.294117647058822
0.4,0.02,tournament,twopoint,frequency,10,9.980392156862745
0.4,0.05,stochunif,scattered,uniform,1,10.058823529411764
0.4,0.05,stochunif,scattered,uniform,2,10.058823529411764
0.4,0.05,stochunif,scattered,uniform,3,10.313725490196077
0.4,0.05,stochunif,scattered,uniform,4,9.372549019607844
0.4,0.05,stochunif,scattered,uniform,5,9.941176470588236
0.4,0.05,stochunif,scattered,uniform,6,9.294117647058824
0.4,0.05,stochunif,scattered,uniform,7,10.568627450980392
0.4,0.05,stochunif,scattered,uniform,8,10.098039215686274
0.4,0.05,stochunif,scattered,uniform,9,10.607843137254902
0.4,0.05,stochunif,scattered,uniform,10,10.588235294117647
0.4,0.05,stochunif,scattered,block,1,11.450980392156863
0.4,0.05,stochunif,scattered,block,2,13.15686274509804
0.4,0.05,stochunif,scattered,block,3,11.490196078431373
0.4,0.05,stochunif,scattered,block,4,10.470588235294116
0.4,0.05,stochunif,scattered,block,5,10.627450980392156
0.4,0.05,stochunif,scattered,block,6,13.098039215686274
0.4,0.05,stochunif,scattered,block,7,10.941176470588234
0.4,0.05,stochunif,scattered,block,8,11.470588235294118
0.4,0.05,stochunif,scattered,block,9,13.098039215686272
0.4,0.05,stochunif,scattered,block,10,11.980392156862743
0.4,0.05,stochunif,scattered,scramble,1,10.607843137254902
0.4,0.05,stochunif,scattered,scramble,2,9.705882352941176
0.4,0.05,stochunif,scattered,scramble,3,12.509803921568626
0.4,0.05,stochunif,scattered,scramble,4,12.470588235294116
0.4,0.05,stochunif,scattered,scramble,5,11.03921568627451
0.4,0.05,stochunif,scattered,scramble,6,12.88235294117647
0.4,0.05,stochunif,scattered,scramble,7,10.431372549019606
0.4,0.05,stochunif,scattered,scramble,8,11.470588235294118
0.4,0.05,stochunif,scattered,scramble,9,11.49019607843137
0.4,0.05,stochunif,scattered,scramble,10,14.098039215686272
0.4,0.05,stochunif,scattered,swap,1,14.019607843137253
0.4,0.05,stochunif,scattered,swap,2,10.235294117647058
0.4,0.05,stochunif,scattered,swap,3,10.509803921568627
0.4,0.05,stochunif,scattered,swap,4,11.686274509803921
0.4,0.05,stochunif,scattered,swap,5,11.196078431372548
0.4,0.05,stochunif,scattered,swap,6,11.196078431372548
0.4,0.05,stochunif,scattered,swap,7,10.999999999999998
0.4,0.05,stochunif,scattered,swap,8,11.50980392156863
0.4,0.05,stochunif,scattered,swap,9,13.392156862745097
0.4,0.05,stochunif,scattered,swap,10,12.549019607843135
0.4,0.05,stochunif,scattered,frequency,1,9.294117647058824
0.4,0.05,stochunif,scattered,frequency,2,9.294117647058822
0.4,0.05,stochunif,scattered,frequency,3,10.372549019607842
0.4,0.05,stochunif,scattered,frequency,4,9.254901960784313
0.4,0.05,stochunif,scattered,frequency,5,9.980392156862747
0.4,0.05,stochunif,scattered,frequency,6,9.784313725490197
0.4,0.05,stochunif,scattered,frequency,7,9.980392156862747
0.4,0.05,stochunif,scattered,frequency,8,9.901960784313726
0.4,0.05,stochunif,scattered,frequency,9,9.294117647058822
0.4,0.05,stochunif,scattered,frequency,10,9.254901960784313
0.4,0.05,stochunif,singlepoint,uniform,1,10.313725490196077
0.4,0.05,stochunif,singlepoint,uniform,2,9.64705882352941
0.4,0.05,stochunif,singlepoint,uniform,3,10.607843137254902
0.4,0.05,stochunif,singlepoint,uniform,4,10.647058823529411
0.4,0.05,stochunif,singlepoint,uniform,5,9.372549019607842
0.4,0.05,stochunif,singlepoint,uniform,6,10.80392156862745
0.4,0.05,stochunif,singlepoint,uniform,7,10.431372549019608
0.4,0.05,stochunif,singlepoint,uniform,8,10.019607843137253
0.4,0.05,stochunif,singlepoint,uniform,9,10.019607843137253
0.4,0.05,stochunif,singlepoint,uniform,10,11.215686274509805
0.4,0.05,stochunif,singlepoint,block,1,13.03921568627451
0.4,0.05,stochunif,singlepoint,block,2,11.431372549019608
0.4,0.05,stochunif,singlepoint,block,3,11.941176470588234
0.4,0.05,stochunif,singlepoint,block,4,11.901960784313726
0.4,0.05,stochunif,singlepoint,block,5,14.137254901960786
0.4,0.05,stochunif,singlepoint,block,6,13.411764705882351
0.4,0.05,stochunif,singlepoint,block,7,12.117647058823529
0.4,0.05,stochunif,singlepoint,block,8,11.15686274509804
0.4,0.05,stochunif,singlepoint,block,9,14.72549019607843
0.4,0.05,stochunif,singlepoint,block,10,13.47058823529412
0.4,0.05,stochunif,singlepoint,scramble,1,12.529411764705882
0.4,0.05,stochunif,singlepoint,scramble,2,15.549019607843135
0.4,0.05,stochunif,singlepoint,scramble,3,10.431372549019606
0.4,0.05,stochunif,singlepoint,scramble,4,12.941176470588234
0.4,0.05,stochunif,singlepoint,scramble,5,13.117647058823527
0.4,0.05,stochunif,singlepoint,scramble,6,15.196078431372548
0.4,0.05,stochunif,singlepoint,scramble,7,13.509803921568627
0.4,0.05,stochunif,singlepoint,scramble,8,15.254901960784313
0.4,0.05,stochunif,singlepoint,scramble,9,13.294117647058822
0.4,0.05,stochunif,singlepoint,scramble,10,13.019607843137255
0.4,0.05,stochunif,singlepoint,swap,1,10.450980392156863
0.4,0.05,stochunif,singlepoint,swap,2,13.588235294117645
0.4,0.05,stochunif,singlepoint,swap,3,14.647058823529411
0.4,0.05,stochunif,singlepoint,swap,4,14.705882352941174
0.4,0.05,stochunif,singlepoint,swap,5,14.352941176470587
0.4,0.05,stochunif,singlepoint,swap,6,13.509803921568627
0.4,0.05,stochunif,singlepoint,swap,7,12.52941176470588
0.4,0.05,stochunif,singlepoint,swap,8,12.705882352941178
0.4,0.05,stochunif,singlepoint,swap,9,13.411764705882353
0.4,0.05,stochunif,singlepoint,swap,10,12.254901960784313
0.4,0.05,stochunif,singlepoint,frequency,1,9.823529411764705
0.4,0.05,stochunif,singlepoint,frequency,2,10.019607843137253
0.4,0.05,stochunif,singlepoint,frequency,3,10.333333333333332
0.4,0.05,stochunif,singlepoint,frequency,4,10.549019607843137
0.4,0.05,stochunif,singlepoint,frequency,5,9.372549019607844
0.4,0.05,stochunif,singlepoint,frequency,6,10.196078431372548
0.4,0.05,stochunif,singlepoint,frequency,7,10.176470588235293
0.4,0.05,stochunif,singlepoint,frequency,8,10.215686274509803
0.4,0.05,stochunif,singlepoint,frequency,9,10.686274509803921
0.4,0.05,stochunif,singlepoint,frequency,10,10.588235294117645
0.4,0.05,stochunif,twopoint,uniform,1,10.254901960784311
0.4,0.05,stochunif,twopoint,uniform,2,9.705882352941174
0.4,0.05,stochunif,twopoint,uniform,3,9.960784313725489
0.4,0.05,stochunif,twopoint,uniform,4,10.980392156862749
0.4,0.05,stochunif,twopoint,uniform,5,10.176470588235292
0.4,0.05,stochunif,twopoint,uniform,6,9.784313725490195
0.4,0.05,stochunif,twopoint,uniform,7,9.294117647058822
0.4,0.05,stochunif,twopoint,uniform,8,11.411764705882355
0.4,0.05,stochunif,twopoint,uniform,9,9.803921568627448
0.4,0.05,stochunif,twopoint,uniform,10,9.901960784313724
0.4,0.05,stochunif,twopoint,block,1,15.019607843137253
0.4,0.05,stochunif,twopoint,block,2,11.509803921568627
0.4,0.05,stochunif,twopoint,block,3,11.35294117647059
0.4,0.05,stochunif,twopoint,block,4,13.274509803921568
0.4,0.05,stochunif,twopoint,block,5,13.235294117647058
0.4,0.05,stochunif,twopoint,block,6,13.313725490196079
0.4,0.05,stochunif,twopoint,block,7,12.137254901960784
0.4,0.05,stochunif,twopoint,block,8,11.235294117647058
0.4,0.05,stochunif,twopoint,block,9,11.07843137254902
0.4,0.05,stochunif,twopoint,block,10,12.37254901960784
0.4,0.05,stochunif,twopoint,scramble,1,13.568627450980394
0.4,0.05,stochunif,twopoint,scramble,2,10.960784313725489
0.4,0.05,stochunif,twopoint,scramble,3,13.980392156862743
0.4,0.05,stochunif,twopoint,scramble,4,11.80392156862745
0.4,0.05,stochunif,twopoint,scramble,5,11.980392156862745
0.4,0.05,stochunif,twopoint,scramble,6,13.039215686274511
0.4,0.05,stochunif,twopoint,scramble,7,12.529411764705884
0.4,0.05,stochunif,twopoint,scramble,8,11.392156862745098
0.4,0.05,stochunif,twopoint,scramble,9,13.294117647058822
0.4,0.05,stochunif,twopoint,scramble,10,13.549019607843137
0.4,0.05,stochunif,twopoint,swap,1,10.764705882352942
0.4,0.05,stochunif,twopoint,swap,2,13.392156862745097
0.4,0.05,stochunif,twopoint,swap,3,12.176470588235292
0.4,0.05,stochunif,twopoint,swap,4,11.176470588235293
0.4,0.05,stochunif,twopoint,swap,5,10.745098039215685
0.4,0.05,stochunif,twopoint,swap,6,11.64705882352941
0.4,0.05,stochunif,twopoint,swap,7,11.901960784313724
0.4,0.05,stochunif,twopoint,swap,8,11.0
0.4,0.05,stochunif,twopoint,swap,9,12.921568627450979
0.4,0.05,stochunif,twopoint,swap,10,12.176470588235292
0.4,0.05,stochunif,twopoint,frequency,1,9.254901960784313
0.4,0.05,stochunif,twopoint,frequency,2,10.313725490196077
0.4,0.05,stochunif,twopoint,frequency,3,9.901960784313724
0.4,0.05,stochunif,twopoint,frequency,4,11.235294117647058
0.4,0.05,stochunif,twopoint,frequency,5,9.509803921568627
0.4,0.05,stochunif,twopoint,frequency,6,10.549019607843137
0.4,0.05,stochunif,twopoint,frequency,7,9.372549019607844
0.4,0.05,stochunif,twopoint,frequency,8,9.64705882352941
0.4,0.05,stochunif,twopoint,frequency,9,9.372549019607844
0.4,0.05,stochunif,twopoint,frequency,10,9.705882352941176
0.4,0.05,roulette,scattered,uniform,1,9.666666666666668
0.4,0.05,roulette,scattered,uniform,2,9.92156862745098
0.4,0.05,roulette,scattered,uniform,3,9.294117647058824
0.4,0.05,roulette,scattered,uniform,4,9.254901960784313
0.4,0.05,roulette,scattered,uniform,5,11.313725490196077
0.4,0.05,roulette,scattered,uniform,6,10.392156862745097
0.4,0.05,roulette,scattered,uniform,7,10.333333333333332
0.4,0.05,roulette,scattered,uniform,8,10.470588235294116
0.4,0.05,roulette,scattered,uniform,9,10.529411764705882
0.4,0.05,roulette,scattered,uniform,10,9.294117647058824
0.4,0.05,roulette,scattered,block,1,13.294117647058824
0.4,0.05,roulette,scattered,block,2,11.294117647058824
0.4,0.05,roulette,scattered,block,3,9.372549019607842
0.4,0.05,roulette,scattered,block,4,14.019607843137255
0.4,0.05,roulette,scattered,block,5,12.431372549019606
0.4,0.05,roulette,scattered,block,6,12.07843137254902
0.4,0.05,roulette,scattered,block,7,12.294117647058822
0.4,0.05,roulette,scattered,block,8,10.058823529411764
0.4,0.05,roulette,scattered,block,9,11.235294117647058
0.4,0.05,roulette,scattered,block,10,12.666666666666666
0.4,0.05,roulette,scattered,scramble,1,11.019607843137255
0.4,0.05,roulette,scattered,scramble,2,11.764705882352942
0.4,0.05,roulette,scattered,scramble,3,14.03921568627451
0.4,0.05,roulette,scattered,scramble,4,10.372549019607844
0.4,0.05,roulette,scattered,scramble,5,11.431372549019606
0.4,0.05,roulette,scattered,scramble,6,11.647058823529411
0.4,0.05,roulette,scattered,scramble,7,11.941176470588236
0.4,0.05,roulette,scattered,scramble,8,11.49019607843137
0.4,0.05,roulette,scattered,scramble,9,10.64705882352941
0.4,0.05,roulette,scattered,scramble,10,10.431372549019606
0.4,0.05,roulette,scattered,swap,1,11.392156862745097
0.4,0.05,roulette,scattered,swap,2,10.745098039215685
0.4,0.05,roulette,scattered,swap,3,12.686274509803923
0.4,0.05,roulette,scattered,swap,4,11.705882352941174
0.4,0.05,roulette,scattered,swap,5,10.901960784313724
0.4,0.05,roulette,scattered,swap,6,11.49019607843137
0.4,0.05,roulette,scattered,swap,7,10.882352941176471
0.4,0.05,roulette,scattered,swap,8,12.098039215686272
0.4,0.05,roulette,scattered,swap,9,13.078431372549021
0.4,0.05,roulette,scattered,swap,10,13.411764705882353
0.4,0.05,roulette,scattered,frequency,1,9.64705882352941
0.4,0.05,roulette,scattered,frequency,2,10.215686274509803
0.4,0.05,roulette,scattered,frequency,3,9.980392156862749
0.4,0.05,roulette,scattered,frequency,4,9.666666666666668
0.4,0.05,roulette,scattered,frequency,5,10.686274509803921
0.4,0.05,roulette,scattered,frequency,6,10.470588235294118
0.4,0.05,roulette,scattered,frequency,7,10.117647058823527
0.4,0.05,roulette,scattered,frequency,8,9.705882352941174
0.4,0.05,roulette,scattered,frequency,9,10.490196078431373
0.4,0.05,roulette,scattered,frequency,10,10.137254901960784
0.4,0.05,roulette,singlepoint,uniform,1,10.352941176470587
0.4,0.05,roulette,singlepoint,uniform,2,10.47058823529412
0.4,0.05,roulette,singlepoint,uniform,3,10.215686274509801
0.4,0.05,roulette,singlepoint,uniform,4,9.705882352941174
0.4,0.05,roulette,singlepoint,uniform,5,9.705882352941178
0.4,0.05,roulette,singlepoint,uniform,6,10.960784313725489
0.4,0.05,roulette,singlepoint,uniform,7,11.274509803921568
0.4,0.05,roulette,singlepoint,uniform,8,11.098039215686272
0.4,0.05,roulette,singlepoint,uniform,9,10.627450980392158
0.4,0.05,roulette,singlepoint,uniform,10,10.705882352941174
0.4,0.05,roulette,singlepoint,block,1,13.549019607843139
0.4,0.05,roulette,singlepoint,block,2,12.274509803921566
0.4,0.05,roulette,singlepoint,block,3,13.254901960784313
0.4,0.05,roulette,singlepoint,block,4,13.098039215686278
0.4,0.05,roulette,singlepoint,block,5,12.823529411764707
0.4,0.05,roulette,singlepoint,block,6,13.03921568627451
0.4,0.05,roulette,singlepoint,block,7,13.490196078431373
0.4,0.05,roulette,singlepoint,block,8,12.294117647058822
0.4,0.05,roulette,singlepoint,block,9,12.137254901960786
0.4,0.05,roulette,singlepoint,block,10,13.392156862745097
0.4,0.05,roulette,singlepoint,scramble,1,12.607843137254902
0.4,0.05,roulette,singlepoint,scramble,2,11.156862745098039
0.4,0.05,roulette,singlepoint,scramble,3,15.41176470588235
0.4,0.05,roulette,singlepoint,scramble,4,10.235294117647058
0.4,0.05,roulette,singlepoint,scramble,5,12.92156862745098
0.4,0.05,roulette,singlepoint,scramble,6,11.254901960784313
0.4,0.05,roulette,singlepoint,scramble,7,12.549019607843135
0.4,0.05,roulette,singlepoint,scramble,8,13.50980392156863
0.4,0.05,roulette,singlepoint,scramble,9,13.333333333333334
0.4,0.05,roulette,singlepoint,scramble,10,11.80392156862745
0.4,0.05,roulette,singlepoint,swap,1,12.137254901960782
0.4,0.05,roulette,singlepoint,swap,2,12.980392156862747
0.4,0.05,roulette,singlepoint,swap,3,14.803921568627448
0.4,0.05,roulette,singlepoint,swap,4,14.450980392156861
0.4,0.05,roulette,singlepoint,swap,5,11.588235294117647
0.4,0.05,roulette,singlepoint,swap,6,11.745098039215685
0.4,0.05,roulette,singlepoint,swap,7,10.352941176470587
0.4,0.05,roulette,singlepoint,swap,8,13.705882352941174
0.4,0.05,roulette,singlepoint,swap,9,10.509803921568627
0.4,0.05,roulette,singlepoint,swap,10,11.80392156862745
0.4,0.05,roulette,singlepoint,frequency,1,9.64705882352941
0.4,0.05,roulette,singlepoint,frequency,2,10.176470588235292
0.4,0.05,roulette,singlepoint,frequency,3,12.254901960784315
0.4,0.05,roulette,singlepoint,frequency,4,11.588235294117647
0.4,0.05,roulette,singlepoint,frequency,5,9.333333333333332
0.4,0.05,roulette,singlepoint,frequency,6,10.313725490196076
0.4,0.05,roulette,singlepoint,frequency,7,9.88235294117647
0.4,0.05,roulette,singlepoint,frequency,8,10.76470588235294
0.4,0.05,roulette,singlepoint,frequency,9,12.156862745098039
0.4,0.05,roulette,singlepoint,frequency,10,10.941176470588237
0.4,0.05,roulette,twopoint,uniform,1,11.450980392156863
0.4,0.05,roulette,twopoint,uniform,2,11.392156862745098
0.4,0.05,roulette,twopoint,uniform,3,10.352941176470587
0.4,0.05,roulette,twopoint,uniform,4,10.215686274509803
0.4,0.05,roulette,twopoint,uniform,5,10.529411764705882
0.4,0.05,roulette,twopoint,uniform,6,11.19607843137255
0.4,0.05,roulette,twopoint,uniform,7,9.294117647058822
0.4,0.05,roulette,twopoint,uniform,8,11.333333333333332
0.4,0.05,roulette,twopoint,uniform,9,9.294117647058822
0.4,0.05,roulette,twopoint,uniform,10,9.941176470588234
0.4,0.05,roulette,twopoint,block,1,11.333333333333334
0.4,0.05,roulette,twopoint,block,2,14.039215686274508
0.4,0.05,roulette,twopoint,block,3,13.450980392156863
0.4,0.05,roulette,twopoint,block,4,12.686274509803923
0.4,0.05,roulette,twopoint,block,5,12.509803921568627
0.4,0.05,roulette,twopoint,block,6,11.960784313725489
0.4,0.05,roulette,twopoint,block,7,13.294117647058822
0.4,0.05,roulette,twopoint,block,8,11.117647058823529
0.4,0.05,roulette,twopoint,block,9,10.450980392156863
0.4,0.05,roulette,twopoint,block,10,10.745098039215685
0.4,0.05,roulette,twopoint,scramble,1,11.745098039215684
0.4,0.05,roulette,twopoint,scramble,2,11.450980392156865
0.4,0.05,roulette,twopoint,scramble,3,11.901960784313722
0.4,0.05,roulette,twopoint,scramble,4,11.392156862745097
0.4,0.05,roulette,twopoint,scramble,5,13.607843137254902
0.4,0.05,roulette,twopoint,scramble,6,14.470588235294114
0.4,0.05,roulette,twopoint,scramble,7,13.333333333333332
0.4,0.05,roulette,twopoint,scramble,8,12.07843137254902
0.4,0.05,roulette,twopoint,scramble,9,13.49019607843137
0.4,0.05,roulette,twopoint,scramble,10,11.235294117647058
0.4,0.05,roulette,twopoint,swap,1,13.235294117647058
0.4,0.05,roulette,twopoint,swap,2,11.960784313725489
0.4,0.05,roulette,twopoint,swap,3,11.862745098039216
0.4,0.05,roulette,twopoint,swap,4,12.0
0.4,0.05,roulette,twopoint,swap,5,12.84313725490196
0.4,0.05,roulette,twopoint,swap,6,11.764705882352942
0.4,0.05,roulette,twopoint,swap,7,10.254901960784313
0.4,0.05,roulette,twopoint,swap,8,12.019607843137253
0.4,0.05,roulette,twopoint,swap,9,14.352941176470589
0.4,0.05,roulette,twopoint,swap,10,12.470588235294118
0.4,0.05,roulette,twopoint,frequency,1,9.294117647058822
0.4,0.05,roulette,twopoint,frequency,2,9.254901960784313
0.4,0.05,roulette,twopoint,frequency,3,11.07843137254902
0.4,0.05,roulette,twopoint,frequency,4,10.235294117647058
0.4,0.05,roulette,twopoint,frequency,5,9.705882352941174
0.4,0.05,roulette,twopoint,frequency,6,9.294117647058824
0.4,0.05,roulette,twopoint,frequency,7,10.294117647058824
0.4,0.05,roulette,twopoint,frequency,8,9.509803921568627
0.4,0.05,roulette,twopoint,frequency,9,9.980392156862747
0.4,0.05,roulette,twopoint,frequency,10,9.705882352941174
0.4,0.05,tournament,scattered,uniform,1,9.52941176470588
0.4,0.05,tournament,scattered,uniform,2,9.294117647058822
0.4,0.05,tournament,scattered,uniform,3,9.254901960784313
0.4,0.05,tournament,scattered,uniform,4,9.294117647058822
0.4,0.05,tournament,scattered,uniform,5,9.254901960784313
0.4,0.05,tournament,scattered,uniform,6,9.254901960784313
0.4,0.05,tournament,scattered,uniform,7,10.156862745098037
0.4,0.05,tournament,scattered,uniform,8,9.980392156862747
0.4,0.05,tournament,scattered,uniform,9,9.294117647058824
0.4,0.05,tournament,scattered,uniform,10,9.823529411764705
0.4,0.05,tournament,scattered,block,1,10.549019607843135
0.4,0.05,tournament,scattered,block,2,10.627450980392156
0.4,0.05,tournament,scattered,block,3,10.92156862745098
0.4,0.05,tournament,scattered,block,4,9.294117647058824
0.4,0.05,tournament,scattered,block,5,9.294117647058822
0.4,0.05,tournament,scattered,block,6,11.549019607843139
0.4,0.05,tournament,scattered,block,7,10.372549019607844
0.4,0.05,tournament,scattered,block,8,9.64705882352941
0.4,0.05,tournament,scattered,block,9,9.49019607843137
0.4,0.05,tournament,scattered,block,10,11.196078431372548
0.4,0.05,tournament,scattered,scramble,1,10.529411764705882
0.4,0.05,tournament,scattered,scramble,2,9.333333333333332
0.4,0.05,tournament,scattered,scramble,3,10.450980392156863
0.4,0.05,tournament,scattered,scramble,4,10.019607843137255
0.4,0.05,tournament,scattered,scramble,5,9.901960784313724
0.4,0.05,tournament,scattered,scramble,6,10.0
0.4,0.05,tournament,scattered,scramble,7,9.784313725490195
0.4,0.05,tournament,scattered,scramble,8,10.196078431372548
0.4,0.05,tournament,scattered,scramble,9,9.254901960784313
0.4,0.05,tournament,scattered,scramble,10,10.882352941176471
0.4,0.05,tournament,scattered,swap,1,9.254901960784313
0.4,0.05,tournament,scattered,swap,2,10.019607843137253
0.4,0.05,tournament,scattered,swap,3,10.176470588235292
0.4,0.05,tournament,scattered,swap,4,9.52941176470588
0.4,0.05,tournament,scattered,swap,5,10.960784313725489
0.4,0.05,tournament,scattered,swap,6,9.705882352941176
0.4,0.05,tournament,scattered,swap,7,10.117647058823529
0.4,0.05,tournament,scattered,swap,8,10.117647058823529
0.4,0.05,tournament,scattered,swap,9,9.72549019607843
0.4,0.05,tournament,scattered,swap,10,10.03921568627451
0.4,0.05,tournament,scattered,frequency,1,9.294117647058822
0.4,0.05,tournament,scattered,frequency,2,9.686274509803921
0.4,0.05,tournament,scattered,frequency,3,9.941176470588234
0.4,0.05,tournament,scattered,frequency,4,10.333333333333332
0.4,0.05,tournament,scattered,frequency,5,9.294117647058822
0.4,0.05,tournament,scattered,frequency,6,9.980392156862747
0.4,0.05,tournament,scattered,frequency,7,9.941176470588234
0.4,0.05,tournament,scattered,frequency,8,9.64705882352941
0.4,0.05,tournament,scattered,frequency,9,9.294117647058824
0.4,0.05,tournament,scattered,frequency,10,9.254901960784313
0.4,0.05,tournament,singlepoint,uniform,1,9.333333333333332
0.4,0.05,tournament,singlepoint,uniform,2,9.980392156862747
0.4,0.05,tournament,singlepoint,uniform,3,11.03921568627451
0.4,0.05,tournament,singlepoint,uniform,4,9.784313725490195
0.4,0.05,tournament,singlepoint,uniform,5,9.254901960784313
0.4,0.05,tournament,singlepoint,uniform,6,9.64705882352941
0.4,0.05,tournament,singlepoint,uniform,7,9.254901960784313
0.4,0.05,tournament,singlepoint,uniform,8,9.294117647058822
0.4,0.05,tournament,singlepoint,uniform,9,9.72549019607843
0.4,0.05,tournament,singlepoint,uniform,10,9.941176470588236
0.4,0.05,tournament,singlepoint,block,1,10.450980392156863
0.4,0.05,tournament,singlepoint,block,2,11.274509803921568
0.4,0.05,tournament,singlepoint,block,3,10.215686274509803
0.4,0.05,tournament,singlepoint,block,4,13.03921568627451
0.4,0.05,tournament,singlepoint,block,5,13.254901960784313
0.4,0.05,tournament,singlepoint,block,6,10.529411764705882
0.4,0.05,tournament,singlepoint,block,7,10.901960784313722
0.4,0.05,tournament,singlepoint,block,8,10.392156862745097
0.4,0.05,tournament,singlepoint,block,9,12.862745098039214
0.4,0.05,tournament,singlepoint,block,10,11.411764705882353
0.4,0.05,tournament,singlepoint,scramble,1,10.6078431372549
0.4,0.05,tournament,singlepoint,scramble,2,10.235294117647058
0.4,0.05,tournament,singlepoint,scramble,3,12.313725490196076
0.4,0.05,tournament,singlepoint,scramble,4,10.49019607843137
0.4,0.05,tournament,singlepoint,scramble,5,10.627450980392156
0.4,0.05,tournament,singlepoint,scramble,6,11.07843137254902
0.4,0.05,tournament,singlepoint,scramble,7,10.294117647058824
0.4,0.05,tournament,singlepoint,scramble,8,12.823529411764708
0.4,0.05,tournament,singlepoint,scramble,9,11.862745098039216
0.4,0.05,tournament,singlepoint,scramble,10,11.19607843137255
0.4,0.05,tournament,singlepoint,swap,1,10.215686274509803
0.4,0.05,tournament,singlepoint,swap,2,11.15686274509804
0.4,0.05,tournament,singlepoint,swap,3,13.117647058823527
0.4,0.05,tournament,singlepoint,swap,4,11.137254901960786
0.4,0.05,tournament,singlepoint,swap,5,12.215686274509803
0.4,0.05,tournament,singlepoint,swap,6,10.745098039215685
0.4,0.05,tournament,singlepoint,swap,7,11.352941176470589
0.4,0.05,tournament,singlepoint,swap,8,10.96078431372549
0.4,0.05,tournament,singlepoint,swap,9,11.294117647058824
0.4,0.05,tournament,singlepoint,swap,10,13.0
0.4,0.05,tournament,singlepoint,frequency,1,9.294117647058824
0.4,0.05,tournament,singlepoint,frequency,2,9.254901960784313
0.4,0.05,tournament,singlepoint,frequency,3,9.705882352941176
0.4,0.05,tournament,singlepoint,frequency,4,9.294117647058824
0.4,0.05,tournament,singlepoint,frequency,5,9.294117647058822
0.4,0.05,tournament,singlepoint,frequency,6,9.705882352941176
0.4,0.05,tournament,singlepoint,frequency,7,9.294117647058822
0.4,0.05,tournament,singlepoint,frequency,8,9.509803921568627
0.4,0.05,tournament,singlepoint,frequency,9,10.313725490196079
0.4,0.05,tournament,singlepoint,frequency,10,9.745098039215685
0.4,0.05,tournament,twopoint,uniform,1,9.980392156862747
0.4,0.05,tournament,twopoint,uniform,2,9.254901960784313
0.4,0.05,tournament,twopoint,uniform,3,9.294117647058824
0.4,0.05,tournament,twopoint,uniform,4,9.333333333333332
0.4,0.05,tournament,twopoint,uniform,5,10.352941176470587
0.4,0.05,tournament,twopoint,uniform,6,9.960784313725489
0.4,0.05,tournament,twopoint,uniform,7,9.294117647058824
0.4,0.05,tournament,twopoint,uniform,8,9.666666666666666
0.4,0.05,tournament,twopoint,uniform,9,9.294117647058822
0.4,0.05,tournament,twopoint,uniform,10,9.254901960784313
0.4,0.05,tournament,twopoint,block,1,10.882352941176473
0.4,0.05,tournament,twopoint,block,2,10.03921568627451
0.4,0.05,tournament,twopoint,block,3,10.176470588235292
0.4,0.05,tournament,twopoint,block,4,10.176470588235292
0.4,0.05,tournament,twopoint,block,5,9.980392156862745
0.4,0.05,tournament,twopoint,block,6,11.03921568627451
0.4,0.05,tournament,twopoint,block,7,10.647058823529411
0.4,0.05,tournament,twopoint,block,8,10.392156862745097
0.4,0.05,tournament,twopoint,block,9,10.352941176470587
0.4,0.05,tournament,twopoint,block,10,9.823529411764705
0.4,0.05,tournament,twopoint,scramble,1,10.215686274509803
0.4,0.05,tournament,twopoint,scramble,2,10.117647058823529
0.4,0.05,tournament,twopoint,scramble,3,10.333333333333332
0.4,0.05,tournament,twopoint,scramble,4,11.058823529411763
0.4,0.05,tournament,twopoint,scramble,5,10.058823529411764
0.4,0.05,tournament,twopoint,scramble,6,10.058823529411764
0.4,0.05,tournament,twopoint,scramble,7,9.294117647058822
0.4,0.05,tournament,twopoint,scramble,8,11.098039215686274
0.4,0.05,tournament,twopoint,scramble,9,10.058823529411764
0.4,0.05,tournament,twopoint,scramble,10,10.313725490196079
0.4,0.05,tournament,twopoint,swap,1,12.960784313725487
0.4,0.05,tournament,twopoint,swap,2,10.431372549019606
0.4,0.05,tournament,twopoint,swap,3,10.980392156862747
0.4,0.05,tournament,twopoint,swap,4,10.235294117647058
0.4,0.05,tournament,twopoint,swap,5,12.64705882352941
0.4,0.05,tournament,twopoint,swap,6,11.52941176470588
0.4,0.05,tournament,twopoint,swap,7,10.705882352941176
0.4,0.05,tournament,twopoint,swap,8,9.960784313725489
0.4,0.05,tournament,twopoint,swap,9,10.058823529411764
0.4,0.05,tournament,twopoint,swap,10,10.235294117647058
0.4,0.05,tournament,twopoint,frequency,1,9.294117647058822
0.4,0.05,tournament,twopoint,frequency,2,9.254901960784313
0.4,0.05,tournament,twopoint,frequency,3,9.294117647058822
0.4,0.05,tournament,twopoint,frequency,4,9.294117647058824
0.4,0.05,tournament,twopoint,frequency,5,9.96078431372549
0.4,0.05,tournament,twopoint,frequency,6,9.294117647058822
0.4,0.05,tournament,twopoint,frequency,7,9.294117647058822
0.4,0.05,tournament,twopoint,frequency,8,9.372549019607842
0.4,0.05,tournament,twopoint,frequency,9,9.294117647058824
0.4,0.05,tournament,twopoint,frequency,10,10.058823529411764
0.4,0.1,stochunif,scattered,uniform,1,10.137254901960786
0.4,0.1,stochunif,scattered,uniform,2,9.705882352941176
0.4,0.1,stochunif,scattered,uniform,3,10.372549019607844
0.4,0.1,stochunif,scattered,uniform,4,9.294117647058824
0.4,0.1,stochunif,scattered,uniform,5,9.254901960784313
0.4,0.1,stochunif,scattered,uniform,6,9.254901960784313
0.4,0.1,stochunif,scattered,uniform,7,9.254901960784313
0.4,0.1,stochunif,scattered,uniform,8,9.254901960784313
0.4,0.1,stochunif,scattered,uniform,9,9.64705882352941
0.4,0.1,stochunif,scattered,uniform,10,9.941176470588234
0.4,0.1,stochunif,scattered,block,1,11.999999999999998
0.4,0.1,stochunif,scattered,block,2,12.0
0.4,0.1,stochunif,scattered,block,3,11.235294117647058
0.4,0.1,stochunif,scattered,block,4,13.999999999999998
0.4,0.1,stochunif,scattered,block,5,12.862745098039213
0.4,0.1,stochunif,scattered,block,6,11.64705882352941
0.4,0.1,stochunif,scattered,block,7,10.588235294117647
0.4,0.1,stochunif,scattered,block,8,10.07843137254902
0.4,0.1,stochunif,scattered,block,9,10.0
0.4,0.1,stochunif,scattered,block,10,11.745098039215684
0.4,0.1,stochunif,scattered,scramble,1,10.607843137254903
0.4,0.1,stochunif,scattered,scramble,2,11.490196078431373
0.4,0.1,stochunif,scattered,scramble,3,9.294117647058824
0.4,0.1,stochunif,scattered,scramble,4,11.549019607843137
0.4,0.1,stochunif,scattered,scramble,5,11.686274509803923
0.4,0.1,stochunif,scattered,scramble,6,13.215686274509803
0.4,0.1,stochunif,scattered,scramble,7,10.725490196078432
0.4,0.1,stochunif,scattered,scramble,8,11.980392156862743
0.4,0.1,stochunif,scattered,scramble,9,10.705882352941176
0.4,0.1,stochunif,scattered,scramble,10,11.470588235294116
0.4,0.1,stochunif,scattered,swap,1,11.235294117647058
0.4,0.1,stochunif,scattered,swap,2,11.117647058823527
0.4,0.1,stochunif,scattered,swap,3,10.745098039215687
0.4,0.1,stochunif,scattered,swap,4,13.49019607843137
0.4,0.1,stochunif,scattered,swap,5,12.627450980392155
0.4,0.1,stochunif,scattered,swap,6,13.33333333333333
0.4,0.1,stochunif,scattered,swap,7,13.470588235294116
0.4,0.1,stochunif,scattered,swap,8,10.254901960784313
0.4,0.1,stochunif,scattered,swap,9,10.196078431372547
0.4,0.1,stochunif,scattered,swap,10,11.72549019607843
0.4,0.1,stochunif,scattered,frequency,1,9.294117647058824
0.4,0.1,stochunif,scattered,frequency,2,10.627450980392156
0.4,0.1,stochunif,scattered,frequency,3,9.705882352941174
0.4,0.1,stochunif,scattered,frequency,4,9.64705882352941
0.4,0.1,stochunif,scattered,frequency,5,11.352941176470589
0.4,0.1,stochunif,scattered,frequency,6,9.980392156862747
0.4,0.1,stochunif,scattered,frequency,7,9.254901960784313
0.4,0.1,stochunif,scattered,frequency,8,10.117647058823529
0.4,0.1,stochunif,scattered,frequency,9,9.294117647058822
0.4,0.1,stochunif,scattered,frequency,10,9.666666666666668
0.4,0.1,stochunif,singlepoint,uniform,1,10.117647058823529
0.4,0.1,stochunif,singlepoint,uniform,2,10.019607843137253
0.4,0.1,stochunif,singlepoint,uniform,3,10.352941176470589
0.4,0.1,stochunif,singlepoint,uniform,4,9.901960784313724
0.4,0.1,stochunif,singlepoint,uniform,5,10.686274509803921
0.4,0.1,stochunif,singlepoint,uniform,6,10.627450980392158
0.4,0.1,stochunif,singlepoint,uniform,7,10.980392156862745
0.4,0.1,stochunif,singlepoint,uniform,8,9.294117647058824
0.4,0.1,stochunif,singlepoint,uniform,9,9.862745098039213
0.4,0.1,stochunif,singlepoint,uniform,10,9.294117647058822
0.4,0.1,stochunif,singlepoint,block,1,13.019607843137255
0.4,0.1,stochunif,singlepoint,block,2,11.333333333333332
0.4,0.1,stochunif,singlepoint,block,3,12.431372549019606
0.4,0.1,stochunif,singlepoint,block,4,13.882352941176471
0.4,0.1,stochunif,singlepoint,block,5,11.254901960784311
0.4,0.1,stochunif,singlepoint,block,6,13.588235294117649
0.4,0.1,stochunif,singlepoint,block,7,14.019607843137253
0.4,0.1,stochunif,singlepoint,block,8,13.764705882352942
0.4,0.1,stochunif,singlepoint,block,9,11.705882352941176
0.4,0.1,stochunif,singlepoint,block,10,12.392156862745098
0.4,0.1,stochunif,singlepoint,scramble,1,11.07843137254902
0.4,0.1,stochunif,singlepoint,scramble,2,12.431372549019606
0.4,0.1,stochunif,singlepoint,scramble,3,10.764705882352942
0.4,0.1,stochunif,singlepoint,scramble,4,13.27450980392157
0.4,0.1,stochunif,singlepoint,scramble,5,12.960784313725487
0.4,0.1,stochunif,singlepoint,scramble,6,11.72549019607843
0.4,0.1,stochunif,singlepoint,scramble,7,12.647058823529413
0.4,0.1,stochunif,singlepoint,scramble,8,11.647058823529411
0.4,0.1,stochunif,singlepoint,scramble,9,15.392156862745097
0.4,0.1,stochunif,singlepoint,scramble,10,10.274509803921568
0.4,0.1,stochunif,singlepoint,swap,1,12.666666666666668
0.4,0.1,stochunif,singlepoint,swap,2,13.509803921568627
0.4,0.1,stochunif,singlepoint,swap,3,13.196078431372548
0.4,0.1,stochunif,singlepoint,swap,4,12.49019607843137
0.4,0.1,stochunif,singlepoint,swap,5,12.784313725490195
0.4,0.1,stochunif,singlepoint,swap,6,11.333333333333332
0.4,0.1,stochunif,singlepoint,swap,7,13.235294117647058
0.4,0.1,stochunif,singlepoint,swap,8,13.666666666666668
0.4,0.1,stochunif,singlepoint,swap,9,14.843137254901961
0.4,0.1,stochunif,singlepoint,swap,10,12.294117647058824
0.4,0.1,stochunif,singlepoint,frequency,1,10.313725490196076
0.4,0.1,stochunif,singlepoint,frequency,2,9.941176470588234
0.4,0.1,stochunif,singlepoint,frequency,3,9.64705882352941
0.4,0.1,stochunif,singlepoint,frequency,4,9.941176470588236
0.4,0.1,stochunif,singlepoint,frequency,5,9.64705882352941
0.4,0.1,stochunif,singlepoint,frequency,6,11.392156862745097
0.4,0.1,stochunif,singlepoint,frequency,7,9.647058823529411
0.4,0.1,stochunif,singlepoint,frequency,8,9.333333333333332
0.4,0.1,stochunif,singlepoint,frequency,9,10.607843137254902
0.4,0.1,stochunif,singlepoint,frequency,10,10.372549019607844
0.4,0.1,stochunif,twopoint,uniform,1,10.313725490196079
0.4,0.1,stochunif,twopoint,uniform,2,9.254901960784313
0.4,0.1,stochunif,twopoint,uniform,3,9.784313725490195
0.4,0.1,stochunif,twopoint,uniform,4,9.666666666666668
0.4,0.1,stochunif,twopoint,uniform,5,10.294117647058822
0.4,0.1,stochunif,twopoint,uniform,6,9.64705882352941
0.4,0.1,stochunif,twopoint,uniform,7,9.96078431372549
0.4,0.1,stochunif,twopoint,uniform,8,10.549019607843139
0.4,0.1,stochunif,twopoint,uniform,9,9.666666666666666
0.4,0.1,stochunif,twopoint,uniform,10,10.0
0.4,0.1,stochunif,twopoint,block,1,12.588235294117643
0.4,0.1,stochunif,twopoint,block,2,11.66666666666667
0.4,0.1,stochunif,twopoint,block,3,13.33333333333333
0.4,0.1,stochunif,twopoint,block,4,12.235294117647058
0.4,0.1,stochunif,twopoint,block,5,10.745098039215685
0.4,0.1,stochunif,twopoint,block,6,12.823529411764705
0.4,0.1,stochunif,twopoint,block,7,11.411764705882353
0.4,0.1,stochunif,twopoint,block,8,12.07843137254902
0.4,0.1,stochunif,twopoint,block,9,11.980392156862747
0.4,0.1,stochunif,twopoint,block,10,12.901960784313724
0.4,0.1,stochunif,twopoint,scramble,1,14.313725490196077
0.4,0.1,stochunif,twopoint,scramble,2,11.07843137254902
0.4,0.1,stochunif,twopoint,scramble,3,14.274509803921568
0.4,0.1,stochunif,twopoint,scramble,4,11.372549019607842
0.4,0.1,stochunif,twopoint,scramble,5,12.176470588235293
0.4,0.1,stochunif,twopoint,scramble,6,11.823529411764705
0.4,0.1,stochunif,twopoint,scramble,7,13.627450980392158
0.4,0.1,stochunif,twopoint,scramble,8,12.490196078431374
0.4,0.1,stochunif,twopoint,scramble,9,10.72549019607843
0.4,0.1,stochunif,twopoint,scramble,10,11.68627450980392
0.4,0.1,stochunif,twopoint,swap,1,11.176470588235292
0.4,0.1,stochunif,twopoint,swap,2,11.76470588235294
0.4,0.1,stochunif,twopoint,swap,3,13.294117647058824
0.4,0.1,stochunif,twopoint,swap,4,11.019607843137255
0.4,0.1,stochunif,twopoint,swap,5,13.254901960784313
0.4,0.1,stochunif,twopoint,swap,6,13.333333333333332
0.4,0.1,stochunif,twopoint,swap,7,11.196078431372548
0.4,0.1,stochunif,twopoint,swap,8,10.294117647058824
0.4,0.1,stochunif,twopoint,swap,9,11.705882352941174
0.4,0.1,stochunif,twopoint,swap,10,15.098039215686276
0.4,0.1,stochunif,twopoint,frequency,1,10.901960784313728
0.4,0.1,stochunif,twopoint,frequency,2,10.019607843137253
0.4,0.1,stochunif,twopoint,frequency,3,9.980392156862747
0.4,0.1,stochunif,twopoint,frequency,4,10.313725490196079
0.4,0.1,stochunif,twopoint,frequency,5,9.333333333333332
0.4,0.1,stochunif,twopoint,frequency,6,9.49019607843137
0.4,0.1,stochunif,twopoint,frequency,7,9.64705882352941
0.4,0.1,stochunif,twopoint,frequency,8,10.215686274509801
0.4,0.1,stochunif,twopoint,frequency,9,10.215686274509803
0.4,0.1,stochunif,twopoint,frequency,10,9.294117647058822
0.4,0.1,roulette,scattered,uniform,1,10.529411764705882
0.4,0.1,roulette,scattered,uniform,2,9.254901960784313
0.4,0.1,roulette,scattered,uniform,3,9.294117647058822
0.4,0.1,roulette,scattered,uniform,4,9.294117647058824
0.4,0.1,roulette,scattered,uniform,5,11.058823529411763
0.4,0.1,roulette,scattered,uniform,6,9.294117647058824
0.4,0.1,roulette,scattered,uniform,7,9.254901960784313
0.4,0.1,roulette,scattered,uniform,8,9.803921568627448
0.4,0.1,roulette,scattered,uniform,9,9.254901960784313
0.4,0.1,roulette,scattered,uniform,10,9.254901960784313
0.4,0.1,roulette,scattered,block,1,13.333333333333332
0.4,0.1,roulette,scattered,block,2,10.274509803921568
0.4,0.1,roulette,scattered,block,3,12.27450980392157
0.4,0.1,roulette,scattered,block,4,11.588235294117647
0.4,0.1,roulette,scattered,block,5,13.980392156862743
0.4,0.1,roulette,scattered,block,6,11.784313725490197
0.4,0.1,roulette,scattered,block,7,12.15686274509804
0.4,0.1,roulette,scattered,block,8,11.0
0.4,0.1,roulette,scattered,block,9,11.313725490196077
0.4,0.1,roulette,scattered,block,10,11.03921568627451
0.4,0.1,roulette,scattered,scramble,1,11.117647058823527
0.4,0.1,roulette,scattered,scramble,2,11.50980392156863
0.4,0.1,roulette,scattered,scramble,3,10.84313725490196
0.4,0.1,roulette,scattered,scramble,4,10.745098039215685
0.4,0.1,roulette,scattered,scramble,5,12.019607843137251
0.4,0.1,roulette,scattered,scramble,6,11.235294117647058
0.4,0.1,roulette,scattered,scramble,7,10.019607843137253
0.4,0.1,roulette,scattered,scramble,8,9.784313725490195
0.4,0.1,roulette,scattered,scramble,9,11.666666666666666
0.4,0.1,roulette,scattered,scramble,10,10.019607843137253
0.4,0.1,roulette,scattered,swap,1,10.627450980392156
0.4,0.1,roulette,scattered,swap,2,11.274509803921568
0.4,0.1,roulette,scattered,swap,3,10.235294117647058
0.4,0.1,roulette,scattered,swap,4,13.549019607843137
0.4,0.1,roulette,scattered,swap,5,11.588235294117645
0.4,0.1,roulette,scattered,swap,6,12.0
0.4,0.1,roulette,scattered,swap,7,10.352941176470587
0.4,0.1,roulette,scattered,swap,8,11.588235294117649
0.4,0.1,roulette,scattered,swap,9,11.901960784313726
0.4,0.1,roulette,scattered,swap,10,10.529411764705882
0.4,0.1,roulette,scattered,frequency,1,9.705882352941178
0.4,0.1,roulette,scattered,frequency,2,9.294117647058822
0.4,0.1,roulette,scattered,frequency,3,9.666666666666666
0.4,0.1,roulette,scattered,frequency,4,9.254901960784313
0.4,0.1,roulette,scattered,frequency,5,9.705882352941176
0.4,0.1,roulette,scattered,frequency,6,9.941176470588234
0.4,0.1,roulette,scattered,frequency,7,9.64705882352941
0.4,0.1,roulette,scattered,frequency,8,9.705882352941176
0.4,0.1,roulette,scattered,frequency,9,9.294117647058824
0.4,0.1,roulette,scattered,frequency,10,10.098039215686272
0.4,0.1,roulette,singlepoint,uniform,1,9.76470588235294
0.4,0.1,roulette,singlepoint,uniform,2,9.88235294117647
0.4,0.1,roulette,singlepoint,uniform,3,10.019607843137255
0.4,0.1,roulette,singlepoint,uniform,4,11.627450980392156
0.4,0.1,roulette,singlepoint,uniform,5,10.843137254901963
0.4,0.1,roulette,singlepoint,uniform,6,10.117647058823529
0.4,0.1,roulette,singlepoint,uniform,7,11.803921568627453
0.4,0.1,roulette,singlepoint,uniform,8,9.254901960784313
0.4,0.1,roulette,singlepoint,uniform,9,10.705882352941176
0.4,0.1,roulette,singlepoint,uniform,10,9.960784313725489
0.4,0.1,roulette,singlepoint,block,1,13.705882352941176
0.4,0.1,roulette,singlepoint,block,2,15.235294117647058
0.4,0.1,roulette,singlepoint,block,3,13.823529411764707
0.4,0.1,roulette,singlepoint,block,4,11.372549019607842
0.4,0.1,roulette,singlepoint,block,5,11.72549019607843
0.4,0.1,roulette,singlepoint,block,6,11.490196078431373
0.4,0.1,roulette,singlepoint,block,7,12.823529411764705
0.4,0.1,roulette,singlepoint,block,8,13.098039215686274
0.4,0.1,roulette,singlepoint,block,9,12.784313725490197
0.4,0.1,roulette,singlepoint,block,10,11.843137254901963
0.4,0.1,roulette,singlepoint,scramble,1,15.470588235294118
0.4,0.1,roulette,singlepoint,scramble,2,11.882352941176471
0.4,0.1,roulette,singlepoint,scramble,3,11.058823529411764
0.4,0.1,roulette,singlepoint,scramble,4,14.313725490196079
0.4,0.1,roulette,singlepoint,scramble,5,11.431372549019608
0.4,0.1,roulette,singlepoint,scramble,6,12.117647058823529
0.4,0.1,roulette,singlepoint,scramble,7,14.254901960784315
0.4,0.1,roulette,singlepoint,scramble,8,12.098039215686274
0.4,0.1,roulette,singlepoint,scramble,9,12.72549019607843
0.4,0.1,roulette,singlepoint,scramble,10,15.137254901960784
0.4,0.1,roulette,singlepoint,swap,1,14.372549019607844
0.4,0.1,roulette,singlepoint,swap,2,11.039215686274508
0.4,0.1,roulette,singlepoint,swap,3,12.88235294117647
0.4,0.1,roulette,singlepoint,swap,4,11.450980392156863
0.4,0.1,roulette,singlepoint,swap,5,13.117647058823529
0.4,0.1,roulette,singlepoint,swap,6,12.509803921568627
0.4,0.1,roulette,singlepoint,swap,7,11.705882352941176
0.4,0.1,roulette,singlepoint,swap,8,14.058823529411763
0.4,0.1,roulette,singlepoint,swap,9,12.235294117647058
0.4,0.1,roulette,singlepoint,swap,10,13.352941176470587
0.4,0.1,roulette,singlepoint,frequency,1,10.019607843137253
0.4,0.1,roulette,singlepoint,frequency,2,10.313725490196079
0.4,0.1,roulette,singlepoint,frequency,3,10.235294117647058
0.4,0.1,roulette,singlepoint,frequency,4,9.294117647058822
0.4,0.1,roulette,singlepoint,frequency,5,9.901960784313726
0.4,0.1,roulette,singlepoint,frequency,6,10.313725490196079
0.4,0.1,roulette,singlepoint,frequency,7,9.823529411764707
0.4,0.1,roulette,singlepoint,frequency,8,9.372549019607842
0.4,0.1,roulette,singlepoint,frequency,9,9.254901960784313
0.4,0.1,roulette,singlepoint,frequency,10,9.88235294117647
0.4,0.1,roulette,twopoint,uniform,1,9.666666666666666
0.4,0.1,roulette,twopoint,uniform,2,10.686274509803924
0.4,0.1,roulette,twopoint,uniform,3,9.705882352941176
0.4,0.1,roulette,twopoint,uniform,4,9.901960784313726
0.4,0.1,roulette,twopoint,uniform,5,9.254901960784313
0.4,0.1,roulette,twopoint,uniform,6,9.254901960784313
0.4,0.1,roulette,twopoint,uniform,7,10.058823529411764
0.4,0.1,roulette,twopoint,uniform,8,10.647058823529411
0.4,0.1,roulette,twopoint,uniform,9,9.745098039215685
0.4,0.1,roulette,twopoint,uniform,10,10.274509803921568
0.4,0.1,roulette,twopoint,block,1,11.647058823529411
0.4,0.1,roulette,twopoint,block,2,13.352941176470589
0.4,0.1,roulette,twopoint,block,3,12.509803921568627
0.4,0.1,roulette,twopoint,block,4,10.843137254901961
0.4,0.1,roulette,twopoint,block,5,11.431372549019606
0.4,0.1,roulette,twopoint,block,6,12.76470588235294
0.4,0.1,roulette,twopoint,block,7,11.607843137254903
0.4,0.1,roulette,twopoint,block,8,11.450980392156863
0.4,0.1,roulette,twopoint,block,9,11.235294117647058
0.4,0.1,roulette,twopoint,block,10,11.019607843137251
0.4,0.1,roulette,twopoint,scramble,1,11.666666666666664
0.4,0.1,roulette,twopoint,scramble,2,11.274509803921566
0.4,0.1,roulette,twopoint,scramble,3,13.980392156862747
0.4,0.1,roulette,twopoint,scramble,4,11.686274509803921
0.4,0.1,roulette,twopoint,scramble,5,13.411764705882351
0.4,0.1,roulette,twopoint,scramble,6,13.882352941176471
0.4,0.1,roulette,twopoint,scramble,7,12.745098039215685
0.4,0.1,roulette,twopoint,scramble,8,12.607843137254903
0.4,0.1,roulette,twopoint,scramble,9,10.941176470588236
0.4,0.1,roulette,twopoint,scramble,10,13.64705882352941
0.4,0.1,roulette,twopoint,swap,1,12.196078431372548
0.4,0.1,roulette,twopoint,swap,2,14.176470588235293
0.4,0.1,roulette,twopoint,swap,3,12.647058823529411
0.4,0.1,roulette,twopoint,swap,4,10.784313725490195
0.4,0.1,roulette,twopoint,swap,5,10.92156862745098
0.4,0.1,roulette,twopoint,swap,6,13.372549019607844
0.4,0.1,roulette,twopoint,swap,7,14.784313725490197
0.4,0.1,roulette,twopoint,swap,8,10.823529411764707
0.4,0.1,roulette,twopoint,swap,9,11.294117647058822
0.4,0.1,roulette,twopoint,swap,10,11.960784313725489
0.4,0.1,roulette,twopoint,frequency,1,10.411764705882353
0.4,0.1,roulette,twopoint,frequency,2,9.294117647058822
0.4,0.1,roulette,twopoint,frequency,3,9.705882352941176
0.4,0.1,roulette,twopoint,frequency,4,9.64705882352941
0.4,0.1,roulette,twopoint,frequency,5,9.76470588235294
0.4,0.1,roulette,twopoint,frequency,6,9.333333333333332
0.4,0.1,roulette,twopoint,frequency,7,9.294117647058822
0.4,0.1,roulette,twopoint,frequency,8,9.294117647058822
0.4,0.1,roulette,twopoint,frequency,9,10.686274509803921
0.4,0.1,roulette,twopoint,frequency,10,10.43137254901961
0.4,0.1,tournament,scattered,uniform,1,9.254901960784313
0.4,0.1,tournament,scattered,uniform,2,9.294117647058822
0.4,0.1,tournament,scattered,uniform,3,9.294117647058822
0.4,0.1,tournament,scattered,uniform,4,9.294117647058822
0.4,0.1,tournament,scattered,uniform,5,9.294117647058822
0.4,0.1,tournament,scattered,uniform,6,10.392156862745098
0.4,0.1,tournament,scattered,uniform,7,9.254901960784313
0.4,0.1,tournament,scattered,uniform,8,9.254901960784313
0.4,0.1,tournament,scattered,uniform,9,9.294117647058822
0.4,0.1,tournament,scattered,uniform,10,9.294117647058824
0.4,0.1,tournament,scattered,block,1,9.64705882352941
0.4,0.1,tournament,scattered,block,2,10.215686274509803
0.4,0.1,tournament,scattered,block,3,9.254901960784313
0.4,0.1,tournament,scattered,block,4,9.901960784313724
0.4,0.1,tournament,scattered,block,5,10.03921568627451
0.4,0.1,tournament,scattered,block,6,11.098039215686276
0.4,0.1,tournament,scattered,block,7,9.294117647058824
0.4,0.1,tournament,scattered,block,8,10.56862745098039
0.4,0.1,tournament,scattered,block,9,10.137254901960784
0.4,0.1,tournament,scattered,block,10,10.411764705882353
0.4,0.1,tournament,scattered,scramble,1,9.509803921568627
0.4,0.1,tournament,scattered,scramble,2,9.254901960784313
0.4,0.1,tournament,scattered,scramble,3,9.254901960784313
0.4,0.1,tournament,scattered,scramble,4,9.294117647058822
0.4,0.1,tournament,scattered,scramble,5,9.294117647058824
0.4,0.1,tournament,scattered,scramble,6,9.294117647058822
0.4,0.1,tournament,scattered,scramble,7,10.0
0.4,0.1,tournament,scattered,scramble,8,10.705882352941178
0.4,0.1,tournament,scattered,scramble,9,9.294117647058822
0.4,0.1,tournament,scattered,scramble,10,10.137254901960786
0.4,0.1,tournament,scattered,swap,1,10.019607843137255
0.4,0.1,tournament,scattered,swap,2,10.627450980392156
0.4,0.1,tournament,scattered,swap,3,9.254901960784313
0.4,0.1,tournament,scattered,swap,4,10.627450980392156
0.4,0.1,tournament,scattered,swap,5,9.254901960784313
0.4,0.1,tournament,scattered,swap,6,10.33333333333333
0.4,0.1,tournament,scattered,swap,7,9.294117647058824
0.4,0.1,tournament,scattered,swap,8,10.117647058823529
0.4,0.1,tournament,scattered,swap,9,11.078431372549021
0.4,0.1,tournament,scattered,swap,10,9.294117647058822
0.4,0.1,tournament,scattered,frequency,1,9.254901960784313
0.4,0.1,tournament,scattered,frequency,2,9.254901960784313
0.4,0.1,tournament,scattered,frequency,3,9.254901960784313
0.4,0.1,tournament,scattered,frequency,4,9.294117647058824
0.4,0.1,tournament,scattered,frequency,5,9.294117647058824
0.4,0.1,tournament,scattered,frequency,6,9.705882352941174
0.4,0.1,tournament,scattered,frequency,7,9.294117647058822
0.4,0.1,tournament,scattered,frequency,8,9.294117647058822
0.4,0.1,tournament,scattered,frequency,9,9.254901960784313
0.4,0.1,tournament,scattered,frequency,10,9.294117647058822
0.4,0.1,tournament,singlepoint,uniform,1,9.294117647058822
0.4,0.1,tournament,singlepoint,uniform,2,9.80392156862745
0.4,0.1,tournament,singlepoint,uniform,3,9.254901960784313
0.4,0.1,tournament,singlepoint,uniform,4,9.372549019607842
0.4,0.1,tournament,singlepoint,uniform,5,10.313725490196079
0.4,0.1,tournament,singlepoint,uniform,6,9.254901960784313
0.4,0.1,tournament,singlepoint,uniform,7,9.980392156862745
0.4,0.1,tournament,singlepoint,uniform,8,9.64705882352941
0.4,0.1,tournament,singlepoint,uniform,9,9.705882352941178
0.4,0.1,tournament,singlepoint,uniform,10,10.705882352941174
0.4,0.1,tournament,singlepoint,block,1,10.313725490196076
0.4,0.1,tournament,singlepoint,block,2,11.686274509803923
0.4,0.1,tournament,singlepoint,block,3,10.803921568627452
0.4,0.1,tournament,singlepoint,block,4,10.76470588235294
0.4,0.1,tournament,singlepoint,block,5,11.941176470588234
0.4,0.1,tournament,singlepoint,block,6,11.725490196078429
0.4,0.1,tournament,singlepoint,block,7,11.333333333333332
0.4,0.1,tournament,singlepoint,block,8,11.999999999999998
0.4,0.1,tournament,singlepoint,block,9,10.627450980392156
0.4,0.1,tournament,singlepoint,block,10,11.764705882352942
0.4,0.1,tournament,singlepoint,scramble,1,10.92156862745098
0.4,0.1,tournament,singlepoint,scramble,2,11.098039215686274
0.4,0.1,tournament,singlepoint,scramble,3,9.705882352941176
0.4,0.1,tournament,singlepoint,scramble,4,9.372549019607842
0.4,0.1,tournament,singlepoint,scramble,5,12.176470588235293
0.4,0.1,tournament,singlepoint,scramble,6,10.549019607843135
0.4,0.1,tournament,singlepoint,scramble,7,12.705882352941176
0.4,0.1,tournament,singlepoint,scramble,8,11.80392156862745
0.4,0.1,tournament,singlepoint,scramble,9,9.254901960784313
0.4,0.1,tournament,singlepoint,scramble,10,12.0
0.4,0.1,tournament,singlepoint,swap,1,12.450980392156861
0.4,0.1,tournament,singlepoint,swap,2,10.764705882352942
0.4,0.1,tournament,singlepoint,swap,3,9.823529411764705
0.4,0.1,tournament,singlepoint,swap,4,12.725490196078432
0.4,0.1,tournament,singlepoint,swap,5,10.470588235294118
0.4,0.1,tournament,singlepoint,swap,6,10.64705882352941
0.4,0.1,tournament,singlepoint,swap,7,11.568627450980392
0.4,0.1,tournament,singlepoint,swap,8,11.80392156862745
0.4,0.1,tournament,singlepoint,swap,9,11.647058823529411
0.4,0.1,tournament,singlepoint,swap,10,9.686274509803921
0.4,0.1,tournament,singlepoint,frequency,1,9.803921568627448
0.4,0.1,tournament,singlepoint,frequency,2,9.294117647058824
0.4,0.1,tournament,singlepoint,frequency,3,9.254901960784313
0.4,0.1,tournament,singlepoint,frequency,4,9.254901960784313
0.4,0.1,tournament,singlepoint,frequency,5,9.294117647058822
0.4,0.1,tournament,singlepoint,frequency,6,9.254901960784313
0.4,0.1,tournament,singlepoint,frequency,7,9.705882352941174
0.4,0.1,tournament,singlepoint,frequency,8,9.294117647058822
0.4,0.1,tournament,singlepoint,frequency,9,9.294117647058822
0.4,0.1,tournament,singlepoint,frequency,10,9.254901960784313
0.4,0.1,tournament,twopoint,uniform,1,9.941176470588234
0.4,0.1,tournament,twopoint,uniform,2,9.254901960784313
0.4,0.1,tournament,twopoint,uniform,3,9.705882352941174
0.4,0.1,tournament,twopoint,uniform,4,9.254901960784313
0.4,0.1,tournament,twopoint,uniform,5,9.294117647058824
0.4,0.1,tournament,twopoint,uniform,6,9.333333333333332
0.4,0.1,tournament,twopoint,uniform,7,9.372549019607842
0.4,0.1,tournament,twopoint,uniform,8,10.019607843137253
0.4,0.1,tournament,twopoint,uniform,9,10.313725490196079
0.4,0.1,tournament,twopoint,uniform,10,9.254901960784313
0.4,0.1,tournament,twopoint,block,1,11.196078431372548
0.4,0.1,tournament,twopoint,block,2,10.019607843137253
0.4,0.1,tournament,twopoint,block,3,9.529411764705882
0.4,0.1,tournament,twopoint,block,4,11.27450980392157
0.4,0.1,tournament,twopoint,block,5,12.470588235294118
0.4,0.1,tournament,twopoint,block,6,11.294117647058824
0.4,0.1,tournament,twopoint,block,7,9.92156862745098
0.4,0.1,tournament,twopoint,block,8,10.450980392156863
0.4,0.1,tournament,twopoint,block,9,10.784313725490195
0.4,0.1,tournament,twopoint,block,10,10.313725490196077
0.4,0.1,tournament,twopoint,scramble,1,10.627450980392156
0.4,0.1,tournament,twopoint,scramble,2,11.254901960784316
0.4,0.1,tournament,twopoint,scramble,3,12.862745098039214
0.4,0.1,tournament,twopoint,scramble,4,10.627450980392156
0.4,0.1,tournament,twopoint,scramble,5,10.803921568627448
0.4,0.1,tournament,twopoint,scramble,6,10.11764705882353
0.4,0.1,tournament,twopoint,scramble,7,10.117647058823529
0.4,0.1,tournament,twopoint,scramble,8,9.80392156862745
0.4,0.1,tournament,twopoint,scramble,9,10.156862745098037
0.4,0.1,tournament,twopoint,scramble,10,11.313725490196077
0.4,0.1,tournament,twopoint,swap,1,10.607843137254903
0.4,0.1,tournament,twopoint,swap,2,10.823529411764707
0.4,0.1,tournament,twopoint,swap,3,9.72549019607843
0.4,0.1,tournament,twopoint,swap,4,9.509803921568627
0.4,0.1,tournament,twopoint,swap,5,11.960784313725489
0.4,0.1,tournament,twopoint,swap,6,9.64705882352941
0.4,0.1,tournament,twopoint,swap,7,10.627450980392156
0.4,0.1,tournament,twopoint,swap,8,10.431372549019606
0.4,0.1,tournament,twopoint,swap,9,10.019607843137253
0.4,0.1,tournament,twopoint,swap,10,9.64705882352941
0.4,0.1,tournament,twopoint,frequency,1,9.64705882352941
0.4,0.1,tournament,twopoint,frequency,2,9.294117647058822
0.4,0.1,tournament,twopoint,frequency,3,9.254901960784313
0.4,0.1,tournament,twopoint,frequency,4,9.254901960784313
0.4,0.1,tournament,twopoint,frequency,5,9.254901960784313
0.4,0.1,tournament,twopoint,frequency,6,10.019607843137255
0.4,0.1,tournament,twopoint,frequency,7,9.254901960784313
0.4,0.1,tournament,twopoint,frequency,8,9.333333333333332
0.4,0.1,tournament,twopoint,frequency,9,9.294117647058824
0.4,0.1,tournament,twopoint,frequency,10,9.980392156862747
0.4,0.2,stochunif,scattered,uniform,1,9.705882352941176
0.4,0.2,stochunif,scattered,uniform,2,9.823529411764707
0.4,0.2,stochunif,scattered,uniform,3,9.705882352941176
0.4,0.2,stochunif,scattered,uniform,4,9.294117647058824
0.4,0.2,stochunif,scattered,uniform,5,9.64705882352941
0.4,0.2,stochunif,scattered,uniform,6,10.627450980392158
0.4,0.2,stochunif,scattered,uniform,7,10.627450980392156
0.4,0.2,stochunif,scattered,uniform,8,11.431372549019608
0.4,0.2,stochunif,scattered,uniform,9,10.019607843137257
0.4,0.2,stochunif,scattered,uniform,10,11.450980392156863
0.4,0.2,stochunif,scattered,block,1,12.901960784313724
0.4,0.2,stochunif,scattered,block,2,12.392156862745098
0.4,0.2,stochunif,scattered,block,3,10.627450980392156
0.4,0.2,stochunif,scattered,block,4,9.509803921568627
0.4,0.2,stochunif,scattered,block,5,11.156862745098039
0.4,0.2,stochunif,scattered,block,6,10.352941176470587
0.4,0.2,stochunif,scattered,block,7,10.392156862745097
0.4,0.2,stochunif,scattered,block,8,11.274509803921568
0.4,0.2,stochunif,scattered,block,9,11.03921568627451
0.4,0.2,stochunif,scattered,block,10,10.823529411764707
0.4,0.2,stochunif,scattered,scramble,1,10.019607843137253
0.4,0.2,stochunif,scattered,scramble,2,11.352941176470587
0.4,0.2,stochunif,scattered,scramble,3,10.568627450980392
0.4,0.2,stochunif,scattered,scramble,4,10.19607843137255
0.4,0.2,stochunif,scattered,scramble,5,11.411764705882353
0.4,0.2,stochunif,scattered,scramble,6,10.80392156862745
0.4,0.2,stochunif,scattered,scramble,7,11.058823529411764
0.4,0.2,stochunif,scattered,scramble,8,11.56862745098039
0.4,0.2,stochunif,scattered,scramble,9,12.27450980392157
0.4,0.2,stochunif,scattered,scramble,10,10.15686274509804
0.4,0.2,stochunif,scattered,swap,1,11.33333333333333
0.4,0.2,stochunif,scattered,swap,2,10.117647058823529
0.4,0.2,stochunif,scattered,swap,3,12.392156862745097
0.4,0.2,stochunif,scattered,swap,4,11.549019607843135
0.4,0.2,stochunif,scattered,swap,5,11.098039215686274
0.4,0.2,stochunif,scattered,swap,6,10.07843137254902
0.4,0.2,stochunif,scattered,swap,7,12.764705882352942
0.4,0.2,stochunif,scattered,swap,8,9.823529411764707
0.4,0.2,stochunif,scattered,swap,9,11.039215686274511
0.4,0.2,stochunif,scattered,swap,10,10.098039215686272
0.4,0.2,stochunif,scattered,frequency,1,9.705882352941174
0.4,0.2,stochunif,scattered,frequency,2,10.137254901960786
0.4,0.2,stochunif,scattered,frequency,3,9.705882352941176
0.4,0.2,stochunif,scattered,frequency,4,10.11764705882353
0.4,0.2,stochunif,scattered,frequency,5,10.098039215686272
0.4,0.2,stochunif,scattered,frequency,6,9.254901960784313
0.4,0.2,stochunif,scattered,frequency,7,9.254901960784313
0.4,0.2,stochunif,scattered,frequency,8,10.784313725490199
0.4,0.2,stochunif,scattered,frequency,9,9.254901960784313
0.4,0.2,stochunif,scattered,frequency,10,9.823529411764707
0.4,0.2,stochunif,singlepoint,uniform,1,12.058823529411763
0.4,0.2,stochunif,singlepoint,uniform,2,11.862745098039216
0.4,0.2,stochunif,singlepoint,uniform,3,10.176470588235293
0.4,0.2,stochunif,singlepoint,uniform,4,10.058823529411764
0.4,0.2,stochunif,singlepoint,uniform,5,10.509803921568627
0.4,0.2,stochunif,singlepoint,uniform,6,9.705882352941174
0.4,0.2,stochunif,singlepoint,uniform,7,10.72549019607843
0.4,0.2,stochunif,singlepoint,uniform,8,10.274509803921564
0.4,0.2,stochunif,singlepoint,uniform,9,11.07843137254902
0.4,0.2,stochunif,singlepoint,uniform,10,10.450980392156863
0.4,0.2,stochunif,singlepoint,block,1,10.588235294117647
0.4,0.2,stochunif,singlepoint,block,2,13.098039215686274
0.4,0.2,stochunif,singlepoint,block,3,11.117647058823529
0.4,0.2,stochunif,singlepoint,block,4,11.098039215686274
0.4,0.2,stochunif,singlepoint,block,5,12.35294117647059
0.4,0.2,stochunif,singlepoint,block,6,11.862745098039216
0.4,0.2,stochunif,singlepoint,block,7,13.686274509803921
0.4,0.2,stochunif,singlepoint,block,8,12.333333333333332
0.4,0.2,stochunif,singlepoint,block,9,11.901960784313728
0.4,0.2,stochunif,singlepoint,block,10,12.80392156862745
0.4,0.2,stochunif,singlepoint,scramble,1,11.294117647058822
0.4,0.2,stochunif,singlepoint,scramble,2,13.196078431372552
0.4,0.2,stochunif,singlepoint,scramble,3,11.941176470588236
0.4,0.2,stochunif,singlepoint,scramble,4,10.333333333333334
0.4,0.2,stochunif,singlepoint,scramble,5,12.137254901960784
0.4,0.2,stochunif,singlepoint,scramble,6,13.313725490196079
0.4,0.2,stochunif,singlepoint,scramble,7,10.999999999999998
0.4,0.2,stochunif,singlepoint,scramble,8,11.607843137254902
0.4,0.2,stochunif,singlepoint,scramble,9,11.392156862745097
0.4,0.2,stochunif,singlepoint,scramble,10,11.47058823529412
0.4,0.2,stochunif,singlepoint,swap,1,10.49019607843137
0.4,0.2,stochunif,singlepoint,swap,2,11.03921568627451
0.4,0.2,stochunif,singlepoint,swap,3,10.627450980392158
0.4,0.2,stochunif,singlepoint,swap,4,11.568627450980394
0.4,0.2,stochunif,singlepoint,swap,5,11.274509803921568
0.4,0.2,stochunif,singlepoint,swap,6,10.333333333333332
0.4,0.2,stochunif,singlepoint,swap,7,13.019607843137255
0.4,0.2,stochunif,singlepoint,swap,8,12.235294117647058
0.4,0.2,stochunif,singlepoint,swap,9,11.039215686274508
0.4,0.2,stochunif,singlepoint,swap,10,10.294117647058824
0.4,0.2,stochunif,singlepoint,frequency,1,9.254901960784313
0.4,0.2,stochunif,singlepoint,frequency,2,10.058823529411763
0.4,0.2,stochunif,singlepoint,frequency,3,9.294117647058824
0.4,0.2,stochunif,singlepoint,frequency,4,9.705882352941174
0.4,0.2,stochunif,singlepoint,frequency,5,10.235294117647058
0.4,0.2,stochunif,singlepoint,frequency,6,9.294117647058822
0.4,0.2,stochunif,singlepoint,frequency,7,9.862745098039214
0.4,0.2,stochunif,singlepoint,frequency,8,9.64705882352941
0.4,0.2,stochunif,singlepoint,frequency,9,9.294117647058822
0.4,0.2,stochunif,singlepoint,frequency,10,10.450980392156863
0.4,0.2,stochunif,twopoint,uniform,1,10.431372549019608
0.4,0.2,stochunif,twopoint,uniform,2,11.23529411764706
0.4,0.2,stochunif,twopoint,uniform,3,9.254901960784313
0.4,0.2,stochunif,twopoint,uniform,4,9.509803921568627
0.4,0.2,stochunif,twopoint,uniform,5,10.392156862745097
0.4,0.2,stochunif,twopoint,uniform,6,9.862745098039213
0.4,0.2,stochunif,twopoint,uniform,7,9.784313725490197
0.4,0.2,stochunif,twopoint,uniform,8,9.254901960784313
0.4,0.2,stochunif,twopoint,uniform,9,10.941176470588237
0.4,0.2,stochunif,twopoint,uniform,10,9.254901960784313
0.4,0.2,stochunif,twopoint,block,1,14.0
0.4,0.2,stochunif,twopoint,block,2,11.705882352941176
0.4,0.2,stochunif,twopoint,block,3,10.882352941176473
0.4,0.2,stochunif,twopoint,block,4,11.058823529411764
0.4,0.2,stochunif,twopoint,block,5,10.313725490196077
0.4,0.2,stochunif,twopoint,block,6,12.764705882352942
0.4,0.2,stochunif,twopoint,block,7,13.215686274509803
0.4,0.2,stochunif,twopoint,block,8,11.333333333333334
0.4,0.2,stochunif,twopoint,block,9,11.372549019607845
0.4,0.2,stochunif,twopoint,block,10,11.431372549019606
0.4,0.2,stochunif,twopoint,scramble,1,9.941176470588236
0.4,0.2,stochunif,twopoint,scramble,2,11.392156862745097
0.4,0.2,stochunif,twopoint,scramble,3,11.235294117647058
0.4,0.2,stochunif,twopoint,scramble,4,10.627450980392156
0.4,0.2,stochunif,twopoint,scramble,5,12.72549019607843
0.4,0.2,stochunif,twopoint,scramble,6,9.254901960784313
0.4,0.2,stochunif,twopoint,scramble,7,9.64705882352941
0.4,0.2,stochunif,twopoint,scramble,8,11.254901960784313
0.4,0.2,stochunif,twopoint,scramble,9,11.666666666666666
0.4,0.2,stochunif,twopoint,scramble,10,12.882352941176471
0.4,0.2,stochunif,twopoint,swap,1,13.235294117647058
0.4,0.2,stochunif,twopoint,swap,2,10.92156862745098
0.4,0.2,stochunif,twopoint,swap,3,11.450980392156865
0.4,0.2,stochunif,twopoint,swap,4,11.019607843137255
0.4,0.2,stochunif,twopoint,swap,5,10.882352941176471
0.4,0.2,stochunif,twopoint,swap,6,11.666666666666668
0.4,0.2,stochunif,twopoint,swap,7,10.686274509803921
0.4,0.2,stochunif,twopoint,swap,8,11.745098039215684
0.4,0.2,stochunif,twopoint,swap,9,11.549019607843135
0.4,0.2,stochunif,twopoint,swap,10,12.215686274509803
0.4,0.2,stochunif,twopoint,frequency,1,9.254901960784313
0.4,0.2,stochunif,twopoint,frequency,2,10.019607843137255
0.4,0.2,stochunif,twopoint,frequency,3,12.196078431372548
0.4,0.2,stochunif,twopoint,frequency,4,9.294117647058824
0.4,0.2,stochunif,twopoint,frequency,5,9.294117647058822
0.4,0.2,stochunif,twopoint,frequency,6,9.333333333333332
0.4,0.2,stochunif,twopoint,frequency,7,9.64705882352941
0.4,0.2,stochunif,twopoint,frequency,8,9.294117647058824
0.4,0.2,stochunif,twopoint,frequency,9,10.019607843137253
0.4,0.2,stochunif,twopoint,frequency,10,10.215686274509803
0.4,0.2,roulette,scattered,uniform,1,9.980392156862745
0.4,0.2,roulette,scattered,uniform,2,10.058823529411764
0.4,0.2,roulette,scattered,uniform,3,9.64705882352941
0.4,0.2,roulette,scattered,uniform,4,10.470588235294118
0.4,0.2,roulette,scattered,uniform,5,10.588235294117645
0.4,0.2,roulette,scattered,uniform,6,9.294117647058822
0.4,0.2,roulette,scattered,uniform,7,9.294117647058824
0.4,0.2,roulette,scattered,uniform,8,9.254901960784313
0.4,0.2,roulette,scattered,uniform,9,10.058823529411763
0.4,0.2,roulette,scattered,uniform,10,9.254901960784313
0.4,0.2,roulette,scattered,block,1,11.549019607843135
0.4,0.2,roulette,scattered,block,2,10.627450980392156
0.4,0.2,roulette,scattered,block,3,10.784313725490195
0.4,0.2,roulette,scattered,block,4,10.333333333333332
0.4,0.2,roulette,scattered,block,5,11.117647058823527
0.4,0.2,roulette,scattered,block,6,9.294117647058822
0.4,0.2,roulette,scattered,block,7,10.372549019607844
0.4,0.2,roulette,scattered,block,8,10.901960784313724
0.4,0.2,roulette,scattered,block,9,11.50980392156863
0.4,0.2,roulette,scattered,block,10,12.392156862745097
0.4,0.2,roulette,scattered,scramble,1,12.352941176470589
0.4,0.2,roulette,scattered,scramble,2,9.509803921568627
0.4,0.2,roulette,scattered,scramble,3,10.84313725490196
0.4,0.2,roulette,scattered,scramble,4,10.72549019607843
0.4,0.2,roulette,scattered,scramble,5,12.686274509803923
0.4,0.2,roulette,scattered,scramble,6,10.392156862745097
0.4,0.2,roulette,scattered,scramble,7,10.627450980392156
0.4,0.2,roulette,scattered,scramble,8,11.607843137254903
0.4,0.2,roulette,scattered,scramble,9,11.372549019607842
0.4,0.2,roulette,scattered,scramble,10,10.588235294117645
0.4,0.2,roulette,scattered,swap,1,10.058823529411764
0.4,0.2,roulette,scattered,swap,2,10.999999999999998
0.4,0.2,roulette,scattered,swap,3,11.450980392156863
0.4,0.2,roulette,scattered,swap,4,12.529411764705882
0.4,0.2,roulette,scattered,swap,5,10.803921568627452
0.4,0.2,roulette,scattered,swap,6,11.156862745098039
0.4,0.2,roulette,scattered,swap,7,11.588235294117645
0.4,0.2,roulette,scattered,swap,8,10.745098039215685
0.4,0.2,roulette,scattered,swap,9,14.19607843137255
0.4,0.2,roulette,scattered,swap,10,11.76470588235294
0.4,0.2,roulette,scattered,frequency,1,9.64705882352941
0.4,0.2,roulette,scattered,frequency,2,10.333333333333332
0.4,0.2,roulette,scattered,frequency,3,9.980392156862747
0.4,0.2,roulette,scattered,frequency,4,10.137254901960784
0.4,0.2,roulette,scattered,frequency,5,11.294117647058824
0.4,0.2,roulette,scattered,frequency,6,9.254901960784313
0.4,0.2,roulette,scattered,frequency,7,10.529411764705882
0.4,0.2,roulette,scattered,frequency,8,9.254901960784313
0.4,0.2,roulette,scattered,frequency,9,9.686274509803921
0.4,0.2,roulette,scattered,frequency,10,9.333333333333332
0.4,0.2,roulette,singlepoint,uniform,1,9.294117647058824
0.4,0.2,roulette,singlepoint,uniform,2,10.509803921568627
0.4,0.2,roulette,singlepoint,uniform,3,10.235294117647058
0.4,0.2,roulette,singlepoint,uniform,4,10.941176470588236
0.4,0.2,roulette,singlepoint,uniform,5,10.215686274509801
0.4,0.2,roulette,singlepoint,uniform,6,9.372549019607844
0.4,0.2,roulette,singlepoint,uniform,7,9.254901960784313
0.4,0.2,roulette,singlepoint,uniform,8,10.019607843137253
0.4,0.2,roulette,singlepoint,uniform,9,10.431372549019606
0.4,0.2,roulette,singlepoint,uniform,10,9.294117647058824
0.4,0.2,roulette,singlepoint,block,1,12.450980392156863
0.4,0.2,roulette,singlepoint,block,2,10.705882352941174
0.4,0.2,roulette,singlepoint,block,3,12.941176470588237
0.4,0.2,roulette,singlepoint,block,4,11.176470588235293
0.4,0.2,roulette,singlepoint,block,5,11.098039215686272
0.4,0.2,roulette,singlepoint,block,6,11.470588235294116
0.4,0.2,roulette,singlepoint,block,7,10.607843137254903
0.4,0.2,roulette,singlepoint,block,8,12.098039215686272
0.4,0.2,roulette,singlepoint,block,9,13.333333333333332
0.4,0.2,roulette,singlepoint,block,10,11.235294117647058
0.4,0.2,roulette,singlepoint,scramble,1,11.450980392156863
0.4,0.2,roulette,singlepoint,scramble,2,10.627450980392158
0.4,0.2,roulette,singlepoint,scramble,3,10.980392156862745
0.4,0.2,roulette,singlepoint,scramble,4,13.098039215686274
0.4,0.2,roulette,singlepoint,scramble,5,11.862745098039214
0.4,0.2,roulette,singlepoint,scramble,6,10.882352941176471
0.4,0.2,roulette,singlepoint,scramble,7,11.509803921568626
0.4,0.2,roulette,singlepoint,scramble,8,11.27450980392157
0.4,0.2,roulette,singlepoint,scramble,9,11.549019607843135
0.4,0.2,roulette,singlepoint,scramble,10,9.80392156862745
0.4,0.2,roulette,singlepoint,swap,1,12.07843137254902
0.4,0.2,roulette,singlepoint,swap,2,12.84313725490196
0.4,0.2,roulette,singlepoint,swap,3,12.098039215686274
0.4,0.2,roulette,singlepoint,swap,4,13.705882352941176
0.4,0.2,roulette,singlepoint,swap,5,13.333333333333332
0.4,0.2,roulette,singlepoint,swap,6,15.039215686274508
0.4,0.2,roulette,singlepoint,swap,7,13.647058823529411
0.4,0.2,roulette,singlepoint,swap,8,11.156862745098039
0.4,0.2,roulette,singlepoint,swap,9,11.666666666666664
0.4,0.2,roulette,singlepoint,swap,10,11.686274509803921
0.4,0.2,roulette,singlepoint,frequency,1,9.901960784313724
0.4,0.2,roulette,singlepoint,frequency,2,9.254901960784313
0.4,0.2,roulette,singlepoint,frequency,3,9.372549019607844
0.4,0.2,roulette,singlepoint,frequency,4,10.431372549019608
0.4,0.2,roulette,singlepoint,frequency,5,9.294117647058824
0.4,0.2,roulette,singlepoint,frequency,6,9.294117647058824
0.4,0.2,roulette,singlepoint,frequency,7,10.176470588235292
0.4,0.2,roulette,singlepoint,frequency,8,9.372549019607842
0.4,0.2,roulette,singlepoint,frequency,9,11.725490196078432
0.4,0.2,roulette,singlepoint,frequency,10,9.960784313725489
0.4,0.2,roulette,twopoint,uniform,1,10.568627450980392
0.4,0.2,roulette,twopoint,uniform,2,9.294117647058824
0.4,0.2,roulette,twopoint,uniform,3,9.686274509803921
0.4,0.2,roulette,twopoint,uniform,4,11.0
0.4,0.2,roulette,twopoint,uniform,5,10.509803921568627
0.4,0.2,roulette,twopoint,uniform,6,9.509803921568627
0.4,0.2,roulette,twopoint,uniform,7,10.156862745098037
0.4,0.2,roulette,twopoint,uniform,8,9.705882352941176
0.4,0.2,roulette,twopoint,uniform,9,9.862745098039213
0.4,0.2,roulette,twopoint,uniform,10,9.254901960784313
0.4,0.2,roulette,twopoint,block,1,11.66666666666667
0.4,0.2,roulette,twopoint,block,2,14.705882352941176
0.4,0.2,roulette,twopoint,block,3,12.215686274509803
0.4,0.2,roulette,twopoint,block,4,10.333333333333332
0.4,0.2,roulette,twopoint,block,5,11.96078431372549
0.4,0.2,roulette,twopoint,block,6,14.137254901960786
0.4,0.2,roulette,twopoint,block,7,11.117647058823529
0.4,0.2,roulette,twopoint,block,8,10.901960784313724
0.4,0.2,roulette,twopoint,block,9,10.294117647058824
0.4,0.2,roulette,twopoint,block,10,13.23529411764706
0.4,0.2,roulette,twopoint,scramble,1,11.941176470588234
0.4,0.2,roulette,twopoint,scramble,2,10.470588235294118
0.4,0.2,roulette,twopoint,scramble,3,9.509803921568627
0.4,0.2,roulette,twopoint,scramble,4,11.549019607843135
0.4,0.2,roulette,twopoint,scramble,5,10.529411764705882
0.4,0.2,roulette,twopoint,scramble,6,12.76470588235294
0.4,0.2,roulette,twopoint,scramble,7,11.725490196078429
0.4,0.2,roulette,twopoint,scramble,8,11.372549019607842
0.4,0.2,roulette,twopoint,scramble,9,10.96078431372549
0.4,0.2,roulette,twopoint,scramble,10,10.705882352941176
0.4,0.2,roulette,twopoint,swap,1,11.980392156862745
0.4,0.2,roulette,twopoint,swap,2,10.19607843137255
0.4,0.2,roulette,twopoint,swap,3,11.901960784313724
0.4,0.2,roulette,twopoint,swap,4,12.372549019607842
0.4,0.2,roulette,twopoint,swap,5,10.68627450980392
0.4,0.2,roulette,twopoint,swap,6,10.215686274509801
0.4,0.2,roulette,twopoint,swap,7,11.176470588235293
0.4,0.2,roulette,twopoint,swap,8,9.72549019607843
0.4,0.2,roulette,twopoint,swap,9,10.999999999999998
0.4,0.2,roulette,twopoint,swap,10,12.588235294117643
0.4,0.2,roulette,twopoint,frequency,1,9.254901960784313
0.4,0.2,roulette,twopoint,frequency,2,9.941176470588234
0.4,0.2,roulette,twopoint,frequency,3,9.333333333333332
0.4,0.2,roulette,twopoint,frequency,4,10.470588235294118
0.4,0.2,roulette,twopoint,frequency,5,9.666666666666666
0.4,0.2,roulette,twopoint,frequency,6,9.705882352941176
0.4,0.2,roulette,twopoint,frequency,7,9.901960784313724
0.4,0.2,roulette,twopoint,frequency,8,9.372549019607844
0.4,0.2,roulette,twopoint,frequency,9,9.823529411764707
0.4,0.2,roulette,twopoint,frequency,10,10.84313725490196
0.4,0.2,tournament,scattered,uniform,1,9.294117647058822
0.4,0.2,tournament,scattered,uniform,2,9.294117647058822
0.4,0.2,tournament,scattered,uniform,3,10.176470588235292
0.4,0.2,tournament,scattered,uniform,4,9.254901960784313
0.4,0.2,tournament,scattered,uniform,5,10.176470588235292
0.4,0.2,tournament,scattered,uniform,6,9.980392156862745
0.4,0.2,tournament,scattered,uniform,7,9.294117647058822
0.4,0.2,tournament,scattered,uniform,8,9.960784313725489
0.4,0.2,tournament,scattered,uniform,9,9.254901960784313
0.4,0.2,tournament,scattered,uniform,10,9.294117647058824
0.4,0.2,tournament,scattered,block,1,10.176470588235292
0.4,0.2,tournament,scattered,block,2,10.313725490196079
0.4,0.2,tournament,scattered,block,3,9.960784313725489
0.4,0.2,tournament,scattered,block,4,9.294117647058822
0.4,0.2,tournament,scattered,block,5,9.509803921568627
0.4,0.2,tournament,scattered,block,6,9.705882352941174
0.4,0.2,tournament,scattered,block,7,11.019607843137255
0.4,0.2,tournament,scattered,block,8,10.215686274509805
0.4,0.2,tournament,scattered,block,9,9.254901960784313
0.4,0.2,tournament,scattered,block,10,9.72549019607843
0.4,0.2,tournament,scattered,scramble,1,9.64705882352941
0.4,0.2,tournament,scattered,scramble,2,9.254901960784313
0.4,0.2,tournament,scattered,scramble,3,10.03921568627451
0.4,0.2,tournament,scattered,scramble,4,9.294117647058822
0.4,0.2,tournament,scattered,scramble,5,9.76470588235294
0.4,0.2,tournament,scattered,scramble,6,10.137254901960786
0.4,0.2,tournament,scattered,scramble,7,10.333333333333332
0.4,0.2,tournament,scattered,scramble,8,10.058823529411763
0.4,0.2,tournament,scattered,scramble,9,10.117647058823529
0.4,0.2,tournament,scattered,scramble,10,9.803921568627448
0.4,0.2,tournament,scattered,swap,1,9.254901960784313
0.4,0.2,tournament,scattered,swap,2,9.372549019607842
0.4,0.2,tournament,scattered,swap,3,9.294117647058824
0.4,0.2,tournament,scattered,swap,4,9.64705882352941
0.4,0.2,tournament,scattered,swap,5,9.294117647058824
0.4,0.2,tournament,scattered,swap,6,10.07843137254902
0.4,0.2,tournament,scattered,swap,7,9.960784313725489
0.4,0.2,tournament,scattered,swap,8,9.294117647058824
0.4,0.2,tournament,scattered,swap,9,9.529411764705882
0.4,0.2,tournament,scattered,swap,10,10.372549019607845
0.4,0.2,tournament,scattered,frequency,1,9.294117647058822
0.4,0.2,tournament,scattered,frequency,2,9.254901960784313
0.4,0.2,tournament,scattered,frequency,3,9.254901960784313
0.4,0.2,tournament,scattered,frequency,4,9.254901960784313
0.4,0.2,tournament,scattered,frequency,5,9.294117647058824
0.4,0.2,tournament,scattered,frequency,6,9.941176470588234
0.4,0.2,tournament,scattered,frequency,7,9.254901960784313
0.4,0.2,tournament,scattered,frequency,8,9.254901960784313
0.4,0.2,tournament,scattered,frequency,9,9.254901960784313
0.4,0.2,tournament,scattered,frequency,10,9.254901960784313
0.4,0.2,tournament,singlepoint,uniform,1,9.64705882352941
0.4,0.2,tournament,singlepoint,uniform,2,9.333333333333332
0.4,0.2,tournament,singlepoint,uniform,3,9.823529411764707
0.4,0.2,tournament,singlepoint,uniform,4,9.294117647058824
0.4,0.2,tournament,singlepoint,uniform,5,9.88235294117647
0.4,0.2,tournament,singlepoint,uniform,6,9.294117647058822
0.4,0.2,tournament,singlepoint,uniform,7,9.254901960784313
0.4,0.2,tournament,singlepoint,uniform,8,9.372549019607842
0.4,0.2,tournament,singlepoint,uniform,9,9.294117647058822
0.4,0.2,tournament,singlepoint,uniform,10,9.52941176470588
0.4,0.2,tournament,singlepoint,block,1,9.372549019607842
0.4,0.2,tournament,singlepoint,block,2,9.980392156862745
0.4,0.2,tournament,singlepoint,block,3,11.03921568627451
0.4,0.2,tournament,singlepoint,block,4,10.058823529411763
0.4,0.2,tournament,singlepoint,block,5,10.999999999999998
0.4,0.2,tournament,singlepoint,block,6,12.76470588235294
0.4,0.2,tournament,singlepoint,block,7,11.294117647058824
0.4,0.2,tournament,singlepoint,block,8,10.294117647058824
0.4,0.2,tournament,singlepoint,block,9,11.235294117647058
0.4,0.2,tournament,singlepoint,block,10,11.784313725490195
0.4,0.2,tournament,singlepoint,scramble,1,9.333333333333332
0.4,0.2,tournament,singlepoint,scramble,2,11.686274509803921
0.4,0.2,tournament,singlepoint,scramble,3,10.215686274509803
0.4,0.2,tournament,singlepoint,scramble,4,10.137254901960784
0.4,0.2,tournament,singlepoint,scramble,5,10.92156862745098
0.4,0.2,tournament,singlepoint,scramble,6,10.470588235294118
0.4,0.2,tournament,singlepoint,scramble,7,10.176470588235293
0.4,0.2,tournament,singlepoint,scramble,8,11.15686274509804
0.4,0.2,tournament,singlepoint,scramble,9,10.176470588235292
0.4,0.2,tournament,singlepoint,scramble,10,10.823529411764705
0.4,0.2,tournament,singlepoint,swap,1,10.156862745098037
0.4,0.2,tournament,singlepoint,swap,2,11.176470588235293
0.4,0.2,tournament,singlepoint,swap,3,11.47058823529412
0.4,0.2,tournament,singlepoint,swap,4,11.509803921568626
0.4,0.2,tournament,singlepoint,swap,5,9.294117647058824
0.4,0.2,tournament,singlepoint,swap,6,10.392156862745097
0.4,0.2,tournament,singlepoint,swap,7,9.803921568627448
0.4,0.2,tournament,singlepoint,swap,8,11.49019607843137
0.4,0.2,tournament,singlepoint,swap,9,10.941176470588237
0.4,0.2,tournament,singlepoint,swap,10,10.372549019607842
0.4,0.2,tournament,singlepoint,frequency,1,9.64705882352941
0.4,0.2,tournament,singlepoint,frequency,2,9.980392156862745
0.4,0.2,tournament,singlepoint,frequency,3,9.64705882352941
0.4,0.2,tournament,singlepoint,frequency,4,9.294117647058824
0.4,0.2,tournament,singlepoint,frequency,5,9.294117647058822
0.4,0.2,tournament,singlepoint,frequency,6,9.254901960784313
0.4,0.2,tournament,singlepoint,frequency,7,11.470588235294118
0.4,0.2,tournament,singlepoint,frequency,8,10.137254901960786
0.4,0.2,tournament,singlepoint,frequency,9,9.254901960784313
0.4,0.2,tournament,singlepoint,frequency,10,9.294117647058822
0.4,0.2,tournament,twopoint,uniform,1,9.294117647058824
0.4,0.2,tournament,twopoint,uniform,2,9.64705882352941
0.4,0.2,tournament,twopoint,uniform,3,9.549019607843135
0.4,0.2,tournament,twopoint,uniform,4,9.72549019607843
0.4,0.2,tournament,twopoint,uniform,5,10.019607843137255
0.4,0.2,tournament,twopoint,uniform,6,10.392156862745097
0.4,0.2,tournament,twopoint,uniform,7,9.862745098039214
0.4,0.2,tournament,twopoint,uniform,8,9.254901960784313
0.4,0.2,tournament,twopoint,uniform,9,9.705882352941178
0.4,0.2,tournament,twopoint,uniform,10,10.058823529411764
0.4,0.2,tournament,twopoint,block,1,10.784313725490193
0.4,0.2,tournament,twopoint,block,2,10.117647058823529
0.4,0.2,tournament,twopoint,block,3,10.72549019607843
0.4,0.2,tournament,twopoint,block,4,10.705882352941174
0.4,0.2,tournament,twopoint,block,5,13.254901960784313
0.4,0.2,tournament,twopoint,block,6,10.235294117647058
0.4,0.2,tournament,twopoint,block,7,9.294117647058822
0.4,0.2,tournament,twopoint,block,8,10.058823529411764
0.4,0.2,tournament,twopoint,block,9,11.372549019607842
0.4,0.2,tournament,twopoint,block,10,10.372549019607844
0.4,0.2,tournament,twopoint,scramble,1,9.823529411764707
0.4,0.2,tournament,twopoint,scramble,2,9.76470588235294
0.4,0.2,tournament,twopoint,scramble,3,10.019607843137255
0.4,0.2,tournament,twopoint,scramble,4,9.64705882352941
0.4,0.2,tournament,twopoint,scramble,5,9.647058823529411
0.4,0.2,tournament,twopoint,scramble,6,9.254901960784313
0.4,0.2,tournament,twopoint,scramble,7,9.784313725490195
0.4,0.2,tournament,twopoint,scramble,8,10.823529411764705
0.4,0.2,tournament,twopoint,scramble,9,10.76470588235294
0.4,0.2,tournament,twopoint,scramble,10,9.588235294117647
0.4,0.2,tournament,twopoint,swap,1,11.392156862745098
0.4,0.2,tournament,twopoint,swap,2,11.43137254901961
0.4,0.2,tournament,twopoint,swap,3,9.941176470588234
0.4,0.2,tournament,twopoint,swap,4,10.058823529411763
0.4,0.2,tournament,twopoint,swap,5,9.333333333333332
0.4,0.2,tournament,twopoint,swap,6,9.784313725490195
0.4,0.2,tournament,twopoint,swap,7,9.862745098039213
0.4,0.2,tournament,twopoint,swap,8,9.64705882352941
0.4,0.2,tournament,twopoint,swap,9,9.254901960784313
0.4,0.2,tournament,twopoint,swap,10,10.823529411764705
0.4,0.2,tournament,twopoint,frequency,1,9.941176470588236
0.4,0.2,tournament,twopoint,frequency,2,9.529411764705882
0.4,0.2,tournament,twopoint,frequency,3,9.294117647058822
0.4,0.2,tournament,twopoint,frequency,4,9.980392156862747
0.4,0.2,tournament,twopoint,frequency,5,9.294117647058822
0.4,0.2,tournament,twopoint,frequency,6,9.254901960784313
0.4,0.2,tournament,twopoint,frequency,7,9.980392156862745
0.4,0.2,tournament,twopoint,frequency,8,9.254901960784313
0.4,0.2,tournament,twopoint,frequency,9,10.27450980392157
0.4,0.2,tournament,twopoint,frequency,10,9.333333333333332
0.5,0.01,stochunif,scattered,uniform,1,9.666666666666668
0.5,0.01,stochunif,scattered,uniform,2,10.333333333333332
0.5,0.01,stochunif,scattered,uniform,3,10.33333333333333
0.5,0.01,stochunif,scattered,uniform,4,10.980392156862745
0.5,0.01,stochunif,scattered,uniform,5,9.509803921568627
0.5,0.01,stochunif,scattered,uniform,6,11.039215686274511
0.5,0.01,stochunif,scattered,uniform,7,11.921568627450979
0.5,0.01,stochunif,scattered,uniform,8,11.313725490196079
0.5,0.01,stochunif,scattered,uniform,9,10.568627450980392
0.5,0.01,stochunif,scattered,uniform,10,11.352941176470589
0.5,0.01,stochunif,scattered,block,1,11.235294117647058
0.5,0.01,stochunif,scattered,block,2,10.03921568627451
0.5,0.01,stochunif,scattered,block,3,10.294117647058824
0.5,0.01,stochunif,scattered,block,4,12.294117647058822
0.5,0.01,stochunif,scattered,block,5,11.333333333333332
0.5,0.01,stochunif,scattered,block,6,10.372549019607844
0.5,0.01,stochunif,scattered,block,7,10.333333333333332
0.5,0.01,stochunif,scattered,block,8,10.823529411764707
0.5,0.01,stochunif,scattered,block,9,11.411764705882353
0.5,0.01,stochunif,scattered,block,10,10.784313725490193
0.5,0.01,stochunif,scattered,scramble,1,11.117647058823529
0.5,0.01,stochunif,scattered,scramble,2,11.274509803921566
0.5,0.01,stochunif,scattered,scramble,3,10.117647058823529
0.5,0.01,stochunif,scattered,scramble,4,11.745098039215685
0.5,0.01,stochunif,scattered,scramble,5,9.72549019607843
0.5,0.01,stochunif,scattered,scramble,6,12.960784313725489
0.5,0.01,stochunif,scattered,scramble,7,10.529411764705882
0.5,0.01,stochunif,scattered,scramble,8,11.450980392156865
0.5,0.01,stochunif,scattered,scramble,9,12.568627450980394
0.5,0.01,stochunif,scattered,scramble,10,11.980392156862745
0.5,0.01,stochunif,scattered,swap,1,12.823529411764705
0.5,0.01,stochunif,scattered,swap,2,10.058823529411763
0.5,0.01,stochunif,scattered,swap,3,12.215686274509803
0.5,0.01,stochunif,scattered,swap,4,12.627450980392158
0.5,0.01,stochunif,scattered,swap,5,10.431372549019606
0.5,0.01,stochunif,scattered,swap,6,10.156862745098037
0.5,0.01,stochunif,scattered,swap,7,11.901960784313724
0.5,0.01,stochunif,scattered,swap,8,11.196078431372552
0.5,0.01,stochunif,scattered,swap,9,11.313725490196079
0.5,0.01,stochunif,scattered,swap,10,10.03921568627451
0.5,0.01,stochunif,scattered,frequency,1,12.705882352941176
0.5,0.01,stochunif,scattered,frequency,2,10.450980392156863
0.5,0.01,stochunif,scattered,frequency,3,10.117647058823529
0.5,0.01,stochunif,scattered,frequency,4,9.823529411764707
0.5,0.01,stochunif,scattered,frequency,5,10.333333333333332
0.5,0.01,stochunif,scattered,frequency,6,10.098039215686272
0.5,0.01,stochunif,scattered,frequency,7,10.450980392156863
0.5,0.01,stochunif,scattered,frequency,8,11.49019607843137
0.5,0.01,stochunif,scattered,frequency,9,9.666666666666668
0.5,0.01,stochunif,scattered,frequency,10,10.72549019607843
0.5,0.01,stochunif,singlepoint,uniform,1,11.333333333333334
0.5,0.01,stochunif,singlepoint,uniform,2,11.156862745098037
0.5,0.01,stochunif,singlepoint,uniform,3,10.764705882352942
0.5,0.01,stochunif,singlepoint,uniform,4,13.92156862745098
0.5,0.01,stochunif,singlepoint,uniform,5,12.137254901960784
0.5,0.01,stochunif,singlepoint,uniform,6,13.117647058823529
0.5,0.01,stochunif,singlepoint,uniform,7,11.666666666666666
0.5,0.01,stochunif,singlepoint,uniform,8,11.039215686274511
0.5,0.01,stochunif,singlepoint,uniform,9,12.196078431372548
0.5,0.01,stochunif,singlepoint,uniform,10,10.03921568627451
0.5,0.01,stochunif,singlepoint,block,1,12.705882352941174
0.5,0.01,stochunif,singlepoint,block,2,10.745098039215685
0.5,0.01,stochunif,singlepoint,block,3,14.117647058823529
0.5,0.01,stochunif,singlepoint,block,4,10.19607843137255
0.5,0.01,stochunif,singlepoint,block,5,12.254901960784313
0.5,0.01,stochunif,singlepoint,block,6,12.117647058823529
0.5,0.01,stochunif,singlepoint,block,7,10.96078431372549
0.5,0.01,stochunif,singlepoint,block,8,13.254901960784313
0.5,0.01,stochunif,singlepoint,block,9,11.84313725490196
0.5,0.01,stochunif,singlepoint,block,10,11.176470588235293
0.5,0.01,stochunif,singlepoint,scramble,1,14.117647058823529
0.5,0.01,stochunif,singlepoint,scramble,2,11.254901960784313
0.5,0.01,stochunif,singlepoint,scramble,3,12.235294117647058
0.5,0.01,stochunif,singlepoint,scramble,4,13.137254901960786
0.5,0.01,stochunif,singlepoint,scramble,5,13.84313725490196
0.5,0.01,stochunif,singlepoint,scramble,6,11.80392156862745
0.5,0.01,stochunif,singlepoint,scramble,7,13.07843137254902
0.5,0.01,stochunif,singlepoint,scramble,8,13.411764705882351
0.5,0.01,stochunif,singlepoint,scramble,9,13.274509803921568
0.5,0.01,stochunif,singlepoint,scramble,10,12.431372549019608
0.5,0.01,stochunif,singlepoint,swap,1,10.627450980392156
0.5,0.01,stochunif,singlepoint,swap,2,12.862745098039214
0.5,0.01,stochunif,singlepoint,swap,3,14.235294117647058
0.5,0.01,stochunif,singlepoint,swap,4,14.098039215686274
0.5,0.01,stochunif,singlepoint,swap,5,12.529411764705882
0.5,0.01,stochunif,singlepoint,swap,6,12.372549019607842
0.5,0.01,stochunif,singlepoint,swap,7,12.921568627450979
0.5,0.01,stochunif,singlepoint,swap,8,13.333333333333332
0.5,0.01,stochunif,singlepoint,swap,9,12.882352941176471
0.5,0.01,stochunif,singlepoint,swap,10,11.705882352941176
0.5,0.01,stochunif,singlepoint,frequency,1,12.627450980392156
0.5,0.01,stochunif,singlepoint,frequency,2,11.411764705882353
0.5,0.01,stochunif,singlepoint,frequency,3,12.941176470588234
0.5,0.01,stochunif,singlepoint,frequency,4,11.313725490196079
0.5,0.01,stochunif,singlepoint,frequency,5,11.980392156862745
0.5,0.01,stochunif,singlepoint,frequency,6,12.019607843137253
0.5,0.01,stochunif,singlepoint,frequency,7,13.372549019607842
0.5,0.01,stochunif,singlepoint,frequency,8,12.313725490196079
0.5,0.01,stochunif,singlepoint,frequency,9,11.980392156862747
0.5,0.01,stochunif,singlepoint,frequency,10,10.372549019607842
0.5,0.01,stochunif,twopoint,uniform,1,11.627450980392155
0.5,0.01,stochunif,twopoint,uniform,2,9.901960784313724
0.5,0.01,stochunif,twopoint,uniform,3,12.470588235294118
0.5,0.01,stochunif,twopoint,uniform,4,10.745098039215685
0.5,0.01,stochunif,twopoint,uniform,5,11.980392156862747
0.5,0.01,stochunif,twopoint,uniform,6,11.03921568627451
0.5,0.01,stochunif,twopoint,uniform,7,10.705882352941176
0.5,0.01,stochunif,twopoint,uniform,8,11.117647058823529
0.5,0.01,stochunif,twopoint,uniform,9,11.196078431372548
0.5,0.01,stochunif,twopoint,uniform,10,10.941176470588234
0.5,0.01,stochunif,twopoint,block,1,12.0
0.5,0.01,stochunif,twopoint,block,2,10.725490196078432
0.5,0.01,stochunif,twopoint,block,3,10.882352941176471
0.5,0.01,stochunif,twopoint,block,4,9.784313725490197
0.5,0.01,stochunif,twopoint,block,5,11.980392156862747
0.5,0.01,stochunif,twopoint,block,6,11.980392156862747
0.5,0.01,stochunif,twopoint,block,7,9.862745098039214
0.5,0.01,stochunif,twopoint,block,8,13.196078431372548
0.5,0.01,stochunif,twopoint,block,9,12.627450980392155
0.5,0.01,stochunif,twopoint,block,10,10.196078431372547
0.5,0.01,stochunif,twopoint,scramble,1,10.999999999999998
0.5,0.01,stochunif,twopoint,scramble,2,14.686274509803921
0.5,0.01,stochunif,twopoint,scramble,3,9.941176470588237
0.5,0.01,stochunif,twopoint,scramble,4,14.117647058823527
0.5,0.01,stochunif,twopoint,scramble,5,11.49019607843137
0.5,0.01,stochunif,twopoint,scramble,6,12.862745098039214
0.5,0.01,stochunif,twopoint,scramble,7,11.607843137254902
0.5,0.01,stochunif,twopoint,scramble,8,13.941176470588234
0.5,0.01,stochunif,twopoint,scramble,9,11.176470588235292
0.5,0.01,stochunif,twopoint,scramble,10,13.431372549019606
0.5,0.01,stochunif,twopoint,swap,1,10.88235294117647
0.5,0.01,stochunif,twopoint,swap,2,13.980392156862745
0.5,0.01,stochunif,twopoint,swap,3,10.450980392156863
0.5,0.01,stochunif,twopoint,swap,4,11.784313725490195
0.5,0.01,stochunif,twopoint,swap,5,12.49019607843137
0.5,0.01,stochunif,twopoint,swap,6,13.117647058823527
0.5,0.01,stochunif,twopoint,swap,7,11.64705882352941
0.5,0.01,stochunif,twopoint,swap,8,13.843137254901961
0.5,0.01,stochunif,twopoint,swap,9,12.039215686274508
0.5,0.01,stochunif,twopoint,swap,10,10.333333333333332
0.5,0.01,stochunif,twopoint,frequency,1,12.313725490196077
0.5,0.01,stochunif,twopoint,frequency,2,10.764705882352942
0.5,0.01,stochunif,twopoint,frequency,3,12.470588235294118
0.5,0.01,stochunif,twopoint,frequency,4,10.058823529411764
0.5,0.01,stochunif,twopoint,frequency,5,9.294117647058824
0.5,0.01,stochunif,twopoint,frequency,6,11.823529411764708
0.5,0.01,stochunif,twopoint,frequency,7,12.411764705882353
0.5,0.01,stochunif,twopoint,frequency,8,13.960784313725489
0.5,0.01,stochunif,twopoint,frequency,9,11.411764705882353
0.5,0.01,stochunif,twopoint,frequency,10,12.333333333333332
0.5,0.01,roulette,scattered,uniform,1,10.764705882352942
0.5,0.01,roulette,scattered,uniform,2,10.745098039215685
0.5,0.01,roulette,scattered,uniform,3,10.450980392156865
0.5,0.01,roulette,scattered,uniform,4,10.686274509803921
0.5,0.01,roulette,scattered,uniform,5,11.0
0.5,0.01,roulette,scattered,uniform,6,10.647058823529411
0.5,0.01,roulette,scattered,uniform,7,11.568627450980392
0.5,0.01,roulette,scattered,uniform,8,11.294117647058824
0.5,0.01,roulette,scattered,uniform,9,9.705882352941174
0.5,0.01,roulette,scattered,uniform,10,10.745098039215685
0.5,0.01,roulette,scattered,block,1,10.92156862745098
0.5,0.01,roulette,scattered,block,2,10.705882352941174
0.5,0.01,roulette,scattered,block,3,10.745098039215685
0.5,0.01,roulette,scattered,block,4,10.529411764705882
0.5,0.01,roulette,scattered,block,5,10.352941176470587
0.5,0.01,roulette,scattered,block,6,10.882352941176471
0.5,0.01,roulette,scattered,block,7,13.0
0.5,0.01,roulette,scattered,block,8,11.098039215686276
0.5,0.01,roulette,scattered,block,9,10.588235294117643
0.5,0.01,roulette,scattered,block,10,11.529411764705882
0.5,0.01,roulette,scattered,scramble,1,9.784313725490195
0.5,0.01,roulette,scattered,scramble,2,10.411764705882351
0.5,0.01,roulette,scattered,scramble,3,11.176470588235293
0.5,0.01,roulette,scattered,scramble,4,10.84313725490196
0.5,0.01,roulette,scattered,scramble,5,11.137254901960784
0.5,0.01,roulette,scattered,scramble,6,10.80392156862745
0.5,0.01,roulette,scattered,scramble,7,11.313725490196077
0.5,0.01,roulette,scattered,scramble,8,11.392156862745098
0.5,0.01,roulette,scattered,scramble,9,11.392156862745097
0.5,0.01,roulette,scattered,scramble,10,11.901960784313726
0.5,0.01,roulette,scattered,swap,1,10.686274509803921
0.5,0.01,roulette,scattered,swap,2,10.235294117647058
0.5,0.01,roulette,scattered,swap,3,9.509803921568627
0.5,0.01,roulette,scattered,swap,4,12.862745098039214
0.5,0.01,roulette,scattered,swap,5,13.705882352941174
0.5,0.01,roulette,scattered,swap,6,11.431372549019608
0.5,0.01,roulette,scattered,swap,7,11.03921568627451
0.5,0.01,roulette,scattered,swap,8,9.294117647058822
0.5,0.01,roulette,scattered,swap,9,11.96078431372549
0.5,0.01,roulette,scattered,swap,10,10.862745098039213
0.5,0.01,roulette,scattered,frequency,1,10.921568627450979
0.5,0.01,roulette,scattered,frequency,2,10.745098039215684
0.5,0.01,roulette,scattered,frequency,3,11.294117647058824
0.5,0.01,roulette,scattered,frequency,4,9.647058823529411
0.5,0.01,roulette,scattered,frequency,5,10.019607843137253
0.5,0.01,roulette,scattered,frequency,6,11.15686274509804
0.5,0.01,roulette,scattered,frequency,7,10.64705882352941
0.5,0.01,roulette,scattered,frequency,8,11.392156862745098
0.5,0.01,roulette,scattered,frequency,9,11.509803921568626
0.5,0.01,roulette,scattered,frequency,10,10.490196078431369
0.5,0.01,roulette,singlepoint,uniform,1,12.470588235294116
0.5,0.01,roulette,singlepoint,uniform,2,11.823529411764705
0.5,0.01,roulette,singlepoint,uniform,3,12.431372549019606
0.5,0.01,roulette,singlepoint,uniform,4,11.03921568627451
0.5,0.01,roulette,singlepoint,uniform,5,11.215686274509803
0.5,0.01,roulette,singlepoint,uniform,6,11.176470588235293
0.5,0.01,roulette,singlepoint,uniform,7,11.823529411764708
0.5,0.01,roulette,singlepoint,uniform,8,11.84313725490196
0.5,0.01,roulette,singlepoint,uniform,9,13.450980392156863
0.5,0.01,roulette,singlepoint,uniform,10,15.176470588235293
0.5,0.01,roulette,singlepoint,block,1,14.333333333333332
0.5,0.01,roulette,singlepoint,block,2,12.666666666666666
0.5,0.01,roulette,singlepoint,block,3,11.450980392156863
0.5,0.01,roulette,singlepoint,block,4,13.333333333333332
0.5,0.01,roulette,singlepoint,block,5,13.294117647058824
0.5,0.01,roulette,singlepoint,block,6,14.07843137254902
0.5,0.01,roulette,singlepoint,block,7,13.215686274509801
0.5,0.01,roulette,singlepoint,block,8,12.862745098039214
0.5,0.01,roulette,singlepoint,block,9,13.784313725490195
0.5,0.01,roulette,singlepoint,block,10,13.686274509803921
0.5,0.01,roulette,singlepoint,scramble,1,12.784313725490195
0.5,0.01,roulette,singlepoint,scramble,2,14.274509803921566
0.5,0.01,roulette,singlepoint,scramble,3,11.862745098039214
0.5,0.01,roulette,singlepoint,scramble,4,12.313725490196077
0.5,0.01,roulette,singlepoint,scramble,5,12.843137254901961
0.5,0.01,roulette,singlepoint,scramble,6,12.549019607843137
0.5,0.01,roulette,singlepoint,scramble,7,14.392156862745098
0.5,0.01,roulette,singlepoint,scramble,8,11.333333333333332
0.5,0.01,roulette,singlepoint,scramble,9,10.058823529411764
0.5,0.01,roulette,singlepoint,scramble,10,13.627450980392155
0.5,0.01,roulette,singlepoint,swap,1,12.627450980392156
0.5,0.01,roulette,singlepoint,swap,2,14.215686274509803
0.5,0.01,roulette,singlepoint,swap,3,13.686274509803921
0.5,0.01,roulette,singlepoint,swap,4,11.215686274509801
0.5,0.01,roulette,singlepoint,swap,5,13.215686274509803
0.5,0.01,roulette,singlepoint,swap,6,13.88235294117647
0.5,0.01,roulette,singlepoint,swap,7,9.372549019607844
0.5,0.01,roulette,singlepoint,swap,8,12.960784313725489
0.5,0.01,roulette,singlepoint,swap,9,13.823529411764705
0.5,0.01,roulette,singlepoint,swap,10,12.823529411764705
0.5,0.01,roulette,singlepoint,frequency,1,12.607843137254903
0.5,0.01,roulette,singlepoint,frequency,2,11.15686274509804
0.5,0.01,roulette,singlepoint,frequency,3,12.88235294117647
0.5,0.01,roulette,singlepoint,frequency,4,11.80392156862745
0.5,0.01,roulette,singlepoint,frequency,5,12.450980392156863
0.5,0.01,roulette,singlepoint,frequency,6,11.019607843137253
0.5,0.01,roulette,singlepoint,frequency,7,11.23529411764706
0.5,0.01,roulette,singlepoint,frequency,8,11.019607843137255
0.5,0.01,roulette,singlepoint,frequency,9,10.647058823529411
0.5,0.01,roulette,singlepoint,frequency,10,13.000000000000002
0.5,0.01,roulette,twopoint,uniform,1,12.07843137254902
0.5,0.01,roulette,twopoint,uniform,2,12.313725490196079
0.5,0.01,roulette,twopoint,uniform,3,10.313725490196079
0.5,0.01,roulette,twopoint,uniform,4,10.470588235294116
0.5,0.01,roulette,twopoint,uniform,5,10.862745098039216
0.5,0.01,roulette,twopoint,uniform,6,10.588235294117647
0.5,0.01,roulette,twopoint,uniform,7,10.980392156862743
0.5,0.01,roulette,twopoint,uniform,8,9.588235294117647
0.5,0.01,roulette,twopoint,uniform,9,10.450980392156863
0.5,0.01,roulette,twopoint,uniform,10,11.313725490196077
0.5,0.01,roulette,twopoint,block,1,11.588235294117645
0.5,0.01,roulette,twopoint,block,2,10.980392156862745
0.5,0.01,roulette,twopoint,block,3,10.254901960784313
0.5,0.01,roulette,twopoint,block,4,10.392156862745097
0.5,0.01,roulette,twopoint,block,5,11.705882352941174
0.5,0.01,roulette,twopoint,block,6,10.76470588235294
0.5,0.01,roulette,twopoint,block,7,12.450980392156865
0.5,0.01,roulette,twopoint,block,8,13.686274509803921
0.5,0.01,roulette,twopoint,block,9,11.803921568627452
0.5,0.01,roulette,twopoint,block,10,13.450980392156861
0.5,0.01,roulette,twopoint,scramble,1,12.176470588235293
0.5,0.01,roulette,twopoint,scramble,2,13.294117647058822
0.5,0.01,roulette,twopoint,scramble,3,14.098039215686272
0.5,0.01,roulette,twopoint,scramble,4,12.764705882352938
0.5,0.01,roulette,twopoint,scramble,5,10.862745098039214
0.5,0.01,roulette,twopoint,scramble,6,12.117647058823525
0.5,0.01,roulette,twopoint,scramble,7,11.607843137254902
0.5,0.01,roulette,twopoint,scramble,8,11.686274509803923
0.5,0.01,roulette,twopoint,scramble,9,12.058823529411764
0.5,0.01,roulette,twopoint,scramble,10,11.156862745098039
0.5,0.01,roulette,twopoint,swap,1,11.313725490196077
0.5,0.01,roulette,twopoint,swap,2,10.529411764705882
0.5,0.01,roulette,twopoint,swap,3,12.549019607843135
0.5,0.01,roulette,twopoint,swap,4,14.56862745098039
0.5,0.01,roulette,twopoint,swap,5,11.215686274509803
0.5,0.01,roulette,twopoint,swap,6,11.607843137254903
0.5,0.01,roulette,twopoint,swap,7,11.88235294117647
0.5,0.01,roulette,twopoint,swap,8,13.294117647058824
0.5,0.01,roulette,twopoint,swap,9,14.666666666666668
0.5,0.01,roulette,twopoint,swap,10,11.862745098039213
0.5,0.01,roulette,twopoint,frequency,1,11.549019607843135
0.5,0.01,roulette,twopoint,frequency,2,11.196078431372547
0.5,0.01,roulette,twopoint,frequency,3,9.705882352941174
0.5,0.01,roulette,twopoint,frequency,4,12.607843137254902
0.5,0.01,roulette,twopoint,frequency,5,10.80392156862745
0.5,0.01,roulette,twopoint,frequency,6,10.941176470588234
0.5,0.01,roulette,twopoint,frequency,7,9.509803921568627
0.5,0.01,roulette,twopoint,frequency,8,10.450980392156863
0.5,0.01,roulette,twopoint,frequency,9,13.098039215686274
0.5,0.01,roulette,twopoint,frequency,10,11.92156862745098
0.5,0.01,tournament,scattered,uniform,1,9.72549019607843
0.5,0.01,tournament,scattered,uniform,2,10.372549019607844
0.5,0.01,tournament,scattered,uniform,3,9.333333333333332
0.5,0.01,tournament,scattered,uniform,4,9.509803921568627
0.5,0.01,tournament,scattered,uniform,5,9.294117647058822
0.5,0.01,tournament,scattered,uniform,6,10.392156862745098
0.5,0.01,tournament,scattered,uniform,7,9.254901960784313
0.5,0.01,tournament,scattered,uniform,8,9.294117647058824
0.5,0.01,tournament,scattered,uniform,9,9.254901960784313
0.5,0.01,tournament,scattered,uniform,10,9.333333333333332
0.5,0.01,tournament,scattered,block,1,9.509803921568627
0.5,0.01,tournament,scattered,block,2,11.627450980392156
0.5,0.01,tournament,scattered,block,3,9.960784313725489
0.5,0.01,tournament,scattered,block,4,10.058823529411764
0.5,0.01,tournament,scattered,block,5,10.313725490196079
0.5,0.01,tournament,scattered,block,6,9.254901960784313
0.5,0.01,tournament,scattered,block,7,9.254901960784313
0.5,0.01,tournament,scattered,block,8,9.705882352941176
0.5,0.01,tournament,scattered,block,9,9.980392156862747
0.5,0.01,tournament,scattered,block,10,10.411764705882351
0.5,0.01,tournament,scattered,scramble,1,9.333333333333332
0.5,0.01,tournament,scattered,scramble,2,9.64705882352941
0.5,0.01,tournament,scattered,scramble,3,9.72549019607843
0.5,0.01,tournament,scattered,scramble,4,9.960784313725489
0.5,0.01,tournament,scattered,scramble,5,10.058823529411764
0.5,0.01,tournament,scattered,scramble,6,9.254901960784313
0.5,0.01,tournament,scattered,scramble,7,10.058823529411763
0.5,0.01,tournament,scattered,scramble,8,9.294117647058822
0.5,0.01,tournament,scattered,scramble,9,10.03921568627451
0.5,0.01,tournament,scattered,scramble,10,9.862745098039213
0.5,0.01,tournament,scattered,swap,1,9.49019607843137
0.5,0.01,tournament,scattered,swap,2,9.294117647058822
0.5,0.01,tournament,scattered,swap,3,11.117647058823527
0.5,0.01,tournament,scattered,swap,4,9.254901960784313
0.5,0.01,tournament,scattered,swap,5,9.823529411764705
0.5,0.01,tournament,scattered,swap,6,9.72549019607843
0.5,0.01,tournament,scattered,swap,7,10.627450980392156
0.5,0.01,tournament,scattered,swap,8,10.19607843137255
0.5,0.01,tournament,scattered,swap,9,9.960784313725489
0.5,0.01,tournament,scattered,swap,10,9.254901960784313
0.5,0.01,tournament,scattered,frequency,1,9.294117647058824
0.5,0.01,tournament,scattered,frequency,2,9.509803921568627
0.5,0.01,tournament,scattered,frequency,3,10.019607843137257
0.5,0.01,tournament,scattered,frequency,4,9.254901960784313
0.5,0.01,tournament,scattered,frequency,5,9.76470588235294
0.5,0.01,tournament,scattered,frequency,6,9.823529411764705
0.5,0.01,tournament,scattered,frequency,7,9.254901960784313
0.5,0.01,tournament,scattered,frequency,8,9.705882352941176
0.5,0.01,tournament,scattered,frequency,9,10.058823529411764
0.5,0.01,tournament,scattered,frequency,10,9.294117647058824
0.5,0.01,tournament,singlepoint,uniform,1,10.450980392156863
0.5,0.01,tournament,singlepoint,uniform,2,9.333333333333332
0.5,0.01,tournament,singlepoint,uniform,3,9.64705882352941
0.5,0.01,tournament,singlepoint,uniform,4,10.137254901960786
0.5,0.01,tournament,singlepoint,uniform,5,10.117647058823529
0.5,0.01,tournament,singlepoint,uniform,6,9.745098039215687
0.5,0.01,tournament,singlepoint,uniform,7,10.313725490196079
0.5,0.01,tournament,singlepoint,uniform,8,11.980392156862747
0.5,0.01,tournament,singlepoint,uniform,9,9.92156862745098
0.5,0.01,tournament,singlepoint,uniform,10,10.274509803921568
0.5,0.01,tournament,singlepoint,block,1,11.176470588235293
0.5,0.01,tournament,singlepoint,block,2,10.07843137254902
0.5,0.01,tournament,singlepoint,block,3,12.686274509803921
0.5,0.01,tournament,singlepoint,block,4,12.039215686274508
0.5,0.01,tournament,singlepoint,block,5,10.450980392156863
0.5,0.01,tournament,singlepoint,block,6,10.686274509803921
0.5,0.01,tournament,singlepoint,block,7,10.470588235294118
0.5,0.01,tournament,singlepoint,block,8,9.941176470588236
0.5,0.01,tournament,singlepoint,block,9,10.96078431372549
0.5,0.01,tournament,singlepoint,block,10,11.705882352941178
0.5,0.01,tournament,singlepoint,scramble,1,10.03921568627451
0.5,0.01,tournament,singlepoint,scramble,2,10.372549019607842
0.5,0.01,tournament,singlepoint,scramble,3,10.6078431372549
0.5,0.01,tournament,singlepoint,scramble,4,10.901960784313724
0.5,0.01,tournament,singlepoint,scramble,5,10.176470588235292
0.5,0.01,tournament,singlepoint,scramble,6,10.627450980392156
0.5,0.01,tournament,singlepoint,scramble,7,11.058823529411763
0.5,0.01,tournament,singlepoint,scramble,8,11.333333333333332
0.5,0.01,tournament,singlepoint,scramble,9,11.80392156862745
0.5,0.01,tournament,singlepoint,scramble,10,11.176470588235292
0.5,0.01,tournament,singlepoint,swap,1,10.882352941176471
0.5,0.01,tournament,singlepoint,swap,2,10.549019607843135
0.5,0.01,tournament,singlepoint,swap,3,11.235294117647058
0.5,0.01,tournament,singlepoint,swap,4,9.254901960784313
0.5,0.01,tournament,singlepoint,swap,5,10.352941176470589
0.5,0.01,tournament,singlepoint,swap,6,9.823529411764707
0.5,0.01,tournament,singlepoint,swap,7,10.03921568627451
0.5,0.01,tournament,singlepoint,swap,8,11.392156862745098
0.5,0.01,tournament,singlepoint,swap,9,10.843137254901961
0.5,0.01,tournament,singlepoint,swap,10,11.764705882352942
0.5,0.01,tournament,singlepoint,frequency,1,11.196078431372548
0.5,0.01,tournament,singlepoint,frequency,2,10.176470588235293
0.5,0.01,tournament,singlepoint,frequency,3,10.627450980392156
0.5,0.01,tournament,singlepoint,frequency,4,12.372549019607842
0.5,0.01,tournament,singlepoint,frequency,5,9.941176470588236
0.5,0.01,tournament,singlepoint,frequency,6,10.313725490196079
0.5,0.01,tournament,singlepoint,frequency,7,11.039215686274511
0.5,0.01,tournament,singlepoint,frequency,8,10.823529411764707
0.5,0.01,tournament,singlepoint,frequency,9,9.294117647058824
0.5,0.01,tournament,singlepoint,frequency,10,10.686274509803923
0.5,0.01,tournament,twopoint,uniform,1,9.549019607843135
0.5,0.01,tournament,twopoint,uniform,2,10.372549019607844
0.5,0.01,tournament,twopoint,uniform,3,9.784313725490197
0.5,0.01,tournament,twopoint,uniform,4,11.411764705882353
0.5,0.01,tournament,twopoint,uniform,5,9.705882352941174
0.5,0.01,tournament,twopoint,uniform,6,9.705882352941176
0.5,0.01,tournament,twopoint,uniform,7,10.529411764705882
0.5,0.01,tournament,twopoint,uniform,8,9.372549019607844
0.5,0.01,tournament,twopoint,uniform,9,10.313725490196077
0.5,0.01,tournament,twopoint,uniform,10,10.686274509803921
0.5,0.01,tournament,twopoint,block,1,10.039215686274508
0.5,0.01,tournament,twopoint,block,2,9.64705882352941
0.5,0.01,tournament,twopoint,block,3,10.372549019607842
0.5,0.01,tournament,twopoint,block,4,9.509803921568627
0.5,0.01,tournament,twopoint,block,5,11.784313725490195
0.5,0.01,tournament,twopoint,block,6,10.529411764705882
0.5,0.01,tournament,twopoint,block,7,11.294117647058824
0.5,0.01,tournament,twopoint,block,8,10.019607843137253
0.5,0.01,tournament,twopoint,block,9,9.64705882352941
0.5,0.01,tournament,twopoint,block,10,11.392156862745098
0.5,0.01,tournament,twopoint,scramble,1,9.72549019607843
0.5,0.01,tournament,twopoint,scramble,2,9.254901960784313
0.5,0.01,tournament,twopoint,scramble,3,9.254901960784313
0.5,0.01,tournament,twopoint,scramble,4,10.392156862745097
0.5,0.01,tournament,twopoint,scramble,5,10.313725490196079
0.5,0.01,tournament,twopoint,scramble,6,9.372549019607844
0.5,0.01,tournament,twopoint,scramble,7,10.450980392156861
0.5,0.01,tournament,twopoint,scramble,8,10.882352941176471
0.5,0.01,tournament,twopoint,scramble,9,9.705882352941178
0.5,0.01,tournament,twopoint,scramble,10,9.76470588235294
0.5,0.01,tournament,twopoint,swap,1,12.176470588235293
0.5,0.01,tournament,twopoint,swap,2,10.80392156862745
0.5,0.01,tournament,twopoint,swap,3,9.980392156862745
0.5,0.01,tournament,twopoint,swap,4,10.901960784313726
0.5,0.01,tournament,twopoint,swap,5,10.529411764705884
0.5,0.01,tournament,twopoint,swap,6,9.333333333333332
0.5,0.01,tournament,twopoint,swap,7,11.627450980392156
0.5,0.01,tournament,twopoint,swap,8,9.294117647058824
0.5,0.01,tournament,twopoint,swap,9,10.901960784313724
0.5,0.01,tournament,twopoint,swap,10,9.294117647058824
0.5,0.01,tournament,twopoint,frequency,1,9.823529411764707
0.5,0.01,tournament,twopoint,frequency,2,10.862745098039214
0.5,0.01,tournament,twopoint,frequency,3,9.960784313725489
0.5,0.01,tournament,twopoint,frequency,4,10.235294117647058
0.5,0.01,tournament,twopoint,frequency,5,9.705882352941176
0.5,0.01,tournament,twopoint,frequency,6,10.176470588235292
0.5,0.01,tournament,twopoint,frequency,7,11.137254901960784
0.5,0.01,tournament,twopoint,frequency,8,9.64705882352941
0.5,0.01,tournament,twopoint,frequency,9,10.274509803921568
0.5,0.01,tournament,twopoint,frequency,10,10.19607843137255
0.5,0.02,stochunif,scattered,uniform,1,10.705882352941174
0.5,0.02,stochunif,scattered,uniform,2,10.058823529411763
0.5,0.02,stochunif,scattered,uniform,3,10.058823529411764
0.5,0.02,stochunif,scattered,uniform,4,9.666666666666666
0.5,0.02,stochunif,scattered,uniform,5,9.254901960784313
0.5,0.02,stochunif,scattered,uniform,6,10.529411764705882
0.5,0.02,stochunif,scattered,uniform,7,10.019607843137253
0.5,0.02,stochunif,scattered,uniform,8,11.627450980392156
0.5,0.02,stochunif,scattered,uniform,9,11.470588235294116
0.5,0.02,stochunif,scattered,uniform,10,9.705882352941176
0.5,0.02,stochunif,scattered,block,1,11.647058823529411
0.5,0.02,stochunif,scattered,block,2,12.607843137254902
0.5,0.02,stochunif,scattered,block,3,11.235294117647058
0.5,0.02,stochunif,scattered,block,4,11.843137254901961
0.5,0.02,stochunif,scattered,block,5,11.294117647058826
0.5,0.02,stochunif,scattered,block,6,10.72549019607843
0.5,0.02,stochunif,scattered,block,7,10.431372549019606
0.5,0.02,stochunif,scattered,block,8,11.07843137254902
0.5,0.02,stochunif,scattered,block,9,10.784313725490197
0.5,0.02,stochunif,scattered,block,10,10.56862745098039
0.5,0.02,stochunif,scattered,scramble,1,10.235294117647058
0.5,0.02,stochunif,scattered,scramble,2,10.941176470588234
0.5,0.02,stochunif,scattered,scramble,3,11.882352941176471
0.5,0.02,stochunif,scattered,scramble,4,10.07843137254902
0.5,0.02,stochunif,scattered,scramble,5,11.843137254901961
0.5,0.02,stochunif,scattered,scramble,6,11.588235294117645
0.5,0.02,stochunif,scattered,scramble,7,10.588235294117647
0.5,0.02,stochunif,scattered,scramble,8,11.803921568627452
0.5,0.02,stochunif,scattered,scramble,9,11.03921568627451
0.5,0.02,stochunif,scattered,scramble,10,11.686274509803923
0.5,0.02,stochunif,scattered,swap,1,10.862745098039213
0.5,0.02,stochunif,scattered,swap,2,11.352941176470587
0.5,0.02,stochunif,scattered,swap,3,10.529411764705884
0.5,0.02,stochunif,scattered,swap,4,9.294117647058822
0.5,0.02,stochunif,scattered,swap,5,12.078431372549021
0.5,0.02,stochunif,scattered,swap,6,11.627450980392155
0.5,0.02,stochunif,scattered,swap,7,12.313725490196079
0.5,0.02,stochunif,scattered,swap,8,11.313725490196077
0.5,0.02,stochunif,scattered,swap,9,10.666666666666668
0.5,0.02,stochunif,scattered,swap,10,10.254901960784313
0.5,0.02,stochunif,scattered,frequency,1,9.705882352941174
0.5,0.02,stochunif,scattered,frequency,2,10.019607843137257
0.5,0.02,stochunif,scattered,frequency,3,9.64705882352941
0.5,0.02,stochunif,scattered,frequency,4,9.64705882352941
0.5,0.02,stochunif,scattered,frequency,5,10.92156862745098
0.5,0.02,stochunif,scattered,frequency,6,10.450980392156863
0.5,0.02,stochunif,scattered,frequency,7,11.490196078431369
0.5,0.02,stochunif,scattered,frequency,8,9.254901960784313
0.5,0.02,stochunif,scattered,frequency,9,11.196078431372548
0.5,0.02,stochunif,scattered,frequency,10,10.117647058823529
0.5,0.02,stochunif,singlepoint,uniform,1,13.294117647058824
0.5,0.02,stochunif,singlepoint,uniform,2,11.784313725490197
0.5,0.02,stochunif,singlepoint,uniform,3,12.333333333333332
0.5,0.02,stochunif,singlepoint,uniform,4,13.411764705882351
0.5,0.02,stochunif,singlepoint,uniform,5,11.03921568627451
0.5,0.02,stochunif,singlepoint,uniform,6,10.431372549019606
0.5,0.02,stochunif,singlepoint,uniform,7,12.372549019607842
0.5,0.02,stochunif,singlepoint,uniform,8,9.980392156862745
0.5,0.02,stochunif,singlepoint,uniform,9,11.588235294117647
0.5,0.02,stochunif,singlepoint,uniform,10,11.03921568627451
0.5,0.02,stochunif,singlepoint,block,1,15.470588235294118
0.5,0.02,stochunif,singlepoint,block,2,12.313725490196077
0.5,0.02,stochunif,singlepoint,block,3,13.235294117647058
0.5,0.02,stochunif,singlepoint,block,4,14.705882352941178
0.5,0.02,stochunif,singlepoint,block,5,11.705882352941174
0.5,0.02,stochunif,singlepoint,block,6,13.52941176470588
0.5,0.02,stochunif,singlepoint,block,7,15.098039215686272
0.5,0.02,stochunif,singlepoint,block,8,13.705882352941178
0.5,0.02,stochunif,singlepoint,block,9,13.941176470588234
0.5,0.02,stochunif,singlepoint,block,10,11.84313725490196
0.5,0.02,stochunif,singlepoint,scramble,1,11.254901960784315
0.5,0.02,stochunif,singlepoint,scramble,2,11.588235294117647
0.5,0.02,stochunif,singlepoint,scramble,3,11.117647058823529
0.5,0.02,stochunif,singlepoint,scramble,4,13.23529411764706
0.5,0.02,stochunif,singlepoint,scramble,5,12.784313725490199
0.5,0.02,stochunif,singlepoint,scramble,6,12.098039215686274
0.5,0.02,stochunif,singlepoint,scramble,7,12.588235294117647
0.5,0.02,stochunif,singlepoint,scramble,8,12.999999999999998
0.5,0.02,stochunif,singlepoint,scramble,9,11.80392156862745
0.5,0.02,stochunif,singlepoint,scramble,10,12.960784313725489
0.5,0.02,stochunif,singlepoint,swap,1,12.96078431372549
0.5,0.02,stochunif,singlepoint,swap,2,13.019607843137253
0.5,0.02,stochunif,singlepoint,swap,3,10.745098039215684
0.5,0.02,stochunif,singlepoint,swap,4,13.862745098039213
0.5,0.02,stochunif,singlepoint,swap,5,10.450980392156863
0.5,0.02,stochunif,singlepoint,swap,6,11.235294117647058
0.5,0.02,stochunif,singlepoint,swap,7,12.52941176470588
0.5,0.02,stochunif,singlepoint,swap,8,10.470588235294118
0.5,0.02,stochunif,singlepoint,swap,9,13.098039215686274
0.5,0.02,stochunif,singlepoint,swap,10,12.999999999999998
0.5,0.02,stochunif,singlepoint,frequency,1,9.254901960784313
0.5,0.02,stochunif,singlepoint,frequency,2,11.450980392156863
0.5,0.02,stochunif,singlepoint,frequency,3,10.058823529411763
0.5,0.02,stochunif,singlepoint,frequency,4,11.490196078431374
0.5,0.02,stochunif,singlepoint,frequency,5,10.92156862745098
0.5,0.02,stochunif,singlepoint,frequency,6,10.235294117647058
0.5,0.02,stochunif,singlepoint,frequency,7,11.333333333333334
0.5,0.02,stochunif,singlepoint,frequency,8,10.372549019607842
0.5,0.02,stochunif,singlepoint,frequency,9,10.901960784313724
0.5,0.02,stochunif,singlepoint,frequency,10,10.960784313725489
0.5,0.02,stochunif,twopoint,uniform,1,9.980392156862745
0.5,0.02,stochunif,twopoint,uniform,2,10.764705882352942
0.5,0.02,stochunif,twopoint,uniform,3,9.980392156862745
0.5,0.02,stochunif,twopoint,uniform,4,10.901960784313722
0.5,0.02,stochunif,twopoint,uniform,5,12.215686274509805
0.5,0.02,stochunif,twopoint,uniform,6,9.88235294117647
0.5,0.02,stochunif,twopoint,uniform,7,10.117647058823529
0.5,0.02,stochunif,twopoint,uniform,8,10.019607843137253
0.5,0.02,stochunif,twopoint,uniform,9,11.960784313725489
0.5,0.02,stochunif,twopoint,uniform,10,9.745098039215685
0.5,0.02,stochunif,twopoint,block,1,11.862745098039213
0.5,0.02,stochunif,twopoint,block,2,10.764705882352942
0.5,0.02,stochunif,twopoint,block,3,12.019607843137255
0.5,0.02,stochunif,twopoint,block,4,12.47058823529412
0.5,0.02,stochunif,twopoint,block,5,10.313725490196076
0.5,0.02,stochunif,twopoint,block,6,14.29411764705882
0.5,0.02,stochunif,twopoint,block,7,10.294117647058824
0.5,0.02,stochunif,twopoint,block,8,11.76470588235294
0.5,0.02,stochunif,twopoint,block,9,12.980392156862743
0.5,0.02,stochunif,twopoint,block,10,13.137254901960782
0.5,0.02,stochunif,twopoint,scramble,1,11.6078431372549
0.5,0.02,stochunif,twopoint,scramble,2,10.941176470588236
0.5,0.02,stochunif,twopoint,scramble,3,12.392156862745097
0.5,0.02,stochunif,twopoint,scramble,4,10.392156862745097
0.5,0.02,stochunif,twopoint,scramble,5,13.215686274509801
0.5,0.02,stochunif,twopoint,scramble,6,11.784313725490197
0.5,0.02,stochunif,twopoint,scramble,7,10.549019607843137
0.5,0.02,stochunif,twopoint,scramble,8,10.882352941176471
0.5,0.02,stochunif,twopoint,scramble,9,10.588235294117645
0.5,0.02,stochunif,twopoint,scramble,10,11.333333333333334
0.5,0.02,stochunif,twopoint,swap,1,12.960784313725487
0.5,0.02,stochunif,twopoint,swap,2,12.333333333333332
0.5,0.02,stochunif,twopoint,swap,3,11.823529411764707
0.5,0.02,stochunif,twopoint,swap,4,10.392156862745097
0.5,0.02,stochunif,twopoint,swap,5,11.666666666666668
0.5,0.02,stochunif,twopoint,swap,6,10.76470588235294
0.5,0.02,stochunif,twopoint,swap,7,12.529411764705884
0.5,0.02,stochunif,twopoint,swap,8,12.235294117647058
0.5,0.02,stochunif,twopoint,swap,9,12.686274509803921
0.5,0.02,stochunif,twopoint,swap,10,10.392156862745097
0.5,0.02,stochunif,twopoint,frequency,1,10.372549019607844
0.5,0.02,stochunif,twopoint,frequency,2,9.705882352941176
0.5,0.02,stochunif,twopoint,frequency,3,11.549019607843137
0.5,0.02,stochunif,twopoint,frequency,4,9.294117647058822
0.5,0.02,stochunif,twopoint,frequency,5,11.431372549019606
0.5,0.02,stochunif,twopoint,frequency,6,10.03921568627451
0.5,0.02,stochunif,twopoint,frequency,7,9.294117647058822
0.5,0.02,stochunif,twopoint,frequency,8,10.274509803921568
0.5,0.02,stochunif,twopoint,frequency,9,11.078431372549018
0.5,0.02,stochunif,twopoint,frequency,10,10.07843137254902
0.5,0.02,roulette,scattered,uniform,1,9.705882352941176
0.5,0.02,roulette,scattered,uniform,2,12.058823529411761
0.5,0.02,roulette,scattered,uniform,3,11.098039215686272
0.5,0.02,roulette,scattered,uniform,4,10.588235294117649
0.5,0.02,roulette,scattered,uniform,5,11.392156862745098
0.5,0.02,roulette,scattered,uniform,6,11.882352941176471
0.5,0.02,roulette,scattered,uniform,7,10.490196078431369
0.5,0.02,roulette,scattered,uniform,8,9.509803921568627
0.5,0.02,roulette,scattered,uniform,9,9.705882352941178
0.5,0.02,roulette,scattered,uniform,10,10.745098039215685
0.5,0.02,roulette,scattered,block,1,10.274509803921568
0.5,0.02,roulette,scattered,block,2,10.647058823529411
0.5,0.02,roulette,scattered,block,3,9.705882352941176
0.5,0.02,roulette,scattered,block,4,11.980392156862747
0.5,0.02,roulette,scattered,block,5,11.607843137254902
0.5,0.02,roulette,scattered,block,6,9.960784313725489
0.5,0.02,roulette,scattered,block,7,11.019607843137253
0.5,0.02,roulette,scattered,block,8,10.450980392156863
0.5,0.02,roulette,scattered,block,9,11.0
0.5,0.02,roulette,scattered,block,10,11.372549019607842
0.5,0.02,roulette,scattered,scramble,1,12.80392156862745
0.5,0.02,roulette,scattered,scramble,2,11.64705882352941
0.5,0.02,roulette,scattered,scramble,3,10.568627450980392
0.5,0.02,roulette,scattered,scramble,4,11.666666666666668
0.5,0.02,roulette,scattered,scramble,5,10.372549019607842
0.5,0.02,roulette,scattered,scramble,6,11.333333333333332
0.5,0.02,roulette,scattered,scramble,7,10.509803921568626
0.5,0.02,roulette,scattered,scramble,8,10.882352941176471
0.5,0.02,roulette,scattered,scramble,9,10.058823529411764
0.5,0.02,roulette,scattered,scramble,10,11.274509803921568
0.5,0.02,roulette,scattered,swap,1,11.411764705882351
0.5,0.02,roulette,scattered,swap,2,11.568627450980394
0.5,0.02,roulette,scattered,swap,3,11.294117647058826
0.5,0.02,roulette,scattered,swap,4,10.431372549019606
0.5,0.02,roulette,scattered,swap,5,12.039215686274511
0.5,0.02,roulette,scattered,swap,6,10.549019607843135
0.5,0.02,roulette,scattered,swap,7,10.450980392156863
0.5,0.02,roulette,scattered,swap,8,10.27450980392157
0.5,0.02,roulette,scattered,swap,9,11.431372549019608
0.5,0.02,roulette,scattered,swap,10,10.999999999999998
0.5,0.02,roulette,scattered,frequency,1,10.745098039215687
0.5,0.02,roulette,scattered,frequency,2,12.392156862745097
0.5,0.02,roulette,scattered,frequency,3,10.745098039215685
0.5,0.02,roulette,scattered,frequency,4,9.705882352941178
0.5,0.02,roulette,scattered,frequency,5,10.882352941176471
0.5,0.02,roulette,scattered,frequency,6,9.588235294117647
0.5,0.02,roulette,scattered,frequency,7,9.333333333333332
0.5,0.02,roulette,scattered,frequency,8,11.941176470588236
0.5,0.02,roulette,scattered,frequency,9,10.450980392156863
0.5,0.02,roulette,scattered,frequency,10,11.215686274509803
0.5,0.02,roulette,singlepoint,uniform,1,10.705882352941178
0.5,0.02,roulette,singlepoint,uniform,2,10.27450980392157
0.5,0.02,roulette,singlepoint,uniform,3,11.078431372549021
0.5,0.02,roulette,singlepoint,uniform,4,12.098039215686276
0.5,0.02,roulette,singlepoint,uniform,5,11.784313725490195
0.5,0.02,roulette,singlepoint,uniform,6,12.07843137254902
0.5,0.02,roulette,singlepoint,uniform,7,11.529411764705882
0.5,0.02,roulette,singlepoint,uniform,8,10.745098039215685
0.5,0.02,roulette,singlepoint,uniform,9,14.019607843137255
0.5,0.02,roulette,singlepoint,uniform,10,10.529411764705882
0.5,0.02,roulette,singlepoint,block,1,12.76470588235294
0.5,0.02,roulette,singlepoint,block,2,10.392156862745097
0.5,0.02,roulette,singlepoint,block,3,13.11764705882353
0.5,0.02,roulette,singlepoint,block,4,14.76470588235294
0.5,0.02,roulette,singlepoint,block,5,12.19607843137255
0.5,0.02,roulette,singlepoint,block,6,14.470588235294118
0.5,0.02,roulette,singlepoint,block,7,12.607843137254902
0.5,0.02,roulette,singlepoint,block,8,12.549019607843137
0.5,0.02,roulette,singlepoint,block,9,12.92156862745098
0.5,0.02,roulette,singlepoint,block,10,11.49019607843137
0.5,0.02,roulette,singlepoint,scramble,1,13.313725490196077
0.5,0.02,roulette,singlepoint,scramble,2,13.0
0.5,0.02,roulette,singlepoint,scramble,3,10.529411764705884
0.5,0.02,roulette,singlepoint,scramble,4,11.333333333333332
0.5,0.02,roulette,singlepoint,scramble,5,12.588235294117645
0.5,0.02,roulette,singlepoint,scramble,6,13.352941176470587
0.5,0.02,roulette,singlepoint,scramble,7,11.019607843137255
0.5,0.02,roulette,singlepoint,scramble,8,12.549019607843135
0.5,0.02,roulette,singlepoint,scramble,9,13.745098039215685
0.5,0.02,roulette,singlepoint,scramble,10,11.254901960784313
0.5,0.02,roulette,singlepoint,swap,1,15.274509803921566
0.5,0.02,roulette,singlepoint,swap,2,14.705882352941176
0.5,0.02,roulette,singlepoint,swap,3,12.549019607843135
0.5,0.02,roulette,singlepoint,swap,4,10.96078431372549
0.5,0.02,roulette,singlepoint,swap,5,11.96078431372549
0.5,0.02,roulette,singlepoint,swap,6,13.84313725490196
0.5,0.02,roulette,singlepoint,swap,7,12.27450980392157
0.5,0.02,roulette,singlepoint,swap,8,12.058823529411766
0.5,0.02,roulette,singlepoint,swap,9,11.588235294117649
0.5,0.02,roulette,singlepoint,swap,10,13.705882352941174
0.5,0.02,roulette,singlepoint,frequency,1,10.843137254901961
0.5,0.02,roulette,singlepoint,frequency,2,10.92156862745098
0.5,0.02,roulette,singlepoint,frequency,3,11.313725490196077
0.5,0.02,roulette,singlepoint,frequency,4,11.176470588235292
0.5,0.02,roulette,singlepoint,frequency,5,14.607843137254903
0.5,0.02,roulette,singlepoint,frequency,6,12.098039215686272
0.5,0.02,roulette,singlepoint,frequency,7,10.76470588235294
0.5,0.02,roulette,singlepoint,frequency,8,11.176470588235292
0.5,0.02,roulette,singlepoint,frequency,9,10.823529411764705
0.5,0.02,roulette,singlepoint,frequency,10,11.705882352941176
0.5,0.02,roulette,twopoint,uniform,1,10.03921568627451
0.5,0.02,roulette,twopoint,uniform,2,11.470588235294116
0.5,0.02,roulette,twopoint,uniform,3,11.803921568627448
0.5,0.02,roulette,twopoint,uniform,4,11.647058823529411
0.5,0.02,roulette,twopoint,uniform,5,9.960784313725489
0.5,0.02,roulette,twopoint,uniform,6,10.568627450980392
0.5,0.02,roulette,twopoint,uniform,7,11.23529411764706
0.5,0.02,roulette,twopoint,uniform,8,10.07843137254902
0.5,0.02,roulette,twopoint,uniform,9,11.941176470588236
0.5,0.02,roulette,twopoint,uniform,10,10.235294117647058
0.5,0.02,roulette,twopoint,block,1,10.372549019607842
0.5,0.02,roulette,twopoint,block,2,13.019607843137251
0.5,0.02,roulette,twopoint,block,3,12.745098039215684
0.5,0.02,roulette,twopoint,block,4,10.117647058823527
0.5,0.02,roulette,twopoint,block,5,12.098039215686274
0.5,0.02,roulette,twopoint,block,6,11.901960784313726
0.5,0.02,roulette,twopoint,block,7,14.392156862745097
0.5,0.02,roulette,twopoint,block,8,10.470588235294116
0.5,0.02,roulette,twopoint,block,9,11.823529411764708
0.5,0.02,roulette,twopoint,block,10,15.0
0.5,0.02,roulette,twopoint,scramble,1,11.72549019607843
0.5,0.02,roulette,twopoint,scramble,2,13.17647058823529
0.5,0.02,roulette,twopoint,scramble,3,13.705882352941176
0.5,0.02,roulette,twopoint,scramble,4,11.823529411764708
0.5,0.02,roulette,twopoint,scramble,5,12.745098039215685
0.5,0.02,roulette,twopoint,scramble,6,12.372549019607842
0.5,0.02,roulette,twopoint,scramble,7,11.745098039215685
0.5,0.02,roulette,twopoint,scramble,8,13.078431372549018
0.5,0.02,roulette,twopoint,scramble,9,10.52941176470588
0.5,0.02,roulette,twopoint,scramble,10,10.27450980392157
0.5,0.02,roulette,twopoint,swap,1,10.764705882352942
0.5,0.02,roulette,twopoint,swap,2,11.07843137254902
0.5,0.02,roulette,twopoint,swap,3,10.862745098039214
0.5,0.02,roulette,twopoint,swap,4,14.23529411764706
0.5,0.02,roulette,twopoint,swap,5,10.313725490196077
0.5,0.02,roulette,twopoint,swap,6,12.64705882352941
0.5,0.02,roulette,twopoint,swap,7,11.098039215686274
0.5,0.02,roulette,twopoint,swap,8,10.588235294117645
0.5,0.02,roulette,twopoint,swap,9,12.098039215686276
0.5,0.02,roulette,twopoint,swap,10,13.294117647058824
0.5,0.02,roulette,twopoint,frequency,1,9.666666666666666
0.5,0.02,roulette,twopoint,frequency,2,11.235294117647058
0.5,0.02,roulette,twopoint,frequency,3,9.254901960784313
0.5,0.02,roulette,twopoint,frequency,4,12.549019607843137
0.5,0.02,roulette,twopoint,frequency,5,9.960784313725489
0.5,0.02,roulette,twopoint,frequency,6,10.843137254901961
0.5,0.02,roulette,twopoint,frequency,7,10.705882352941176
0.5,0.02,roulette,twopoint,frequency,8,10.666666666666666
0.5,0.02,roulette,twopoint,frequency,9,9.705882352941178
0.5,0.02,roulette,twopoint,frequency,10,10.784313725490197
0.5,0.02,tournament,scattered,uniform,1,9.784313725490195
0.5,0.02,tournament,scattered,uniform,2,10.215686274509801
0.5,0.02,tournament,scattered,uniform,3,9.254901960784313
0.5,0.02,tournament,scattered,uniform,4,10.117647058823529
0.5,0.02,tournament,scattered,uniform,5,9.254901960784313
0.5,0.02,tournament,scattered,uniform,6,9.254901960784313
0.5,0.02,tournament,scattered,uniform,7,9.254901960784313
0.5,0.02,tournament,scattered,uniform,8,9.76470588235294
0.5,0.02,tournament,scattered,uniform,9,9.254901960784313
0.5,0.02,tournament,scattered,uniform,10,10.019607843137253
0.5,0.02,tournament,scattered,block,1,10.882352941176473
0.5,0.02,tournament,scattered,block,2,9.254901960784313
0.5,0.02,tournament,scattered,block,3,9.823529411764705
0.5,0.02,tournament,scattered,block,4,9.705882352941176
0.5,0.02,tournament,scattered,block,5,10.019607843137255
0.5,0.02,tournament,scattered,block,6,10.117647058823529
0.5,0.02,tournament,scattered,block,7,9.823529411764707
0.5,0.02,tournament,scattered,block,8,9.980392156862745
0.5,0.02,tournament,scattered,block,9,10.372549019607844
0.5,0.02,tournament,scattered,block,10,10.019607843137253
0.5,0.02,tournament,scattered,scramble,1,9.254901960784313
0.5,0.02,tournament,scattered,scramble,2,9.705882352941176
0.5,0.02,tournament,scattered,scramble,3,10.686274509803921
0.5,0.02,tournament,scattered,scramble,4,9.49019607843137
0.5,0.02,tournament,scattered,scramble,5,9.372549019607844
0.5,0.02,tournament,scattered,scramble,6,10.058823529411763
0.5,0.02,tournament,scattered,scramble,7,9.254901960784313
0.5,0.02,tournament,scattered,scramble,8,9.88235294117647
0.5,0.02,tournament,scattered,scramble,9,9.686274509803921
0.5,0.02,tournament,scattered,scramble,10,9.64705882352941
0.5,0.02,tournament,scattered,swap,1,9.52941176470588
0.5,0.02,tournament,scattered,swap,2,9.941176470588234
0.5,0.02,tournament,scattered,swap,3,9.372549019607842
0.5,0.02,tournament,scattered,swap,4,9.254901960784313
0.5,0.02,tournament,scattered,swap,5,9.941176470588234
0.5,0.02,tournament,scattered,swap,6,9.294117647058822
0.5,0.02,tournament,scattered,swap,7,9.705882352941178
0.5,0.02,tournament,scattered,swap,8,9.509803921568627
0.5,0.02,tournament,scattered,swap,9,9.823529411764705
0.5,0.02,tournament,scattered,swap,10,9.64705882352941
0.5,0.02,tournament,scattered,frequency,1,9.803921568627448
0.5,0.02,tournament,scattered,frequency,2,10.019607843137253
0.5,0.02,tournament,scattered,frequency,3,9.666666666666668
0.5,0.02,tournament,scattered,frequency,4,9.64705882352941
0.5,0.02,tournament,scattered,frequency,5,9.705882352941174
0.5,0.02,tournament,scattered,frequency,6,9.64705882352941
0.5,0.02,tournament,scattered,frequency,7,9.294117647058822
0.5,0.02,tournament,scattered,frequency,8,9.294117647058822
0.5,0.02,tournament,scattered,frequency,9,9.294117647058822
0.5,0.02,tournament,scattered,frequency,10,9.705882352941174
0.5,0.02,tournament,singlepoint,uniform,1,9.254901960784313
0.5,0.02,tournament,singlepoint,uniform,2,9.803921568627448
0.5,0.02,tournament,singlepoint,uniform,3,12.176470588235292
0.5,0.02,tournament,singlepoint,uniform,4,9.960784313725489
0.5,0.02,tournament,singlepoint,uniform,5,10.196078431372548
0.5,0.02,tournament,singlepoint,uniform,6,11.64705882352941
0.5,0.02,tournament,singlepoint,uniform,7,11.156862745098039
0.5,0.02,tournament,singlepoint,uniform,8,9.294117647058822
0.5,0.02,tournament,singlepoint,uniform,9,9.64705882352941
0.5,0.02,tournament,singlepoint,uniform,10,9.372549019607842
0.5,0.02,tournament,singlepoint,block,1,9.901960784313724
0.5,0.02,tournament,singlepoint,block,2,13.705882352941176
0.5,0.02,tournament,singlepoint,block,3,11.431372549019606
0.5,0.02,tournament,singlepoint,block,4,11.784313725490195
0.5,0.02,tournament,singlepoint,block,5,10.352941176470587
0.5,0.02,tournament,singlepoint,block,6,10.392156862745097
0.5,0.02,tournament,singlepoint,block,7,10.80392156862745
0.5,0.02,tournament,singlepoint,block,8,11.823529411764705
0.5,0.02,tournament,singlepoint,block,9,9.784313725490197
0.5,0.02,tournament,singlepoint,block,10,12.392156862745097
0.5,0.02,tournament,singlepoint,scramble,1,10.705882352941176
0.5,0.02,tournament,singlepoint,scramble,2,10.07843137254902
0.5,0.02,tournament,singlepoint,scramble,3,11.0
0.5,0.02,tournament,singlepoint,scramble,4,10.901960784313724
0.5,0.02,tournament,singlepoint,scramble,5,12.058823529411766
0.5,0.02,tournament,singlepoint,scramble,6,11.568627450980392
0.5,0.02,tournament,singlepoint,scramble,7,11.705882352941178
0.5,0.02,tournament,singlepoint,scramble,8,10.549019607843137
0.5,0.02,tournament,singlepoint,scramble,9,10.450980392156863
0.5,0.02,tournament,singlepoint,scramble,10,10.745098039215685
0.5,0.02,tournament,singlepoint,swap,1,11.156862745098039
0.5,0.02,tournament,singlepoint,swap,2,10.960784313725487
0.5,0.02,tournament,singlepoint,swap,3,9.294117647058822
0.5,0.02,tournament,singlepoint,swap,4,11.254901960784313
0.5,0.02,tournament,singlepoint,swap,5,11.156862745098039
0.5,0.02,tournament,singlepoint,swap,6,10.843137254901961
0.5,0.02,tournament,singlepoint,swap,7,11.019607843137255
0.5,0.02,tournament,singlepoint,swap,8,10.588235294117645
0.5,0.02,tournament,singlepoint,swap,9,10.843137254901963
0.5,0.02,tournament,singlepoint,swap,10,10.450980392156863
0.5,0.02,tournament,singlepoint,frequency,1,10.823529411764707
0.5,0.02,tournament,singlepoint,frequency,2,10.725490196078432
0.5,0.02,tournament,singlepoint,frequency,3,9.705882352941174
0.5,0.02,tournament,singlepoint,frequency,4,10.901960784313728
0.5,0.02,tournament,singlepoint,frequency,5,9.980392156862749
0.5,0.02,tournament,singlepoint,frequency,6,9.705882352941176
0.5,0.02,tournament,singlepoint,frequency,7,10.62745098039216
0.5,0.02,tournament,singlepoint,frequency,8,9.254901960784313
0.5,0.02,tournament,singlepoint,frequency,9,10.137254901960784
0.5,0.02,tournament,singlepoint,frequency,10,9.254901960784313
0.5,0.02,tournament,twopoint,uniform,1,11.137254901960784
0.5,0.02,tournament,twopoint,uniform,2,9.333333333333332
0.5,0.02,tournament,twopoint,uniform,3,10.058823529411764
0.5,0.02,tournament,twopoint,uniform,4,10.647058823529411
0.5,0.02,tournament,twopoint,uniform,5,10.627450980392156
0.5,0.02,tournament,twopoint,uniform,6,10.235294117647058
0.5,0.02,tournament,twopoint,uniform,7,10.274509803921568
0.5,0.02,tournament,twopoint,uniform,8,9.333333333333332
0.5,0.02,tournament,twopoint,uniform,9,9.509803921568627
0.5,0.02,tournament,twopoint,uniform,10,9.64705882352941
0.5,0.02,tournament,twopoint,block,1,10.745098039215685
0.5,0.02,tournament,twopoint,block,2,10.333333333333332
0.5,0.02,tournament,twopoint,block,3,10.941176470588236
0.5,0.02,tournament,twopoint,block,4,9.52941176470588
0.5,0.02,tournament,twopoint,block,5,10.960784313725489
0.5,0.02,tournament,twopoint,block,6,10.03921568627451
0.5,0.02,tournament,twopoint,block,7,9.76470588235294
0.5,0.02,tournament,twopoint,block,8,10.470588235294116
0.5,0.02,tournament,twopoint,block,9,9.80392156862745
0.5,0.02,tournament,twopoint,block,10,11.27450980392157
0.5,0.02,tournament,twopoint,scramble,1,9.254901960784313
0.5,0.02,tournament,twopoint,scramble,2,11.450980392156863
0.5,0.02,tournament,twopoint,scramble,3,9.823529411764707
0.5,0.02,tournament,twopoint,scramble,4,10.509803921568627
0.5,0.02,tournament,twopoint,scramble,5,10.392156862745097
0.5,0.02,tournament,twopoint,scramble,6,9.862745098039214
0.5,0.02,tournament,twopoint,scramble,7,11.49019607843137
0.5,0.02,tournament,twopoint,scramble,8,10.450980392156863
0.5,0.02,tournament,twopoint,scramble,9,10.196078431372548
0.5,0.02,tournament,twopoint,scramble,10,10.274509803921568
0.5,0.02,tournament,twopoint,swap,1,11.196078431372548
0.5,0.02,tournament,twopoint,swap,2,9.372549019607844
0.5,0.02,tournament,twopoint,swap,3,11.35294117647059
0.5,0.02,tournament,twopoint,swap,4,10.823529411764705
0.5,0.02,tournament,twopoint,swap,5,9.784313725490195
0.5,0.02,tournament,twopoint,swap,6,10.156862745098039
0.5,0.02,tournament,twopoint,swap,7,10.627450980392156
0.5,0.02,tournament,twopoint,swap,8,9.64705882352941
0.5,0.02,tournament,twopoint,swap,9,10.372549019607842
0.5,0.02,tournament,twopoint,swap,10,10.019607843137253
0.5,0.02,tournament,twopoint,frequency,1,9.941176470588234
0.5,0.02,tournament,twopoint,frequency,2,10.019607843137253
0.5,0.02,tournament,twopoint,frequency,3,9.294117647058822
0.5,0.02,tournament,twopoint,frequency,4,10.627450980392156
0.5,0.02,tournament,twopoint,frequency,5,9.941176470588236
0.5,0.02,tournament,twopoint,frequency,6,9.254901960784313
0.5,0.02,tournament,twopoint,frequency,7,10.019607843137255
0.5,0.02,tournament,twopoint,frequency,8,9.823529411764707
0.5,0.02,tournament,twopoint,frequency,9,11.019607843137255
0.5,0.02,tournament,twopoint,frequency,10,10.117647058823529
0.5,0.05,stochunif,scattered,uniform,1,10.372549019607844
0.5,0.05,stochunif,scattered,uniform,2,10.058823529411764
0.5,0.05,stochunif,scattered,uniform,3,9.666666666666668
0.5,0.05,stochunif,scattered,uniform,4,9.666666666666668
0.5,0.05,stochunif,scattered,uniform,5,9.666666666666668
0.5,0.05,stochunif,scattered,uniform,6,10.215686274509801
0.5,0.05,stochunif,scattered,uniform,7,9.980392156862745
0.5,0.05,stochunif,scattered,uniform,8,9.941176470588234
0.5,0.05,stochunif,scattered,uniform,9,10.764705882352942
0.5,0.05,stochunif,scattered,uniform,10,9.64705882352941
0.5,0.05,stochunif,scattered,block,1,11.980392156862747
0.5,0.05,stochunif,scattered,block,2,10.705882352941174
0.5,0.05,stochunif,scattered,block,3,10.705882352941178
0.5,0.05,stochunif,scattered,block,4,10.039215686274508
0.5,0.05,stochunif,scattered,block,5,10.76470588235294
0.5,0.05,stochunif,scattered,block,6,11.901960784313724
0.5,0.05,stochunif,scattered,block,7,10.156862745098037
0.5,0.05,stochunif,scattered,block,8,10.215686274509803
0.5,0.05,stochunif,scattered,block,9,11.882352941176473
0.5,0.05,stochunif,scattered,block,10,12.803921568627452
0.5,0.05,stochunif,scattered,scramble,1,12.07843137254902
0.5,0.05,stochunif,scattered,scramble,2,12.117647058823527
0.5,0.05,stochunif,scattered,scramble,3,11.588235294117645
0.5,0.05,stochunif,scattered,scramble,4,11.156862745098037
0.5,0.05,stochunif,scattered,scramble,5,11.156862745098039
0.5,0.05,stochunif,scattered,scramble,6,10.176470588235293
0.5,0.05,stochunif,scattered,scramble,7,11.019607843137253
0.5,0.05,stochunif,scattered,scramble,8,10.588235294117643
0.5,0.05,stochunif,scattered,scramble,9,10.117647058823529
0.5,0.05,stochunif,scattered,scramble,10,9.76470588235294
0.5,0.05,stochunif,scattered,swap,1,10.03921568627451
0.5,0.05,stochunif,scattered,swap,2,11.333333333333334
0.5,0.05,stochunif,scattered,swap,3,11.392156862745097
0.5,0.05,stochunif,scattered,swap,4,10.058823529411764
0.5,0.05,stochunif,scattered,swap,5,10.96078431372549
0.5,0.05,stochunif,scattered,swap,6,10.705882352941176
0.5,0.05,stochunif,scattered,swap,7,10.960784313725489
0.5,0.05,stochunif,scattered,swap,8,10.196078431372548
0.5,0.05,stochunif,scattered,swap,9,10.705882352941174
0.5,0.05,stochunif,scattered,swap,10,10.529411764705882
0.5,0.05,stochunif,scattered,frequency,1,9.254901960784313
0.5,0.05,stochunif,scattered,frequency,2,9.64705882352941
0.5,0.05,stochunif,scattered,frequency,3,10.764705882352942
0.5,0.05,stochunif,scattered,frequency,4,9.64705882352941
0.5,0.05,stochunif,scattered,frequency,5,9.76470588235294
0.5,0.05,stochunif,scattered,frequency,6,9.294117647058822
0.5,0.05,stochunif,scattered,frequency,7,10.23529411764706
0.5,0.05,stochunif,scattered,frequency,8,9.784313725490197
0.5,0.05,stochunif,scattered,frequency,9,9.254901960784313
0.5,0.05,stochunif,scattered,frequency,10,9.254901960784313
0.5,0.05,stochunif,singlepoint,uniform,1,10.745098039215685
0.5,0.05,stochunif,singlepoint,uniform,2,12.411764705882353
0.5,0.05,stochunif,singlepoint,uniform,3,10.725490196078432
0.5,0.05,stochunif,singlepoint,uniform,4,9.294117647058822
0.5,0.05,stochunif,singlepoint,uniform,5,11.92156862745098
0.5,0.05,stochunif,singlepoint,uniform,6,9.980392156862747
0.5,0.05,stochunif,singlepoint,uniform,7,9.705882352941176
0.5,0.05,stochunif,singlepoint,uniform,8,10.862745098039214
0.5,0.05,stochunif,singlepoint,uniform,9,10.529411764705882
0.5,0.05,stochunif,singlepoint,uniform,10,10.745098039215684
0.5,0.05,stochunif,singlepoint,block,1,12.03921568627451
0.5,0.05,stochunif,singlepoint,block,2,11.784313725490197
0.5,0.05,stochunif,singlepoint,block,3,12.862745098039214
0.5,0.05,stochunif,singlepoint,block,4,12.215686274509803
0.5,0.05,stochunif,singlepoint,block,5,10.431372549019606
0.5,0.05,stochunif,singlepoint,block,6,11.274509803921568
0.5,0.05,stochunif,singlepoint,block,7,12.96078431372549
0.5,0.05,stochunif,singlepoint,block,8,12.274509803921568
0.5,0.05,stochunif,singlepoint,block,9,12.117647058823527
0.5,0.05,stochunif,singlepoint,block,10,12.882352941176471
0.5,0.05,stochunif,singlepoint,scramble,1,11.176470588235292
0.5,0.05,stochunif,singlepoint,scramble,2,9.372549019607844
0.5,0.05,stochunif,singlepoint,scramble,3,11.666666666666666
0.5,0.05,stochunif,singlepoint,scramble,4,13.156862745098039
0.5,0.05,stochunif,singlepoint,scramble,5,12.235294117647058
0.5,0.05,stochunif,singlepoint,scramble,6,13.176470588235293
0.5,0.05,stochunif,singlepoint,scramble,7,12.862745098039214
0.5,0.05,stochunif,singlepoint,scramble,8,11.76470588235294
0.5,0.05,stochunif,singlepoint,scramble,9,12.333333333333332
0.5,0.05,stochunif,singlepoint,scramble,10,13.450980392156863
0.5,0.05,stochunif,singlepoint,swap,1,12.07843137254902
0.5,0.05,stochunif,singlepoint,swap,2,11.666666666666666
0.5,0.05,stochunif,singlepoint,swap,3,12.137254901960784
0.5,0.05,stochunif,singlepoint,swap,4,12.92156862745098
0.5,0.05,stochunif,singlepoint,swap,5,13.49019607843137
0.5,0.05,stochunif,singlepoint,swap,6,12.372549019607845
0.5,0.05,stochunif,singlepoint,swap,7,13.137254901960784
0.5,0.05,stochunif,singlepoint,swap,8,12.137254901960784
0.5,0.05,stochunif,singlepoint,swap,9,12.137254901960786
0.5,0.05,stochunif,singlepoint,swap,10,12.372549019607844
0.5,0.05,stochunif,singlepoint,frequency,1,10.058823529411764
0.5,0.05,stochunif,singlepoint,frequency,2,11.882352941176471
0.5,0.05,stochunif,singlepoint,frequency,3,10.666666666666664
0.5,0.05,stochunif,singlepoint,frequency,4,10.84313725490196
0.5,0.05,stochunif,singlepoint,frequency,5,9.294117647058822
0.5,0.05,stochunif,singlepoint,frequency,6,10.098039215686276
0.5,0.05,stochunif,singlepoint,frequency,7,12.058823529411764
0.5,0.05,stochunif,singlepoint,frequency,8,10.27450980392157
0.5,0.05,stochunif,singlepoint,frequency,9,10.745098039215685
0.5,0.05,stochunif,singlepoint,frequency,10,9.294117647058824
0.5,0.05,stochunif,twopoint,uniform,1,10.176470588235292
0.5,0.05,stochunif,twopoint,uniform,2,9.254901960784313
0.5,0.05,stochunif,twopoint,uniform,3,11.313725490196079
0.5,0.05,stochunif,twopoint,uniform,4,10.470588235294118
0.5,0.05,stochunif,twopoint,uniform,5,10.019607843137253
0.5,0.05,stochunif,twopoint,uniform,6,10.03921568627451
0.5,0.05,stochunif,twopoint,uniform,7,10.84313725490196
0.5,0.05,stochunif,twopoint,uniform,8,11.117647058823527
0.5,0.05,stochunif,twopoint,uniform,9,9.529411764705882
0.5,0.05,stochunif,twopoint,uniform,10,9.64705882352941
0.5,0.05,stochunif,twopoint,block,1,13.431372549019606
0.5,0.05,stochunif,twopoint,block,2,11.50980392156863
0.5,0.05,stochunif,twopoint,block,3,11.549019607843135
0.5,0.05,stochunif,twopoint,block,4,13.392156862745097
0.5,0.05,stochunif,twopoint,block,5,12.235294117647058
0.5,0.05,stochunif,twopoint,block,6,11.098039215686276
0.5,0.05,stochunif,twopoint,block,7,9.980392156862745
0.5,0.05,stochunif,twopoint,block,8,10.235294117647058
0.5,0.05,stochunif,twopoint,block,9,10.176470588235293
0.5,0.05,stochunif,twopoint,block,10,13.843137254901958
0.5,0.05,stochunif,twopoint,scramble,1,10.117647058823529
0.5,0.05,stochunif,twopoint,scramble,2,13.196078431372548
0.5,0.05,stochunif,twopoint,scramble,3,13.294117647058824
0.5,0.05,stochunif,twopoint,scramble,4,11.882352941176471
0.5,0.05,stochunif,twopoint,scramble,5,12.372549019607845
0.5,0.05,stochunif,twopoint,scramble,6,12.313725490196077
0.5,0.05,stochunif,twopoint,scramble,7,12.705882352941174
0.5,0.05,stochunif,twopoint,scramble,8,12.392156862745097
0.5,0.05,stochunif,twopoint,scramble,9,13.764705882352942
0.5,0.05,stochunif,twopoint,scramble,10,12.15686274509804
0.5,0.05,stochunif,twopoint,swap,1,10.901960784313722
0.5,0.05,stochunif,twopoint,swap,2,12.137254901960786
0.5,0.05,stochunif,twopoint,swap,3,10.627450980392156
0.5,0.05,stochunif,twopoint,swap,4,12.647058823529411
0.5,0.05,stochunif,twopoint,swap,5,12.019607843137253
0.5,0.05,stochunif,twopoint,swap,6,10.274509803921564
0.5,0.05,stochunif,twopoint,swap,7,9.980392156862745
0.5,0.05,stochunif,twopoint,swap,8,11.431372549019606
0.5,0.05,stochunif,twopoint,swap,9,11.019607843137253
0.5,0.05,stochunif,twopoint,swap,10,12.529411764705882
0.5,0.05,stochunif,twopoint,frequency,1,10.27450980392157
0.5,0.05,stochunif,twopoint,frequency,2,10.294117647058822
0.5,0.05,stochunif,twopoint,frequency,3,9.254901960784313
0.5,0.05,stochunif,twopoint,frequency,4,9.294117647058824
0.5,0.05,stochunif,twopoint,frequency,5,9.64705882352941
0.5,0.05,stochunif,twopoint,frequency,6,10.450980392156863
0.5,0.05,stochunif,twopoint,frequency,7,9.254901960784313
0.5,0.05,stochunif,twopoint,frequency,8,11.627450980392156
0.5,0.05,stochunif,twopoint,frequency,9,9.784313725490195
0.5,0.05,stochunif,twopoint,frequency,10,10.352941176470587
0.5,0.05,roulette,scattered,uniform,1,10.313725490196079
0.5,0.05,roulette,scattered,uniform,2,9.549019607843137
0.5,0.05,roulette,scattered,uniform,3,10.15686274509804
0.5,0.05,roulette,scattered,uniform,4,11.19607843137255
0.5,0.05,roulette,scattered,uniform,5,10.333333333333332
0.5,0.05,roulette,scattered,uniform,6,10.235294117647058
0.5,0.05,roulette,scattered,uniform,7,9.333333333333332
0.5,0.05,roulette,scattered,uniform,8,9.294117647058824
0.5,0.05,roulette,scattered,uniform,9,10.333333333333332
0.5,0.05,roulette,scattered,uniform,10,9.666666666666666
0.5,0.05,roulette,scattered,block,1,10.058823529411763
0.5,0.05,roulette,scattered,block,2,10.6078431372549
0.5,0.05,roulette,scattered,block,3,11.509803921568627
0.5,0.05,roulette,scattered,block,4,10.33333333333333
0.5,0.05,roulette,scattered,block,5,12.745098039215685
0.5,0.05,roulette,scattered,block,6,11.784313725490197
0.5,0.05,roulette,scattered,block,7,10.588235294117645
0.5,0.05,roulette,scattered,block,8,10.294117647058824
0.5,0.05,roulette,scattered,block,9,10.843137254901963
0.5,0.05,roulette,scattered,block,10,10.450980392156863
0.5,0.05,roulette,scattered,scramble,1,10.03921568627451
0.5,0.05,roulette,scattered,scramble,2,11.784313725490195
0.5,0.05,roulette,scattered,scramble,3,9.294117647058824
0.5,0.05,roulette,scattered,scramble,4,11.72549019607843
0.5,0.05,roulette,scattered,scramble,5,10.372549019607844
0.5,0.05,roulette,scattered,scramble,6,11.568627450980392
0.5,0.05,roulette,scattered,scramble,7,10.862745098039214
0.5,0.05,roulette,scattered,scramble,8,11.33333333333333
0.5,0.05,roulette,scattered,scramble,9,10.764705882352942
0.5,0.05,roulette,scattered,scramble,10,10.92156862745098
0.5,0.05,roulette,scattered,swap,1,11.647058823529411
0.5,0.05,roulette,scattered,swap,2,11.294117647058824
0.5,0.05,roulette,scattered,swap,3,9.823529411764705
0.5,0.05,roulette,scattered,swap,4,10.03921568627451
0.5,0.05,roulette,scattered,swap,5,12.549019607843135
0.5,0.05,roulette,scattered,swap,6,9.588235294117647
0.5,0.05,roulette,scattered,swap,7,11.019607843137255
0.5,0.05,roulette,scattered,swap,8,12.254901960784315
0.5,0.05,roulette,scattered,swap,9,11.509803921568626
0.5,0.05,roulette,scattered,swap,10,11.568627450980392
0.5,0.05,roulette,scattered,frequency,1,9.64705882352941
0.5,0.05,roulette,scattered,frequency,2,9.705882352941176
0.5,0.05,roulette,scattered,frequency,3,10.058823529411764
0.5,0.05,roulette,scattered,frequency,4,9.980392156862745
0.5,0.05,roulette,scattered,frequency,5,11.07843137254902
0.5,0.05,roulette,scattered,frequency,6,11.07843137254902
0.5,0.05,roulette,scattered,frequency,7,9.88235294117647
0.5,0.05,roulette,scattered,frequency,8,10.19607843137255
0.5,0.05,roulette,scattered,frequency,9,9.372549019607844
0.5,0.05,roulette,scattered,frequency,10,10.058823529411764
0.5,0.05,roulette,singlepoint,uniform,1,11.137254901960786
0.5,0.05,roulette,singlepoint,uniform,2,11.941176470588236
0.5,0.05,roulette,singlepoint,uniform,3,9.823529411764707
0.5,0.05,roulette,singlepoint,uniform,4,10.509803921568626
0.5,0.05,roulette,singlepoint,uniform,5,10.509803921568627
0.5,0.05,roulette,singlepoint,uniform,6,9.333333333333332
0.5,0.05,roulette,singlepoint,uniform,7,10.03921568627451
0.5,0.05,roulette,singlepoint,uniform,8,11.156862745098039
0.5,0.05,roulette,singlepoint,uniform,9,9.705882352941176
0.5,0.05,roulette,singlepoint,uniform,10,9.823529411764705
0.5,0.05,roulette,singlepoint,block,1,12.47058823529412
0.5,0.05,roulette,singlepoint,block,2,11.745098039215685
0.5,0.05,roulette,singlepoint,block,3,9.980392156862745
0.5,0.05,roulette,singlepoint,block,4,13.84313725490196
0.5,0.05,roulette,singlepoint,block,5,11.96078431372549
0.5,0.05,roulette,singlepoint,block,6,11.862745098039214
0.5,0.05,roulette,singlepoint,block,7,11.352941176470587
0.5,0.05,roulette,singlepoint,block,8,11.607843137254903
0.5,0.05,roulette,singlepoint,block,9,12.07843137254902
0.5,0.05,roulette,singlepoint,block,10,12.392156862745098
0.5,0.05,roulette,singlepoint,scramble,1,12.235294117647058
0.5,0.05,roulette,singlepoint,scramble,2,12.156862745098039
0.5,0.05,roulette,singlepoint,scramble,3,13.823529411764705
0.5,0.05,roulette,singlepoint,scramble,4,13.784313725490195
0.5,0.05,roulette,singlepoint,scramble,5,12.058823529411764
0.5,0.05,roulette,singlepoint,scramble,6,11.294117647058824
0.5,0.05,roulette,singlepoint,scramble,7,9.784313725490195
0.5,0.05,roulette,singlepoint,scramble,8,11.843137254901961
0.5,0.05,roulette,singlepoint,scramble,9,13.49019607843137
0.5,0.05,roulette,singlepoint,scramble,10,10.50980392156863
0.5,0.05,roulette,singlepoint,swap,1,12.941176470588232
0.5,0.05,roulette,singlepoint,swap,2,11.843137254901961
0.5,0.05,roulette,singlepoint,swap,3,13.03921568627451
0.5,0.05,roulette,singlepoint,swap,4,11.509803921568626
0.5,0.05,roulette,singlepoint,swap,5,13.549019607843135
0.5,0.05,roulette,singlepoint,swap,6,10.470588235294118
0.5,0.05,roulette,singlepoint,swap,7,13.352941176470589
0.5,0.05,roulette,singlepoint,swap,8,11.15686274509804
0.5,0.05,roulette,singlepoint,swap,9,11.92156862745098
0.5,0.05,roulette,singlepoint,swap,10,12.254901960784313
0.5,0.05,roulette,singlepoint,frequency,1,10.803921568627448
0.5,0.05,roulette,singlepoint,frequency,2,11.705882352941174
0.5,0.05,roulette,singlepoint,frequency,3,11.156862745098039
0.5,0.05,roulette,singlepoint,frequency,4,9.294117647058824
0.5,0.05,roulette,singlepoint,frequency,5,9.705882352941176
0.5,0.05,roulette,singlepoint,frequency,6,11.058823529411764
0.5,0.05,roulette,singlepoint,frequency,7,10.43137254901961
0.5,0.05,roulette,singlepoint,frequency,8,10.960784313725489
0.5,0.05,roulette,singlepoint,frequency,9,10.549019607843135
0.5,0.05,roulette,singlepoint,frequency,10,10.549019607843139
0.5,0.05,roulette,twopoint,uniform,1,10.411764705882351
0.5,0.05,roulette,twopoint,uniform,2,10.235294117647056
0.5,0.05,roulette,twopoint,uniform,3,10.450980392156863
0.5,0.05,roulette,twopoint,uniform,4,9.72549019607843
0.5,0.05,roulette,twopoint,uniform,5,9.76470588235294
0.5,0.05,roulette,twopoint,uniform,6,9.92156862745098
0.5,0.05,roulette,twopoint,uniform,7,10.333333333333332
0.5,0.05,roulette,twopoint,uniform,8,10.627450980392158
0.5,0.05,roulette,twopoint,uniform,9,10.254901960784311
0.5,0.05,roulette,twopoint,uniform,10,9.509803921568627
0.5,0.05,roulette,twopoint,block,1,12.333333333333332
0.5,0.05,roulette,twopoint,block,2,12.568627450980392
0.5,0.05,roulette,twopoint,block,3,12.215686274509803
0.5,0.05,roulette,twopoint,block,4,12.960784313725489
0.5,0.05,roulette,twopoint,block,5,10.588235294117645
0.5,0.05,roulette,twopoint,block,6,12.352941176470587
0.5,0.05,roulette,twopoint,block,7,12.411764705882351
0.5,0.05,roulette,twopoint,block,8,12.019607843137253
0.5,0.05,roulette,twopoint,block,9,13.07843137254902
0.5,0.05,roulette,twopoint,block,10,11.607843137254902
0.5,0.05,roulette,twopoint,scramble,1,12.254901960784313
0.5,0.05,roulette,twopoint,scramble,2,10.705882352941178
0.5,0.05,roulette,twopoint,scramble,3,11.254901960784313
0.5,0.05,roulette,twopoint,scramble,4,10.80392156862745
0.5,0.05,roulette,twopoint,scramble,5,12.960784313725489
0.5,0.05,roulette,twopoint,scramble,6,9.941176470588234
0.5,0.05,roulette,twopoint,scramble,7,12.588235294117647
0.5,0.05,roulette,twopoint,scramble,8,11.254901960784313
0.5,0.05,roulette,twopoint,scramble,9,11.725490196078432
0.5,0.05,roulette,twopoint,scramble,10,11.392156862745097
0.5,0.05,roulette,twopoint,swap,1,11.901960784313728
0.5,0.05,roulette,twopoint,swap,2,11.352941176470589
0.5,0.05,roulette,twopoint,swap,3,10.705882352941176
0.5,0.05,roulette,twopoint,swap,4,12.823529411764705
0.5,0.05,roulette,twopoint,swap,5,10.76470588235294
0.5,0.05,roulette,twopoint,swap,6,12.117647058823527
0.5,0.05,roulette,twopoint,swap,7,12.627450980392156
0.5,0.05,roulette,twopoint,swap,8,13.549019607843139
0.5,0.05,roulette,twopoint,swap,9,11.07843137254902
0.5,0.05,roulette,twopoint,swap,10,10.529411764705882
0.5,0.05,roulette,twopoint,frequency,1,9.980392156862745
0.5,0.05,roulette,twopoint,frequency,2,10.058823529411764
0.5,0.05,roulette,twopoint,frequency,3,9.705882352941176
0.5,0.05,roulette,twopoint,frequency,4,9.254901960784313
0.5,0.05,roulette,twopoint,frequency,5,9.88235294117647
0.5,0.05,roulette,twopoint,frequency,6,9.92156862745098
0.5,0.05,roulette,twopoint,frequency,7,10.509803921568626
0.5,0.05,roulette,twopoint,frequency,8,10.823529411764707
0.5,0.05,roulette,twopoint,frequency,9,10.196078431372548
0.5,0.05,roulette,twopoint,frequency,10,10.333333333333332
0.5,0.05,tournament,scattered,uniform,1,9.549019607843137
0.5,0.05,tournament,scattered,uniform,2,9.294117647058824
0.5,0.05,tournament,scattered,uniform,3,9.705882352941174
0.5,0.05,tournament,scattered,uniform,4,9.254901960784313
0.5,0.05,tournament,scattered,uniform,5,10.235294117647058
0.5,0.05,tournament,scattered,uniform,6,9.294117647058824
0.5,0.05,tournament,scattered,uniform,7,10.137254901960784
0.5,0.05,tournament,scattered,uniform,8,9.254901960784313
0.5,0.05,tournament,scattered,uniform,9,9.705882352941178
0.5,0.05,tournament,scattered,uniform,10,9.294117647058822
0.5,0.05,tournament,scattered,block,1,9.941176470588234
0.5,0.05,tournament,scattered,block,2,9.254901960784313
0.5,0.05,tournament,scattered,block,3,9.901960784313724
0.5,0.05,tournament,scattered,block,4,9.294117647058824
0.5,0.05,tournament,scattered,block,5,9.294117647058822
0.5,0.05,tournament,scattered,block,6,9.980392156862745
0.5,0.05,tournament,scattered,block,7,9.823529411764705
0.5,0.05,tournament,scattered,block,8,10.215686274509803
0.5,0.05,tournament,scattered,block,9,9.666666666666668
0.5,0.05,tournament,scattered,block,10,10.764705882352942
0.5,0.05,tournament,scattered,scramble,1,9.88235294117647
0.5,0.05,tournament,scattered,scramble,2,10.019607843137253
0.5,0.05,tournament,scattered,scramble,3,9.76470588235294
0.5,0.05,tournament,scattered,scramble,4,9.254901960784313
0.5,0.05,tournament,scattered,scramble,5,9.666666666666666
0.5,0.05,tournament,scattered,scramble,6,9.64705882352941
0.5,0.05,tournament,scattered,scramble,7,9.294117647058822
0.5,0.05,tournament,scattered,scramble,8,10.33333333333333
0.5,0.05,tournament,scattered,scramble,9,9.294117647058822
0.5,0.05,tournament,scattered,scramble,10,9.294117647058824
0.5,0.05,tournament,scattered,swap,1,9.294117647058822
0.5,0.05,tournament,scattered,swap,2,9.509803921568627
0.5,0.05,tournament,scattered,swap,3,9.333333333333332
0.5,0.05,tournament,scattered,swap,4,9.294117647058822
0.5,0.05,tournament,scattered,swap,5,9.294117647058824
0.5,0.05,tournament,scattered,swap,6,9.254901960784313
0.5,0.05,tournament,scattered,swap,7,10.862745098039214
0.5,0.05,tournament,scattered,swap,8,9.333333333333332
0.5,0.05,tournament,scattered,swap,9,9.49019607843137
0.5,0.05,tournament,scattered,swap,10,9.901960784313724
0.5,0.05,tournament,scattered,frequency,1,9.254901960784313
0.5,0.05,tournament,scattered,frequency,2,9.254901960784313
0.5,0.05,tournament,scattered,frequency,3,9.294117647058822
0.5,0.05,tournament,scattered,frequency,4,9.294117647058822
0.5,0.05,tournament,scattered,frequency,5,9.705882352941176
0.5,0.05,tournament,scattered,frequency,6,9.294117647058822
0.5,0.05,tournament,scattered,frequency,7,9.294117647058822
0.5,0.05,tournament,scattered,frequency,8,9.294117647058822
0.5,0.05,tournament,scattered,frequency,9,10.137254901960786
0.5,0.05,tournament,scattered,frequency,10,9.64705882352941
0.5,0.05,tournament,singlepoint,uniform,1,9.294117647058824
0.5,0.05,tournament,singlepoint,uniform,2,9.64705882352941
0.5,0.05,tournament,singlepoint,uniform,3,9.921568627450979
0.5,0.05,tournament,singlepoint,uniform,4,9.294117647058824
0.5,0.05,tournament,singlepoint,uniform,5,9.64705882352941
0.5,0.05,tournament,singlepoint,uniform,6,9.64705882352941
0.5,0.05,tournament,singlepoint,uniform,7,10.058823529411764
0.5,0.05,tournament,singlepoint,uniform,8,9.294117647058822
0.5,0.05,tournament,singlepoint,uniform,9,9.294117647058824
0.5,0.05,tournament,singlepoint,uniform,10,9.294117647058822
0.5,0.05,tournament,singlepoint,block,1,10.764705882352942
0.5,0.05,tournament,singlepoint,block,2,10.84313725490196
0.5,0.05,tournament,singlepoint,block,3,10.80392156862745
0.5,0.05,tournament,singlepoint,block,4,10.196078431372548
0.5,0.05,tournament,singlepoint,block,5,11.431372549019606
0.5,0.05,tournament,singlepoint,block,6,11.23529411764706
0.5,0.05,tournament,singlepoint,block,7,10.352941176470587
0.5,0.05,tournament,singlepoint,block,8,11.03921568627451
0.5,0.05,tournament,singlepoint,block,9,11.803921568627452
0.5,0.05,tournament,singlepoint,block,10,10.117647058823529
0.5,0.05,tournament,singlepoint,scramble,1,11.392156862745098
0.5,0.05,tournament,singlepoint,scramble,2,10.882352941176473
0.5,0.05,tournament,singlepoint,scramble,3,9.823529411764707
0.5,0.05,tournament,singlepoint,scramble,4,10.03921568627451
0.5,0.05,tournament,singlepoint,scramble,5,9.96078431372549
0.5,0.05,tournament,singlepoint,scramble,6,10.490196078431373
0.5,0.05,tournament,singlepoint,scramble,7,9.372549019607842
0.5,0.05,tournament,singlepoint,scramble,8,9.549019607843137
0.5,0.05,tournament,singlepoint,scramble,9,11.196078431372548
0.5,0.05,tournament,singlepoint,scramble,10,10.098039215686274
0.5,0.05,tournament,singlepoint,swap,1,12.176470588235292
0.5,0.05,tournament,singlepoint,swap,2,11.07843137254902
0.5,0.05,tournament,singlepoint,swap,3,10.03921568627451
0.5,0.05,tournament,singlepoint,swap,4,12.549019607843137
0.5,0.05,tournament,singlepoint,swap,5,10.215686274509803
0.5,0.05,tournament,singlepoint,swap,6,9.960784313725489
0.5,0.05,tournament,singlepoint,swap,7,11.470588235294116
0.5,0.05,tournament,singlepoint,swap,8,9.666666666666668
0.5,0.05,tournament,singlepoint,swap,9,10.392156862745097
0.5,0.05,tournament,singlepoint,swap,10,10.627450980392156
0.5,0.05,tournament,singlepoint,frequency,1,9.862745098039213
0.5,0.05,tournament,singlepoint,frequency,2,9.254901960784313
0.5,0.05,tournament,singlepoint,frequency,3,9.254901960784313
0.5,0.05,tournament,singlepoint,frequency,4,9.705882352941176
0.5,0.05,tournament,singlepoint,frequency,5,9.784313725490195
0.5,0.05,tournament,singlepoint,frequency,6,10.019607843137253
0.5,0.05,tournament,singlepoint,frequency,7,9.686274509803921
0.5,0.05,tournament,singlepoint,frequency,8,9.294117647058824
0.5,0.05,tournament,singlepoint,frequency,9,9.294117647058822
0.5,0.05,tournament,singlepoint,frequency,10,9.294117647058822
0.5,0.05,tournament,twopoint,uniform,1,9.980392156862749
0.5,0.05,tournament,twopoint,uniform,2,9.64705882352941
0.5,0.05,tournament,twopoint,uniform,3,10.196078431372548
0.5,0.05,tournament,twopoint,uniform,4,9.254901960784313
0.5,0.05,tournament,twopoint,uniform,5,10.450980392156863
0.5,0.05,tournament,twopoint,uniform,6,9.333333333333332
0.5,0.05,tournament,twopoint,uniform,7,9.960784313725489
0.5,0.05,tournament,twopoint,uniform,8,9.294117647058824
0.5,0.05,tournament,twopoint,uniform,9,9.294117647058824
0.5,0.05,tournament,twopoint,uniform,10,9.666666666666668
0.5,0.05,tournament,twopoint,block,1,9.823529411764707
0.5,0.05,tournament,twopoint,block,2,9.64705882352941
0.5,0.05,tournament,twopoint,block,3,10.568627450980392
0.5,0.05,tournament,twopoint,block,4,9.294117647058824
0.5,0.05,tournament,twopoint,block,5,10.0
0.5,0.05,tournament,twopoint,block,6,10.52941176470588
0.5,0.05,tournament,twopoint,block,7,9.254901960784313
0.5,0.05,tournament,twopoint,block,8,10.76470588235294
0.5,0.05,tournament,twopoint,block,9,10.745098039215684
0.5,0.05,tournament,twopoint,block,10,10.117647058823529
0.5,0.05,tournament,twopoint,scramble,1,10.529411764705882
0.5,0.05,tournament,twopoint,scramble,2,9.372549019607844
0.5,0.05,tournament,twopoint,scramble,3,9.509803921568627
0.5,0.05,tournament,twopoint,scramble,4,9.980392156862745
0.5,0.05,tournament,twopoint,scramble,5,9.254901960784313
0.5,0.05,tournament,twopoint,scramble,6,12.333333333333332
0.5,0.05,tournament,twopoint,scramble,7,10.72549019607843
0.5,0.05,tournament,twopoint,scramble,8,11.372549019607844
0.5,0.05,tournament,twopoint,scramble,9,10.725490196078432
0.5,0.05,tournament,twopoint,scramble,10,9.705882352941174
0.5,0.05,tournament,twopoint,swap,1,9.294117647058824
0.5,0.05,tournament,twopoint,swap,2,11.549019607843137
0.5,0.05,tournament,twopoint,swap,3,9.254901960784313
0.5,0.05,tournament,twopoint,swap,4,11.372549019607842
0.5,0.05,tournament,twopoint,swap,5,10.372549019607842
0.5,0.05,tournament,twopoint,swap,6,10.411764705882353
0.5,0.05,tournament,twopoint,swap,7,10.117647058823529
0.5,0.05,tournament,twopoint,swap,8,9.294117647058824
0.5,0.05,tournament,twopoint,swap,9,10.392156862745097
0.5,0.05,tournament,twopoint,swap,10,10.549019607843135
0.5,0.05,tournament,twopoint,frequency,1,9.294117647058822
0.5,0.05,tournament,twopoint,frequency,2,9.294117647058822
0.5,0.05,tournament,twopoint,frequency,3,9.294117647058822
0.5,0.05,tournament,twopoint,frequency,4,9.745098039215685
0.5,0.05,tournament,twopoint,frequency,5,9.254901960784313
0.5,0.05,tournament,twopoint,frequency,6,10.019607843137255
0.5,0.05,tournament,twopoint,frequency,7,9.372549019607842
0.5,0.05,tournament,twopoint,frequency,8,9.980392156862747
0.5,0.05,tournament,twopoint,frequency,9,10.019607843137255
0.5,0.05,tournament,twopoint,frequency,10,9.254901960784313
0.5,0.1,stochunif,scattered,uniform,1,9.294117647058822
0.5,0.1,stochunif,scattered,uniform,2,9.64705882352941
0.5,0.1,stochunif,scattered,uniform,3,10.980392156862747
0.5,0.1,stochunif,scattered,uniform,4,9.72549019607843
0.5,0.1,stochunif,scattered,uniform,5,9.705882352941176
0.5,0.1,stochunif,scattered,uniform,6,10.686274509803924
0.5,0.1,stochunif,scattered,uniform,7,9.76470588235294
0.5,0.1,stochunif,scattered,uniform,8,9.254901960784313
0.5,0.1,stochunif,scattered,uniform,9,9.254901960784313
0.5,0.1,stochunif,scattered,uniform,10,10.019607843137255
0.5,0.1,stochunif,scattered,block,1,10.431372549019606
0.5,0.1,stochunif,scattered,block,2,10.215686274509801
0.5,0.1,stochunif,scattered,block,3,10.862745098039214
0.5,0.1,stochunif,scattered,block,4,12.254901960784313
0.5,0.1,stochunif,scattered,block,5,10.68627450980392
0.5,0.1,stochunif,scattered,block,6,9.294117647058824
0.5,0.1,stochunif,scattered,block,7,10.372549019607844
0.5,0.1,stochunif,scattered,block,8,9.823529411764705
0.5,0.1,stochunif,scattered,block,9,10.254901960784311
0.5,0.1,stochunif,scattered,block,10,10.33333333333333
0.5,0.1,stochunif,scattered,scramble,1,9.647058823529411
0.5,0.1,stochunif,scattered,scramble,2,11.156862745098037
0.5,0.1,stochunif,scattered,scramble,3,10.64705882352941
0.5,0.1,stochunif,scattered,scramble,4,11.509803921568627
0.5,0.1,stochunif,scattered,scramble,5,9.705882352941178
0.5,0.1,stochunif,scattered,scramble,6,10.588235294117643
0.5,0.1,stochunif,scattered,scramble,7,9.980392156862745
0.5,0.1,stochunif,scattered,scramble,8,11.0
0.5,0.1,stochunif,scattered,scramble,9,10.882352941176471
0.5,0.1,stochunif,scattered,scramble,10,12.254901960784313
0.5,0.1,stochunif,scattered,swap,1,10.68627450980392
0.5,0.1,stochunif,scattered,swap,2,10.607843137254903
0.5,0.1,stochunif,scattered,swap,3,10.43137254901961
0.5,0.1,stochunif,scattered,swap,4,12.294117647058824
0.5,0.1,stochunif,scattered,swap,5,11.666666666666666
0.5,0.1,stochunif,scattered,swap,6,10.392156862745097
0.5,0.1,stochunif,scattered,swap,7,11.705882352941176
0.5,0.1,stochunif,scattered,swap,8,10.941176470588236
0.5,0.1,stochunif,scattered,swap,9,10.686274509803921
0.5,0.1,stochunif,scattered,swap,10,10.549019607843135
0.5,0.1,stochunif,scattered,frequency,1,9.254901960784313
0.5,0.1,stochunif,scattered,frequency,2,9.254901960784313
0.5,0.1,stochunif,scattered,frequency,3,9.294117647058822
0.5,0.1,stochunif,scattered,frequency,4,9.666666666666668
0.5,0.1,stochunif,scattered,frequency,5,9.254901960784313
0.5,0.1,stochunif,scattered,frequency,6,9.254901960784313
0.5,0.1,stochunif,scattered,frequency,7,9.254901960784313
0.5,0.1,stochunif,scattered,frequency,8,9.72549019607843
0.5,0.1,stochunif,scattered,frequency,9,10.27450980392157
0.5,0.1,stochunif,scattered,frequency,10,9.784313725490195
0.5,0.1,stochunif,singlepoint,uniform,1,9.941176470588236
0.5,0.1,stochunif,singlepoint,uniform,2,10.03921568627451
0.5,0.1,stochunif,singlepoint,uniform,3,10.803921568627448
0.5,0.1,stochunif,singlepoint,uniform,4,9.254901960784313
0.5,0.1,stochunif,singlepoint,uniform,5,10.27450980392157
0.5,0.1,stochunif,singlepoint,uniform,6,9.686274509803921
0.5,0.1,stochunif,singlepoint,uniform,7,11.058823529411766
0.5,0.1,stochunif,singlepoint,uniform,8,10.294117647058824
0.5,0.1,stochunif,singlepoint,uniform,9,10.058823529411766
0.5,0.1,stochunif,singlepoint,uniform,10,11.098039215686274
0.5,0.1,stochunif,singlepoint,block,1,14.117647058823527
0.5,0.1,stochunif,singlepoint,block,2,12.745098039215685
0.5,0.1,stochunif,singlepoint,block,3,12.313725490196079
0.5,0.1,stochunif,singlepoint,block,4,13.156862745098039
0.5,0.1,stochunif,singlepoint,block,5,11.666666666666666
0.5,0.1,stochunif,singlepoint,block,6,12.470588235294116
0.5,0.1,stochunif,singlepoint,block,7,10.470588235294116
0.5,0.1,stochunif,singlepoint,block,8,11.705882352941174
0.5,0.1,stochunif,singlepoint,block,9,11.823529411764705
0.5,0.1,stochunif,singlepoint,block,10,12.72549019607843
0.5,0.1,stochunif,singlepoint,scramble,1,11.64705882352941
0.5,0.1,stochunif,singlepoint,scramble,2,12.392156862745098
0.5,0.1,stochunif,singlepoint,scramble,3,11.941176470588236
0.5,0.1,stochunif,singlepoint,scramble,4,12.176470588235292
0.5,0.1,stochunif,singlepoint,scramble,5,12.372549019607842
0.5,0.1,stochunif,singlepoint,scramble,6,13.294117647058822
0.5,0.1,stochunif,singlepoint,scramble,7,11.156862745098039
0.5,0.1,stochunif,singlepoint,scramble,8,10.03921568627451
0.5,0.1,stochunif,singlepoint,scramble,9,12.313725490196083
0.5,0.1,stochunif,singlepoint,scramble,10,12.549019607843135
0.5,0.1,stochunif,singlepoint,swap,1,11.294117647058824
0.5,0.1,stochunif,singlepoint,swap,2,13.19607843137255
0.5,0.1,stochunif,singlepoint,swap,3,11.901960784313724
0.5,0.1,stochunif,singlepoint,swap,4,11.137254901960784
0.5,0.1,stochunif,singlepoint,swap,5,13.980392156862747
0.5,0.1,stochunif,singlepoint,swap,6,10.705882352941176
0.5,0.1,stochunif,singlepoint,swap,7,11.470588235294118
0.5,0.1,stochunif,singlepoint,swap,8,10.215686274509803
0.5,0.1,stochunif,singlepoint,swap,9,12.686274509803921
0.5,0.1,stochunif,singlepoint,swap,10,11.450980392156865
0.5,0.1,stochunif,singlepoint,frequency,1,9.784313725490195
0.5,0.1,stochunif,singlepoint,frequency,2,9.294117647058824
0.5,0.1,stochunif,singlepoint,frequency,3,10.15686274509804
0.5,0.1,stochunif,singlepoint,frequency,4,9.784313725490195
0.5,0.1,stochunif,singlepoint,frequency,5,9.823529411764705
0.5,0.1,stochunif,singlepoint,frequency,6,10.235294117647058
0.5,0.1,stochunif,singlepoint,frequency,7,10.313725490196077
0.5,0.1,stochunif,singlepoint,frequency,8,9.705882352941176
0.5,0.1,stochunif,singlepoint,frequency,9,9.745098039215685
0.5,0.1,stochunif,singlepoint,frequency,10,9.294117647058822
0.5,0.1,stochunif,twopoint,uniform,1,9.294117647058824
0.5,0.1,stochunif,twopoint,uniform,2,10.117647058823529
0.5,0.1,stochunif,twopoint,uniform,3,10.882352941176473
0.5,0.1,stochunif,twopoint,uniform,4,11.352941176470589
0.5,0.1,stochunif,twopoint,uniform,5,10.49019607843137
0.5,0.1,stochunif,twopoint,uniform,6,9.72549019607843
0.5,0.1,stochunif,twopoint,uniform,7,9.254901960784313
0.5,0.1,stochunif,twopoint,uniform,8,9.705882352941174
0.5,0.1,stochunif,twopoint,uniform,9,9.980392156862747
0.5,0.1,stochunif,twopoint,uniform,10,10.019607843137253
0.5,0.1,stochunif,twopoint,block,1,11.549019607843137
0.5,0.1,stochunif,twopoint,block,2,10.84313725490196
0.5,0.1,stochunif,twopoint,block,3,11.372549019607842
0.5,0.1,stochunif,twopoint,block,4,10.196078431372548
0.5,0.1,stochunif,twopoint,block,5,10.705882352941174
0.5,0.1,stochunif,twopoint,block,6,11.137254901960784
0.5,0.1,stochunif,twopoint,block,7,13.23529411764706
0.5,0.1,stochunif,twopoint,block,8,12.07843137254902
0.5,0.1,stochunif,twopoint,block,9,10.68627450980392
0.5,0.1,stochunif,twopoint,block,10,11.37254901960784
0.5,0.1,stochunif,twopoint,scramble,1,9.921568627450979
0.5,0.1,stochunif,twopoint,scramble,2,11.039215686274513
0.5,0.1,stochunif,twopoint,scramble,3,11.901960784313724
0.5,0.1,stochunif,twopoint,scramble,4,11.80392156862745
0.5,0.1,stochunif,twopoint,scramble,5,10.647058823529411
0.5,0.1,stochunif,twopoint,scramble,6,10.84313725490196
0.5,0.1,stochunif,twopoint,scramble,7,10.882352941176471
0.5,0.1,stochunif,twopoint,scramble,8,11.96078431372549
0.5,0.1,stochunif,twopoint,scramble,9,11.392156862745097
0.5,0.1,stochunif,twopoint,scramble,10,13.372549019607844
0.5,0.1,stochunif,twopoint,swap,1,10.76470588235294
0.5,0.1,stochunif,twopoint,swap,2,12.019607843137253
0.5,0.1,stochunif,twopoint,swap,3,10.72549019607843
0.5,0.1,stochunif,twopoint,swap,4,9.705882352941176
0.5,0.1,stochunif,twopoint,swap,5,10.549019607843135
0.5,0.1,stochunif,twopoint,swap,6,10.607843137254902
0.5,0.1,stochunif,twopoint,swap,7,9.784313725490195
0.5,0.1,stochunif,twopoint,swap,8,10.019607843137255
0.5,0.1,stochunif,twopoint,swap,9,9.76470588235294
0.5,0.1,stochunif,twopoint,swap,10,11.392156862745097
0.5,0.1,stochunif,twopoint,frequency,1,9.705882352941174
0.5,0.1,stochunif,twopoint,frequency,2,9.784313725490197
0.5,0.1,stochunif,twopoint,frequency,3,10.372549019607845
0.5,0.1,stochunif,twopoint,frequency,4,9.294117647058824
0.5,0.1,stochunif,twopoint,frequency,5,9.980392156862747
0.5,0.1,stochunif,twopoint,frequency,6,9.784313725490195
0.5,0.1,stochunif,twopoint,frequency,7,11.529411764705884
0.5,0.1,stochunif,twopoint,frequency,8,9.666666666666666
0.5,0.1,stochunif,twopoint,frequency,9,9.64705882352941
0.5,0.1,stochunif,twopoint,frequency,10,10.549019607843135
0.5,0.1,roulette,scattered,uniform,1,10.588235294117645
0.5,0.1,roulette,scattered,uniform,2,12.137254901960786
0.5,0.1,roulette,scattered,uniform,3,10.254901960784311
0.5,0.1,roulette,scattered,uniform,4,9.254901960784313
0.5,0.1,roulette,scattered,uniform,5,9.294117647058822
0.5,0.1,roulette,scattered,uniform,6,9.686274509803921
0.5,0.1,roulette,scattered,uniform,7,12.23529411764706
0.5,0.1,roulette,scattered,uniform,8,9.705882352941174
0.5,0.1,roulette,scattered,uniform,9,9.666666666666666
0.5,0.1,roulette,scattered,uniform,10,9.254901960784313
0.5,0.1,roulette,scattered,block,1,11.07843137254902
0.5,0.1,roulette,scattered,block,2,10.058823529411763
0.5,0.1,roulette,scattered,block,3,10.450980392156861
0.5,0.1,roulette,scattered,block,4,11.862745098039214
0.5,0.1,roulette,scattered,block,5,9.901960784313724
0.5,0.1,roulette,scattered,block,6,12.313725490196079
0.5,0.1,roulette,scattered,block,7,10.254901960784313
0.5,0.1,roulette,scattered,block,8,10.03921568627451
0.5,0.1,roulette,scattered,block,9,10.19607843137255
0.5,0.1,roulette,scattered,block,10,11.411764705882353
0.5,0.1,roulette,scattered,scramble,1,11.80392156862745
0.5,0.1,roulette,scattered,scramble,2,10.03921568627451
0.5,0.1,roulette,scattered,scramble,3,11.254901960784313
0.5,0.1,roulette,scattered,scramble,4,9.803921568627448
0.5,0.1,roulette,scattered,scramble,5,11.33333333333333
0.5,0.1,roulette,scattered,scramble,6,9.372549019607844
0.5,0.1,roulette,scattered,scramble,7,10.313725490196079
0.5,0.1,roulette,scattered,scramble,8,9.705882352941174
0.5,0.1,roulette,scattered,scramble,9,10.313725490196079
0.5,0.1,roulette,scattered,scramble,10,10.882352941176471
0.5,0.1,roulette,scattered,swap,1,12.196078431372548
0.5,0.1,roulette,scattered,swap,2,9.705882352941176
0.5,0.1,roulette,scattered,swap,3,12.176470588235295
0.5,0.1,roulette,scattered,swap,4,10.588235294117645
0.5,0.1,roulette,scattered,swap,5,11.392156862745097
0.5,0.1,roulette,scattered,swap,6,10.450980392156863
0.5,0.1,roulette,scattered,swap,7,10.509803921568627
0.5,0.1,roulette,scattered,swap,8,9.509803921568627
0.5,0.1,roulette,scattered,swap,9,10.882352941176471
0.5,0.1,roulette,scattered,swap,10,10.058823529411766
0.5,0.1,roulette,scattered,frequency,1,10.901960784313724
0.5,0.1,roulette,scattered,frequency,2,9.254901960784313
0.5,0.1,roulette,scattered,frequency,3,9.294117647058822
0.5,0.1,roulette,scattered,frequency,4,9.705882352941176
0.5,0.1,roulette,scattered,frequency,5,9.294117647058824
0.5,0.1,roulette,scattered,frequency,6,10.137254901960784
0.5,0.1,roulette,scattered,frequency,7,10.019607843137253
0.5,0.1,roulette,scattered,frequency,8,9.254901960784313
0.5,0.1,roulette,scattered,frequency,9,9.294117647058822
0.5,0.1,roulette,scattered,frequency,10,10.588235294117643
0.5,0.1,roulette,singlepoint,uniform,1,10.235294117647058
0.5,0.1,roulette,singlepoint,uniform,2,10.352941176470587
0.5,0.1,roulette,singlepoint,uniform,3,10.88235294117647
0.5,0.1,roulette,singlepoint,uniform,4,10.176470588235292
0.5,0.1,roulette,singlepoint,uniform,5,9.784313725490195
0.5,0.1,roulette,singlepoint,uniform,6,9.294117647058822
0.5,0.1,roulette,singlepoint,uniform,7,10.313725490196079
0.5,0.1,roulette,singlepoint,uniform,8,10.901960784313724
0.5,0.1,roulette,singlepoint,uniform,9,9.49019607843137
0.5,0.1,roulette,singlepoint,uniform,10,10.411764705882351
0.5,0.1,roulette,singlepoint,block,1,10.588235294117647
0.5,0.1,roulette,singlepoint,block,2,12.529411764705882
0.5,0.1,roulette,singlepoint,block,3,13.098039215686276
0.5,0.1,roulette,singlepoint,block,4,11.117647058823529
0.5,0.1,roulette,singlepoint,block,5,12.607843137254903
0.5,0.1,roulette,singlepoint,block,6,10.392156862745097
0.5,0.1,roulette,singlepoint,block,7,12.784313725490195
0.5,0.1,roulette,singlepoint,block,8,12.745098039215685
0.5,0.1,roulette,singlepoint,block,9,11.450980392156865
0.5,0.1,roulette,singlepoint,block,10,13.176470588235293
0.5,0.1,roulette,singlepoint,scramble,1,12.647058823529411
0.5,0.1,roulette,singlepoint,scramble,2,12.745098039215684
0.5,0.1,roulette,singlepoint,scramble,3,11.313725490196077
0.5,0.1,roulette,singlepoint,scramble,4,12.098039215686274
0.5,0.1,roulette,singlepoint,scramble,5,12.294117647058824
0.5,0.1,roulette,singlepoint,scramble,6,12.647058823529411
0.5,0.1,roulette,singlepoint,scramble,7,13.117647058823527
0.5,0.1,roulette,singlepoint,scramble,8,12.52941176470588
0.5,0.1,roulette,singlepoint,scramble,9,11.039215686274508
0.5,0.1,roulette,singlepoint,scramble,10,9.294117647058824
0.5,0.1,roulette,singlepoint,swap,1,11.76470588235294
0.5,0.1,roulette,singlepoint,swap,2,11.137254901960786
0.5,0.1,roulette,singlepoint,swap,3,11.019607843137253
0.5,0.1,roulette,singlepoint,swap,4,12.941176470588236
0.5,0.1,roulette,singlepoint,swap,5,10.843137254901961
0.5,0.1,roulette,singlepoint,swap,6,11.901960784313724
0.5,0.1,roulette,singlepoint,swap,7,12.07843137254902
0.5,0.1,roulette,singlepoint,swap,8,13.666666666666664
0.5,0.1,roulette,singlepoint,swap,9,11.254901960784313
0.5,0.1,roulette,singlepoint,swap,10,12.784313725490195
0.5,0.1,roulette,singlepoint,frequency,1,10.07843137254902
0.5,0.1,roulette,singlepoint,frequency,2,10.156862745098037
0.5,0.1,roulette,singlepoint,frequency,3,9.254901960784313
0.5,0.1,roulette,singlepoint,frequency,4,9.745098039215685
0.5,0.1,roulette,singlepoint,frequency,5,12.254901960784315
0.5,0.1,roulette,singlepoint,frequency,6,9.705882352941178
0.5,0.1,roulette,singlepoint,frequency,7,10.098039215686276
0.5,0.1,roulette,singlepoint,frequency,8,9.960784313725489
0.5,0.1,roulette,singlepoint,frequency,9,9.72549019607843
0.5,0.1,roulette,singlepoint,frequency,10,11.039215686274513
0.5,0.1,roulette,twopoint,uniform,1,10.647058823529411
0.5,0.1,roulette,twopoint,uniform,2,9.941176470588234
0.5,0.1,roulette,twopoint,uniform,3,9.960784313725489
0.5,0.1,roulette,twopoint,uniform,4,10.33333333333333
0.5,0.1,roulette,twopoint,uniform,5,9.294117647058824
0.5,0.1,roulette,twopoint,uniform,6,10.431372549019606
0.5,0.1,roulette,twopoint,uniform,7,9.705882352941178
0.5,0.1,roulette,twopoint,uniform,8,9.509803921568627
0.5,0.1,roulette,twopoint,uniform,9,9.666666666666668
0.5,0.1,roulette,twopoint,uniform,10,9.294117647058824
0.5,0.1,roulette,twopoint,block,1,12.529411764705879
0.5,0.1,roulette,twopoint,block,2,12.823529411764705
0.5,0.1,roulette,twopoint,block,3,11.823529411764707
0.5,0.1,roulette,twopoint,block,4,9.784313725490195
0.5,0.1,roulette,twopoint,block,5,11.49019607843137
0.5,0.1,roulette,twopoint,block,6,9.745098039215687
0.5,0.1,roulette,twopoint,block,7,12.549019607843137
0.5,0.1,roulette,twopoint,block,8,11.84313725490196
0.5,0.1,roulette,twopoint,block,9,13.705882352941174
0.5,0.1,roulette,twopoint,block,10,10.588235294117647
0.5,0.1,roulette,twopoint,scramble,1,14.078431372549018
0.5,0.1,roulette,twopoint,scramble,2,11.56862745098039
0.5,0.1,roulette,twopoint,scramble,3,13.941176470588232
0.5,0.1,roulette,twopoint,scramble,4,10.999999999999998
0.5,0.1,roulette,twopoint,scramble,5,10.705882352941178
0.5,0.1,roulette,twopoint,scramble,6,9.333333333333332
0.5,0.1,roulette,twopoint,scramble,7,11.764705882352942
0.5,0.1,roulette,twopoint,scramble,8,11.88235294117647
0.5,0.1,roulette,twopoint,scramble,9,11.647058823529411
0.5,0.1,roulette,twopoint,scramble,10,12.019607843137253
0.5,0.1,roulette,twopoint,swap,1,10.529411764705882
0.5,0.1,roulette,twopoint,swap,2,10.431372549019606
0.5,0.1,roulette,twopoint,swap,3,10.235294117647058
0.5,0.1,roulette,twopoint,swap,4,11.64705882352941
0.5,0.1,roulette,twopoint,swap,5,11.84313725490196
0.5,0.1,roulette,twopoint,swap,6,11.627450980392155
0.5,0.1,roulette,twopoint,swap,7,11.039215686274511
0.5,0.1,roulette,twopoint,swap,8,10.980392156862745
0.5,0.1,roulette,twopoint,swap,9,12.58823529411765
0.5,0.1,roulette,twopoint,swap,10,10.72549019607843
0.5,0.1,roulette,twopoint,frequency,1,9.294117647058824
0.5,0.1,roulette,twopoint,frequency,2,10.705882352941174
0.5,0.1,roulette,twopoint,frequency,3,9.666666666666666
0.5,0.1,roulette,twopoint,frequency,4,9.980392156862747
0.5,0.1,roulette,twopoint,frequency,5,10.313725490196076
0.5,0.1,roulette,twopoint,frequency,6,9.72549019607843
0.5,0.1,roulette,twopoint,frequency,7,9.52941176470588
0.5,0.1,roulette,twopoint,frequency,8,10.019607843137253
0.5,0.1,roulette,twopoint,frequency,9,9.254901960784313
0.5,0.1,roulette,twopoint,frequency,10,10.588235294117647
0.5,0.1,tournament,scattered,uniform,1,9.254901960784313
0.5,0.1,tournament,scattered,uniform,2,9.254901960784313
0.5,0.1,tournament,scattered,uniform,3,9.254901960784313
0.5,0.1,tournament,scattered,uniform,4,9.294117647058822
0.5,0.1,tournament,scattered,uniform,5,9.254901960784313
0.5,0.1,tournament,scattered,uniform,6,9.254901960784313
0.5,0.1,tournament,scattered,uniform,7,9.294117647058822
0.5,0.1,tournament,scattered,uniform,8,9.254901960784313
0.5,0.1,tournament,scattered,uniform,9,9.294117647058822
0.5,0.1,tournament,scattered,uniform,10,9.294117647058824
0.5,0.1,tournament,scattered,block,1,9.666666666666666
0.5,0.1,tournament,scattered,block,2,9.372549019607842
0.5,0.1,tournament,scattered,block,3,10.627450980392158
0.5,0.1,tournament,scattered,block,4,10.588235294117649
0.5,0.1,tournament,scattered,block,5,10.117647058823529
0.5,0.1,tournament,scattered,block,6,9.705882352941178
0.5,0.1,tournament,scattered,block,7,9.254901960784313
0.5,0.1,tournament,scattered,block,8,10.215686274509801
0.5,0.1,tournament,scattered,block,9,10.019607843137257
0.5,0.1,tournament,scattered,block,10,9.254901960784313
0.5,0.1,tournament,scattered,scramble,1,9.254901960784313
0.5,0.1,tournament,scattered,scramble,2,9.294117647058822
0.5,0.1,tournament,scattered,scramble,3,9.941176470588236
0.5,0.1,tournament,scattered,scramble,4,9.941176470588236
0.5,0.1,tournament,scattered,scramble,5,9.666666666666668
0.5,0.1,tournament,scattered,scramble,6,9.254901960784313
0.5,0.1,tournament,scattered,scramble,7,9.254901960784313
0.5,0.1,tournament,scattered,scramble,8,9.72549019607843
0.5,0.1,tournament,scattered,scramble,9,9.294117647058824
0.5,0.1,tournament,scattered,scramble,10,9.823529411764707
0.5,0.1,tournament,scattered,swap,1,10.156862745098037
0.5,0.1,tournament,scattered,swap,2,10.450980392156861
0.5,0.1,tournament,scattered,swap,3,9.647058823529411
0.5,0.1,tournament,scattered,swap,4,10.666666666666664
0.5,0.1,tournament,scattered,swap,5,9.294117647058822
0.5,0.1,tournament,scattered,swap,6,9.294117647058822
0.5,0.1,tournament,scattered,swap,7,10.529411764705884
0.5,0.1,tournament,scattered,swap,8,10.313725490196079
0.5,0.1,tournament,scattered,swap,9,9.254901960784313
0.5,0.1,tournament,scattered,swap,10,9.549019607843137
0.5,0.1,tournament,scattered,frequency,1,9.254901960784313
0.5,0.1,tournament,scattered,frequency,2,9.980392156862747
0.5,0.1,tournament,scattered,frequency,3,9.64705882352941
0.5,0.1,tournament,scattered,frequency,4,9.294117647058822
0.5,0.1,tournament,scattered,frequency,5,9.294117647058824
0.5,0.1,tournament,scattered,frequency,6,9.254901960784313
0.5,0.1,tournament,scattered,frequency,7,9.254901960784313
0.5,0.1,tournament,scattered,frequency,8,9.254901960784313
0.5,0.1,tournament,scattered,frequency,9,9.705882352941176
0.5,0.1,tournament,scattered,frequency,10,9.254901960784313
0.5,0.1,tournament,singlepoint,uniform,1,9.294117647058824
0.5,0.1,tournament,singlepoint,uniform,2,9.960784313725489
0.5,0.1,tournament,singlepoint,uniform,3,10.392156862745097
0.5,0.1,tournament,singlepoint,uniform,4,9.254901960784313
0.5,0.1,tournament,singlepoint,uniform,5,10.50980392156863
0.5,0.1,tournament,singlepoint,uniform,6,9.254901960784313
0.5,0.1,tournament,singlepoint,uniform,7,9.294117647058824
0.5,0.1,tournament,singlepoint,uniform,8,9.254901960784313
0.5,0.1,tournament,singlepoint,uniform,9,9.254901960784313
0.5,0.1,tournament,singlepoint,uniform,10,9.254901960784313
0.5,0.1,tournament,singlepoint,block,1,11.431372549019608
0.5,0.1,tournament,singlepoint,block,2,10.019607843137253
0.5,0.1,tournament,singlepoint,block,3,10.843137254901961
0.5,0.1,tournament,singlepoint,block,4,11.0
0.5,0.1,tournament,singlepoint,block,5,10.784313725490195
0.5,0.1,tournament,singlepoint,block,6,9.862745098039213
0.5,0.1,tournament,singlepoint,block,7,9.254901960784313
0.5,0.1,tournament,singlepoint,block,8,9.294117647058822
0.5,0.1,tournament,singlepoint,block,9,10.745098039215685
0.5,0.1,tournament,singlepoint,block,10,10.450980392156863
0.5,0.1,tournament,singlepoint,scramble,1,10.627450980392156
0.5,0.1,tournament,singlepoint,scramble,2,10.50980392156863
0.5,0.1,tournament,singlepoint,scramble,3,11.862745098039214
0.5,0.1,tournament,singlepoint,scramble,4,9.705882352941174
0.5,0.1,tournament,singlepoint,scramble,5,11.137254901960784
0.5,0.1,tournament,singlepoint,scramble,6,10.980392156862747
0.5,0.1,tournament,singlepoint,scramble,7,10.529411764705882
0.5,0.1,tournament,singlepoint,scramble,8,9.666666666666668
0.5,0.1,tournament,singlepoint,scramble,9,10.627450980392156
0.5,0.1,tournament,singlepoint,scramble,10,10.313725490196077
0.5,0.1,tournament,singlepoint,swap,1,10.07843137254902
0.5,0.1,tournament,singlepoint,swap,2,10.058823529411766
0.5,0.1,tournament,singlepoint,swap,3,9.960784313725489
0.5,0.1,tournament,singlepoint,swap,4,9.745098039215685
0.5,0.1,tournament,singlepoint,swap,5,11.588235294117649
0.5,0.1,tournament,singlepoint,swap,6,9.999999999999998
0.5,0.1,tournament,singlepoint,swap,7,10.117647058823529
0.5,0.1,tournament,singlepoint,swap,8,10.274509803921568
0.5,0.1,tournament,singlepoint,swap,9,9.254901960784313
0.5,0.1,tournament,singlepoint,swap,10,10.666666666666666
0.5,0.1,tournament,singlepoint,frequency,1,10.019607843137253
0.5,0.1,tournament,singlepoint,frequency,2,9.254901960784313
0.5,0.1,tournament,singlepoint,frequency,3,9.980392156862747
0.5,0.1,tournament,singlepoint,frequency,4,9.254901960784313
0.5,0.1,tournament,singlepoint,frequency,5,9.294117647058824
0.5,0.1,tournament,singlepoint,frequency,6,9.333333333333332
0.5,0.1,tournament,singlepoint,frequency,7,10.294117647058824
0.5,0.1,tournament,singlepoint,frequency,8,9.686274509803921
0.5,0.1,tournament,singlepoint,frequency,9,9.64705882352941
0.5,0.1,tournament,singlepoint,frequency,10,9.254901960784313
0.5,0.1,tournament,twopoint,uniform,1,9.803921568627448
0.5,0.1,tournament,twopoint,uniform,2,9.333333333333332
0.5,0.1,tournament,twopoint,uniform,3,9.294117647058822
0.5,0.1,tournament,twopoint,uniform,4,9.705882352941176
0.5,0.1,tournament,twopoint,uniform,5,9.64705882352941
0.5,0.1,tournament,twopoint,uniform,6,9.529411764705882
0.5,0.1,tournament,twopoint,uniform,7,10.450980392156863
0.5,0.1,tournament,twopoint,uniform,8,9.705882352941174
0.5,0.1,tournament,twopoint,uniform,9,9.294117647058824
0.5,0.1,tournament,twopoint,uniform,10,9.254901960784313
0.5,0.1,tournament,twopoint,block,1,9.64705882352941
0.5,0.1,tournament,twopoint,block,2,10.215686274509803
0.5,0.1,tournament,twopoint,block,3,11.745098039215684
0.5,0.1,tournament,twopoint,block,4,10.470588235294116
0.5,0.1,tournament,twopoint,block,5,11.07843137254902
0.5,0.1,tournament,twopoint,block,6,10.058823529411764
0.5,0.1,tournament,twopoint,block,7,10.862745098039213
0.5,0.1,tournament,twopoint,block,8,9.705882352941176
0.5,0.1,tournament,twopoint,block,9,10.960784313725489
0.5,0.1,tournament,twopoint,block,10,10.980392156862745
0.5,0.1,tournament,twopoint,scramble,1,9.666666666666666
0.5,0.1,tournament,twopoint,scramble,2,9.64705882352941
0.5,0.1,tournament,twopoint,scramble,3,10.686274509803921
0.5,0.1,tournament,twopoint,scramble,4,10.705882352941176
0.5,0.1,tournament,twopoint,scramble,5,9.509803921568627
0.5,0.1,tournament,twopoint,scramble,6,9.294117647058822
0.5,0.1,tournament,twopoint,scramble,7,11.333333333333334
0.5,0.1,tournament,twopoint,scramble,8,9.823529411764705
0.5,0.1,tournament,twopoint,scramble,9,10.333333333333332
0.5,0.1,tournament,twopoint,scramble,10,10.03921568627451
0.5,0.1,tournament,twopoint,swap,1,9.862745098039213
0.5,0.1,tournament,twopoint,swap,2,9.254901960784313
0.5,0.1,tournament,twopoint,swap,3,10.72549019607843
0.5,0.1,tournament,twopoint,swap,4,9.294117647058824
0.5,0.1,tournament,twopoint,swap,5,10.49019607843137
0.5,0.1,tournament,twopoint,swap,6,10.27450980392157
0.5,0.1,tournament,twopoint,swap,7,9.64705882352941
0.5,0.1,tournament,twopoint,swap,8,9.980392156862745
0.5,0.1,tournament,twopoint,swap,9,9.254901960784313
0.5,0.1,tournament,twopoint,swap,10,10.666666666666668
0.5,0.1,tournament,twopoint,frequency,1,9.64705882352941
0.5,0.1,tournament,twopoint,frequency,2,9.294117647058822
0.5,0.1,tournament,twopoint,frequency,3,9.254901960784313
0.5,0.1,tournament,twopoint,frequency,4,9.294117647058822
0.5,0.1,tournament,twopoint,frequency,5,9.254901960784313
0.5,0.1,tournament,twopoint,frequency,6,10.156862745098039
0.5,0.1,tournament,twopoint,frequency,7,9.64705882352941
0.5,0.1,tournament,twopoint,frequency,8,10.019607843137253
0.5,0.1,tournament,twopoint,frequency,9,9.254901960784313
0.5,0.1,tournament,twopoint,frequency,10,9.254901960784313
0.5,0.2,stochunif,scattered,uniform,1,10.137254901960786
0.5,0.2,stochunif,scattered,uniform,2,9.254901960784313
0.5,0.2,stochunif,scattered,uniform,3,10.862745098039214
0.5,0.2,stochunif,scattered,uniform,4,10.313725490196079
0.5,0.2,stochunif,scattered,uniform,5,9.64705882352941
0.5,0.2,stochunif,scattered,uniform,6,9.254901960784313
0.5,0.2,stochunif,scattered,uniform,7,9.294117647058824
0.5,0.2,stochunif,scattered,uniform,8,10.058823529411764
0.5,0.2,stochunif,scattered,uniform,9,9.254901960784313
0.5,0.2,stochunif,scattered,uniform,10,10.333333333333332
0.5,0.2,stochunif,scattered,block,1,11.294117647058824
0.5,0.2,stochunif,scattered,block,2,9.862745098039214
0.5,0.2,stochunif,scattered,block,3,10.529411764705884
0.5,0.2,stochunif,scattered,block,4,10.372549019607842
0.5,0.2,stochunif,scattered,block,5,10.058823529411764
0.5,0.2,stochunif,scattered,block,6,11.176470588235292
0.5,0.2,stochunif,scattered,block,7,10.352941176470589
0.5,0.2,stochunif,scattered,block,8,10.68627450980392
0.5,0.2,stochunif,scattered,block,9,9.823529411764705
0.5,0.2,stochunif,scattered,block,10,10.19607843137255
0.5,0.2,stochunif,scattered,scramble,1,9.49019607843137
0.5,0.2,stochunif,scattered,scramble,2,10.019607843137253
0.5,0.2,stochunif,scattered,scramble,3,10.156862745098037
0.5,0.2,stochunif,scattered,scramble,4,9.941176470588236
0.5,0.2,stochunif,scattered,scramble,5,9.72549019607843
0.5,0.2,stochunif,scattered,scramble,6,10.549019607843135
0.5,0.2,stochunif,scattered,scramble,7,10.568627450980392
0.5,0.2,stochunif,scattered,scramble,8,10.470588235294118
0.5,0.2,stochunif,scattered,scramble,9,10.607843137254902
0.5,0.2,stochunif,scattered,scramble,10,10.47058823529412
0.5,0.2,stochunif,scattered,swap,1,10.196078431372548
0.5,0.2,stochunif,scattered,swap,2,9.705882352941176
0.5,0.2,stochunif,scattered,swap,3,10.56862745098039
0.5,0.2,stochunif,scattered,swap,4,11.058823529411764
0.5,0.2,stochunif,scattered,swap,5,10.058823529411764
0.5,0.2,stochunif,scattered,swap,6,11.058823529411764
0.5,0.2,stochunif,scattered,swap,7,10.215686274509803
0.5,0.2,stochunif,scattered,swap,8,11.96078431372549
0.5,0.2,stochunif,scattered,swap,9,9.999999999999998
0.5,0.2,stochunif,scattered,swap,10,9.941176470588236
0.5,0.2,stochunif,scattered,frequency,1,9.64705882352941
0.5,0.2,stochunif,scattered,frequency,2,9.294117647058822
0.5,0.2,stochunif,scattered,frequency,3,10.019607843137255
0.5,0.2,stochunif,scattered,frequency,4,10.274509803921568
0.5,0.2,stochunif,scattered,frequency,5,10.215686274509801
0.5,0.2,stochunif,scattered,frequency,6,9.901960784313724
0.5,0.2,stochunif,scattered,frequency,7,9.294117647058824
0.5,0.2,stochunif,scattered,frequency,8,9.294117647058824
0.5,0.2,stochunif,scattered,frequency,9,9.686274509803921
0.5,0.2,stochunif,scattered,frequency,10,10.176470588235292
0.5,0.2,stochunif,singlepoint,uniform,1,9.333333333333332
0.5,0.2,stochunif,singlepoint,uniform,2,10.137254901960786
0.5,0.2,stochunif,singlepoint,uniform,3,9.294117647058822
0.5,0.2,stochunif,singlepoint,uniform,4,9.784313725490195
0.5,0.2,stochunif,singlepoint,uniform,5,9.294117647058824
0.5,0.2,stochunif,singlepoint,uniform,6,9.64705882352941
0.5,0.2,stochunif,singlepoint,uniform,7,9.705882352941176
0.5,0.2,stochunif,singlepoint,uniform,8,10.627450980392155
0.5,0.2,stochunif,singlepoint,uniform,9,9.64705882352941
0.5,0.2,stochunif,singlepoint,uniform,10,10.33333333333333
0.5,0.2,stochunif,singlepoint,block,1,12.019607843137253
0.5,0.2,stochunif,singlepoint,block,2,10.196078431372548
0.5,0.2,stochunif,singlepoint,block,3,11.058823529411763
0.5,0.2,stochunif,singlepoint,block,4,10.372549019607844
0.5,0.2,stochunif,singlepoint,block,5,12.254901960784315
0.5,0.2,stochunif,singlepoint,block,6,10.450980392156863
0.5,0.2,stochunif,singlepoint,block,7,10.588235294117645
0.5,0.2,stochunif,singlepoint,block,8,11.960784313725487
0.5,0.2,stochunif,singlepoint,block,9,11.431372549019606
0.5,0.2,stochunif,singlepoint,block,10,12.529411764705882
0.5,0.2,stochunif,singlepoint,scramble,1,11.294117647058824
0.5,0.2,stochunif,singlepoint,scramble,2,11.764705882352942
0.5,0.2,stochunif,singlepoint,scramble,3,11.627450980392158
0.5,0.2,stochunif,singlepoint,scramble,4,12.568627450980392
0.5,0.2,stochunif,singlepoint,scramble,5,9.80392156862745
0.5,0.2,stochunif,singlepoint,scramble,6,13.254901960784315
0.5,0.2,stochunif,singlepoint,scramble,7,10.03921568627451
0.5,0.2,stochunif,singlepoint,scramble,8,12.549019607843134
0.5,0.2,stochunif,singlepoint,scramble,9,10.313725490196077
0.5,0.2,stochunif,singlepoint,scramble,10,11.84313725490196
0.5,0.2,stochunif,singlepoint,swap,1,10.450980392156863
0.5,0.2,stochunif,singlepoint,swap,2,11.509803921568627
0.5,0.2,stochunif,singlepoint,swap,3,11.294117647058824
0.5,0.2,stochunif,singlepoint,swap,4,11.901960784313726
0.5,0.2,stochunif,singlepoint,swap,5,11.313725490196077
0.5,0.2,stochunif,singlepoint,swap,6,11.705882352941176
0.5,0.2,stochunif,singlepoint,swap,7,13.960784313725489
0.5,0.2,stochunif,singlepoint,swap,8,10.11764705882353
0.5,0.2,stochunif,singlepoint,swap,9,10.352941176470587
0.5,0.2,stochunif,singlepoint,swap,10,12.098039215686274
0.5,0.2,stochunif,singlepoint,frequency,1,11.333333333333332
0.5,0.2,stochunif,singlepoint,frequency,2,10.274509803921568
0.5,0.2,stochunif,singlepoint,frequency,3,10.019607843137253
0.5,0.2,stochunif,singlepoint,frequency,4,9.705882352941178
0.5,0.2,stochunif,singlepoint,frequency,5,10.941176470588236
0.5,0.2,stochunif,singlepoint,frequency,6,10.019607843137255
0.5,0.2,stochunif,singlepoint,frequency,7,11.019607843137255
0.5,0.2,stochunif,singlepoint,frequency,8,9.686274509803921
0.5,0.2,stochunif,singlepoint,frequency,9,9.784313725490195
0.5,0.2,stochunif,singlepoint,frequency,10,10.862745098039216
0.5,0.2,stochunif,twopoint,uniform,1,10.666666666666666
0.5,0.2,stochunif,twopoint,uniform,2,9.64705882352941
0.5,0.2,stochunif,twopoint,uniform,3,10.196078431372548
0.5,0.2,stochunif,twopoint,uniform,4,10.784313725490195
0.5,0.2,stochunif,twopoint,uniform,5,9.901960784313724
0.5,0.2,stochunif,twopoint,uniform,6,10.156862745098037
0.5,0.2,stochunif,twopoint,uniform,7,9.823529411764705
0.5,0.2,stochunif,twopoint,uniform,8,9.294117647058824
0.5,0.2,stochunif,twopoint,uniform,9,9.705882352941176
0.5,0.2,stochunif,twopoint,uniform,10,9.823529411764705
0.5,0.2,stochunif,twopoint,block,1,11.392156862745097
0.5,0.2,stochunif,twopoint,block,2,12.098039215686272
0.5,0.2,stochunif,twopoint,block,3,11.0
0.5,0.2,stochunif,twopoint,block,4,11.176470588235292
0.5,0.2,stochunif,twopoint,block,5,14.43137254901961
0.5,0.2,stochunif,twopoint,block,6,12.27450980392157
0.5,0.2,stochunif,twopoint,block,7,10.764705882352942
0.5,0.2,stochunif,twopoint,block,8,11.156862745098039
0.5,0.2,stochunif,twopoint,block,9,10.215686274509803
0.5,0.2,stochunif,twopoint,block,10,11.019607843137255
0.5,0.2,stochunif,twopoint,scramble,1,10.450980392156861
0.5,0.2,stochunif,twopoint,scramble,2,11.80392156862745
0.5,0.2,stochunif,twopoint,scramble,3,12.84313725490196
0.5,0.2,stochunif,twopoint,scramble,4,12.039215686274508
0.5,0.2,stochunif,twopoint,scramble,5,11.176470588235293
0.5,0.2,stochunif,twopoint,scramble,6,10.019607843137253
0.5,0.2,stochunif,twopoint,scramble,7,13.058823529411761
0.5,0.2,stochunif,twopoint,scramble,8,13.137254901960784
0.5,0.2,stochunif,twopoint,scramble,9,11.941176470588236
0.5,0.2,stochunif,twopoint,scramble,10,12.058823529411763
0.5,0.2,stochunif,twopoint,swap,1,10.215686274509803
0.5,0.2,stochunif,twopoint,swap,2,12.117647058823527
0.5,0.2,stochunif,twopoint,swap,3,11.058823529411764
0.5,0.2,stochunif,twopoint,swap,4,10.901960784313724
0.5,0.2,stochunif,twopoint,swap,5,10.313725490196076
0.5,0.2,stochunif,twopoint,swap,6,10.725490196078432
0.5,0.2,stochunif,twopoint,swap,7,10.431372549019606
0.5,0.2,stochunif,twopoint,swap,8,10.098039215686274
0.5,0.2,stochunif,twopoint,swap,9,10.03921568627451
0.5,0.2,stochunif,twopoint,swap,10,11.254901960784313
0.5,0.2,stochunif,twopoint,frequency,1,9.666666666666668
0.5,0.2,stochunif,twopoint,frequency,2,9.254901960784313
0.5,0.2,stochunif,twopoint,frequency,3,9.784313725490195
0.5,0.2,stochunif,twopoint,frequency,4,9.823529411764707
0.5,0.2,stochunif,twopoint,frequency,5,9.294117647058824
0.5,0.2,stochunif,twopoint,frequency,6,10.156862745098037
0.5,0.2,stochunif,twopoint,frequency,7,9.333333333333332
0.5,0.2,stochunif,twopoint,frequency,8,9.980392156862745
0.5,0.2,stochunif,twopoint,frequency,9,9.72549019607843
0.5,0.2,stochunif,twopoint,frequency,10,9.823529411764707
0.5,0.2,roulette,scattered,uniform,1,9.294117647058822
0.5,0.2,roulette,scattered,uniform,2,11.07843137254902
0.5,0.2,roulette,scattered,uniform,3,9.372549019607842
0.5,0.2,roulette,scattered,uniform,4,9.784313725490195
0.5,0.2,roulette,scattered,uniform,5,10.058823529411764
0.5,0.2,roulette,scattered,uniform,6,9.76470588235294
0.5,0.2,roulette,scattered,uniform,7,10.313725490196079
0.5,0.2,roulette,scattered,uniform,8,11.019607843137255
0.5,0.2,roulette,scattered,uniform,9,11.313725490196079
0.5,0.2,roulette,scattered,uniform,10,10.019607843137255
0.5,0.2,roulette,scattered,block,1,10.392156862745097
0.5,0.2,roulette,scattered,block,2,9.666666666666666
0.5,0.2,roulette,scattered,block,3,11.137254901960784
0.5,0.2,roulette,scattered,block,4,9.509803921568627
0.5,0.2,roulette,scattered,block,5,11.196078431372548
0.5,0.2,roulette,scattered,block,6,10.450980392156863
0.5,0.2,roulette,scattered,block,7,11.019607843137253
0.5,0.2,roulette,scattered,block,8,9.705882352941176
0.5,0.2,roulette,scattered,block,9,10.647058823529411
0.5,0.2,roulette,scattered,block,10,13.66666666666667
0.5,0.2,roulette,scattered,scramble,1,9.92156862745098
0.5,0.2,roulette,scattered,scramble,2,10.823529411764707
0.5,0.2,roulette,scattered,scramble,3,10.19607843137255
0.5,0.2,roulette,scattered,scramble,4,9.705882352941176
0.5,0.2,roulette,scattered,scramble,5,9.784313725490195
0.5,0.2,roulette,scattered,scramble,6,10.72549019607843
0.5,0.2,roulette,scattered,scramble,7,9.901960784313724
0.5,0.2,roulette,scattered,scramble,8,10.882352941176471
0.5,0.2,roulette,scattered,scramble,9,10.686274509803923
0.5,0.2,roulette,scattered,scramble,10,10.254901960784313
0.5,0.2,roulette,scattered,swap,1,10.137254901960786
0.5,0.2,roulette,scattered,swap,2,10.823529411764705
0.5,0.2,roulette,scattered,swap,3,10.72549019607843
0.5,0.2,roulette,scattered,swap,4,10.509803921568627
0.5,0.2,roulette,scattered,swap,5,12.078431372549021
0.5,0.2,roulette,scattered,swap,6,12.33333333333333
0.5,0.2,roulette,scattered,swap,7,10.215686274509803
0.5,0.2,roulette,scattered,swap,8,10.450980392156863
0.5,0.2,roulette,scattered,swap,9,9.960784313725489
0.5,0.2,roulette,scattered,swap,10,10.058823529411763
0.5,0.2,roulette,scattered,frequency,1,9.666666666666668
0.5,0.2,roulette,scattered,frequency,2,9.72549019607843
0.5,0.2,roulette,scattered,frequency,3,9.254901960784313
0.5,0.2,roulette,scattered,frequency,4,9.705882352941174
0.5,0.2,roulette,scattered,frequency,5,9.294117647058824
0.5,0.2,roulette,scattered,frequency,6,9.333333333333332
0.5,0.2,roulette,scattered,frequency,7,9.254901960784313
0.5,0.2,roulette,scattered,frequency,8,9.294117647058822
0.5,0.2,roulette,scattered,frequency,9,9.705882352941174
0.5,0.2,roulette,scattered,frequency,10,10.019607843137253
0.5,0.2,roulette,singlepoint,uniform,1,9.294117647058822
0.5,0.2,roulette,singlepoint,uniform,2,11.137254901960787
0.5,0.2,roulette,singlepoint,uniform,3,9.509803921568627
0.5,0.2,roulette,singlepoint,uniform,4,10.43137254901961
0.5,0.2,roulette,singlepoint,uniform,5,10.313725490196077
0.5,0.2,roulette,singlepoint,uniform,6,11.686274509803921
0.5,0.2,roulette,singlepoint,uniform,7,9.72549019607843
0.5,0.2,roulette,singlepoint,uniform,8,10.49019607843137
0.5,0.2,roulette,singlepoint,uniform,9,11.294117647058824
0.5,0.2,roulette,singlepoint,uniform,10,10.215686274509803
0.5,0.2,roulette,singlepoint,block,1,10.607843137254903
0.5,0.2,roulette,singlepoint,block,2,11.098039215686274
0.5,0.2,roulette,singlepoint,block,3,11.03921568627451
0.5,0.2,roulette,singlepoint,block,4,11.705882352941176
0.5,0.2,roulette,singlepoint,block,5,13.058823529411763
0.5,0.2,roulette,singlepoint,block,6,12.568627450980394
0.5,0.2,roulette,singlepoint,block,7,10.784313725490193
0.5,0.2,roulette,singlepoint,block,8,11.411764705882351
0.5,0.2,roulette,singlepoint,block,9,11.411764705882353
0.5,0.2,roulette,singlepoint,block,10,11.705882352941174
0.5,0.2,roulette,singlepoint,scramble,1,9.294117647058824
0.5,0.2,roulette,singlepoint,scramble,2,11.235294117647058
0.5,0.2,roulette,singlepoint,scramble,3,11.352941176470587
0.5,0.2,roulette,singlepoint,scramble,4,11.235294117647058
0.5,0.2,roulette,singlepoint,scramble,5,12.0
0.5,0.2,roulette,singlepoint,scramble,6,11.568627450980392
0.5,0.2,roulette,singlepoint,scramble,7,10.549019607843135
0.5,0.2,roulette,singlepoint,scramble,8,11.84313725490196
0.5,0.2,roulette,singlepoint,scramble,9,10.509803921568626
0.5,0.2,roulette,singlepoint,scramble,10,13.254901960784313
0.5,0.2,roulette,singlepoint,swap,1,13.000000000000002
0.5,0.2,roulette,singlepoint,swap,2,11.352941176470587
0.5,0.2,roulette,singlepoint,swap,3,11.137254901960784
0.5,0.2,roulette,singlepoint,swap,4,10.725490196078432
0.5,0.2,roulette,singlepoint,swap,5,11.313725490196077
0.5,0.2,roulette,singlepoint,swap,6,9.76470588235294
0.5,0.2,roulette,singlepoint,swap,7,11.215686274509801
0.5,0.2,roulette,singlepoint,swap,8,10.745098039215685
0.5,0.2,roulette,singlepoint,swap,9,10.352941176470585
0.5,0.2,roulette,singlepoint,swap,10,12.33333333333333
0.5,0.2,roulette,singlepoint,frequency,1,9.294117647058822
0.5,0.2,roulette,singlepoint,frequency,2,10.313725490196079
0.5,0.2,roulette,singlepoint,frequency,3,9.64705882352941
0.5,0.2,roulette,singlepoint,frequency,4,11.0
0.5,0.2,roulette,singlepoint,frequency,5,10.019607843137253
0.5,0.2,roulette,singlepoint,frequency,6,10.215686274509801
0.5,0.2,roulette,singlepoint,frequency,7,10.352941176470587
0.5,0.2,roulette,singlepoint,frequency,8,9.64705882352941
0.5,0.2,roulette,singlepoint,frequency,9,10.058823529411766
0.5,0.2,roulette,singlepoint,frequency,10,9.254901960784313
0.5,0.2,roulette,twopoint,uniform,1,9.72549019607843
0.5,0.2,roulette,twopoint,uniform,2,9.72549019607843
0.5,0.2,roulette,twopoint,uniform,3,10.215686274509803
0.5,0.2,roulette,twopoint,uniform,4,9.705882352941176
0.5,0.2,roulette,twopoint,uniform,5,9.254901960784313
0.5,0.2,roulette,twopoint,uniform,6,10.274509803921568
0.5,0.2,roulette,twopoint,uniform,7,9.705882352941176
0.5,0.2,roulette,twopoint,uniform,8,9.705882352941174
0.5,0.2,roulette,twopoint,uniform,9,10.549019607843137
0.5,0.2,roulette,twopoint,uniform,10,9.784313725490195
0.5,0.2,roulette,twopoint,block,1,11.784313725490199
0.5,0.2,roulette,twopoint,block,2,13.549019607843135
0.5,0.2,roulette,twopoint,block,3,9.784313725490195
0.5,0.2,roulette,twopoint,block,4,10.117647058823529
0.5,0.2,roulette,twopoint,block,5,11.058823529411761
0.5,0.2,roulette,twopoint,block,6,10.882352941176471
0.5,0.2,roulette,twopoint,block,7,11.784313725490197
0.5,0.2,roulette,twopoint,block,8,11.313725490196077
0.5,0.2,roulette,twopoint,block,9,11.294117647058826
0.5,0.2,roulette,twopoint,block,10,12.03921568627451
0.5,0.2,roulette,twopoint,scramble,1,10.431372549019606
0.5,0.2,roulette,twopoint,scramble,2,11.549019607843135
0.5,0.2,roulette,twopoint,scramble,3,10.627450980392156
0.5,0.2,roulette,twopoint,scramble,4,11.470588235294116
0.5,0.2,roulette,twopoint,scramble,5,12.294117647058824
0.5,0.2,roulette,twopoint,scramble,6,11.431372549019606
0.5,0.2,roulette,twopoint,scramble,7,9.666666666666668
0.5,0.2,roulette,twopoint,scramble,8,9.49019607843137
0.5,0.2,roulette,twopoint,scramble,9,11.215686274509807
0.5,0.2,roulette,twopoint,scramble,10,11.80392156862745
0.5,0.2,roulette,twopoint,swap,1,11.764705882352942
0.5,0.2,roulette,twopoint,swap,2,11.666666666666668
0.5,0.2,roulette,twopoint,swap,3,10.49019607843137
0.5,0.2,roulette,twopoint,swap,4,11.92156862745098
0.5,0.2,roulette,twopoint,swap,5,10.03921568627451
0.5,0.2,roulette,twopoint,swap,6,10.823529411764705
0.5,0.2,roulette,twopoint,swap,7,12.862745098039213
0.5,0.2,roulette,twopoint,swap,8,12.176470588235292
0.5,0.2,roulette,twopoint,swap,9,10.627450980392156
0.5,0.2,roulette,twopoint,swap,10,11.372549019607842
0.5,0.2,roulette,twopoint,frequency,1,10.352941176470587
0.5,0.2,roulette,twopoint,frequency,2,9.294117647058824
0.5,0.2,roulette,twopoint,frequency,3,10.392156862745097
0.5,0.2,roulette,twopoint,frequency,4,10.431372549019606
0.5,0.2,roulette,twopoint,frequency,5,10.058823529411764
0.5,0.2,roulette,twopoint,frequency,6,9.294117647058824
0.5,0.2,roulette,twopoint,frequency,7,9.372549019607842
0.5,0.2,roulette,twopoint,frequency,8,9.980392156862747
0.5,0.2,roulette,twopoint,frequency,9,9.92156862745098
0.5,0.2,roulette,twopoint,frequency,10,11.019607843137255
0.5,0.2,tournament,scattered,uniform,1,9.254901960784313
0.5,0.2,tournament,scattered,uniform,2,9.294117647058824
0.5,0.2,tournament,scattered,uniform,3,9.254901960784313
0.5,0.2,tournament,scattered,uniform,4,9.254901960784313
0.5,0.2,tournament,scattered,uniform,5,9.254901960784313
0.5,0.2,tournament,scattered,uniform,6,9.941176470588234
0.5,0.2,tournament,scattered,uniform,7,9.254901960784313
0.5,0.2,tournament,scattered,uniform,8,9.294117647058824
0.5,0.2,tournament,scattered,uniform,9,9.294117647058824
0.5,0.2,tournament,scattered,uniform,10,9.254901960784313
0.5,0.2,tournament,scattered,block,1,9.294117647058822
0.5,0.2,tournament,scattered,block,2,9.254901960784313
0.5,0.2,tournament,scattered,block,3,9.294117647058824
0.5,0.2,tournament,scattered,block,4,10.333333333333332
0.5,0.2,tournament,scattered,block,5,10.117647058823529
0.5,0.2,tournament,scattered,block,6,10.19607843137255
0.5,0.2,tournament,scattered,block,7,9.294117647058824
0.5,0.2,tournament,scattered,block,8,11.019607843137255
0.5,0.2,tournament,scattered,block,9,9.294117647058824
0.5,0.2,tournament,scattered,block,10,9.64705882352941
0.5,0.2,tournament,scattered,scramble,1,9.294117647058822
0.5,0.2,tournament,scattered,scramble,2,9.294117647058822
0.5,0.2,tournament,scattered,scramble,3,9.254901960784313
0.5,0.2,tournament,scattered,scramble,4,9.76470588235294
0.5,0.2,tournament,scattered,scramble,5,9.294117647058822
0.5,0.2,tournament,scattered,scramble,6,9.294117647058822
0.5,0.2,tournament,scattered,scramble,7,9.294117647058822
0.5,0.2,tournament,scattered,scramble,8,9.254901960784313
0.5,0.2,tournament,scattered,scramble,9,9.254901960784313
0.5,0.2,tournament,scattered,scramble,10,9.72549019607843
0.5,0.2,tournament,scattered,swap,1,9.666666666666668
0.5,0.2,tournament,scattered,swap,2,9.254901960784313
0.5,0.2,tournament,scattered,swap,3,9.294117647058824
0.5,0.2,tournament,scattered,swap,4,10.019607843137255
0.5,0.2,tournament,scattered,swap,5,9.294117647058822
0.5,0.2,tournament,scattered,swap,6,9.64705882352941
0.5,0.2,tournament,scattered,swap,7,9.76470588235294
0.5,0.2,tournament,scattered,swap,8,9.372549019607844
0.5,0.2,tournament,scattered,swap,9,9.254901960784313
0.5,0.2,tournament,scattered,swap,10,9.960784313725489
0.5,0.2,tournament,scattered,frequency,1,9.254901960784313
0.5,0.2,tournament,scattered,frequency,2,9.294117647058822
0.5,0.2,tournament,scattered,frequency,3,10.313725490196079
0.5,0.2,tournament,scattered,frequency,4,9.254901960784313
0.5,0.2,tournament,scattered,frequency,5,9.254901960784313
0.5,0.2,tournament,scattered,frequency,6,9.64705882352941
0.5,0.2,tournament,scattered,frequency,7,9.254901960784313
0.5,0.2,tournament,scattered,frequency,8,9.705882352941174
0.5,0.2,tournament,scattered,frequency,9,9.294117647058822
0.5,0.2,tournament,scattered,frequency,10,9.254901960784313
0.5,0.2,tournament,singlepoint,uniform,1,9.294117647058822
0.5,0.2,tournament,singlepoint,uniform,2,10.372549019607845
0.5,0.2,tournament,singlepoint,uniform,3,9.254901960784313
0.5,0.2,tournament,singlepoint,uniform,4,11.137254901960786
0.5,0.2,tournament,singlepoint,uniform,5,10.137254901960786
0.5,0.2,tournament,singlepoint,uniform,6,9.72549019607843
0.5,0.2,tournament,singlepoint,uniform,7,9.294117647058822
0.5,0.2,tournament,singlepoint,uniform,8,9.64705882352941
0.5,0.2,tournament,singlepoint,uniform,9,9.64705882352941
0.5,0.2,tournament,singlepoint,uniform,10,9.294117647058822
0.5,0.2,tournament,singlepoint,block,1,10.058823529411764
0.5,0.2,tournament,singlepoint,block,2,9.294117647058822
0.5,0.2,tournament,singlepoint,block,3,11.03921568627451
0.5,0.2,tournament,singlepoint,block,4,9.980392156862745
0.5,0.2,tournament,singlepoint,block,5,9.666666666666666
0.5,0.2,tournament,singlepoint,block,6,10.627450980392156
0.5,0.2,tournament,singlepoint,block,7,10.882352941176471
0.5,0.2,tournament,singlepoint,block,8,10.215686274509803
0.5,0.2,tournament,singlepoint,block,9,10.588235294117647
0.5,0.2,tournament,singlepoint,block,10,12.431372549019608
0.5,0.2,tournament,singlepoint,scramble,1,9.588235294117647
0.5,0.2,tournament,singlepoint,scramble,2,9.823529411764707
0.5,0.2,tournament,singlepoint,scramble,3,9.294117647058822
0.5,0.2,tournament,singlepoint,scramble,4,9.76470588235294
0.5,0.2,tournament,singlepoint,scramble,5,10.980392156862745
0.5,0.2,tournament,singlepoint,scramble,6,9.588235294117647
0.5,0.2,tournament,singlepoint,scramble,7,9.254901960784313
0.5,0.2,tournament,singlepoint,scramble,8,9.960784313725489
0.5,0.2,tournament,singlepoint,scramble,9,10.117647058823529
0.5,0.2,tournament,singlepoint,scramble,10,9.294117647058822
0.5,0.2,tournament,singlepoint,swap,1,11.117647058823527
0.5,0.2,tournament,singlepoint,swap,2,10.470588235294116
0.5,0.2,tournament,singlepoint,swap,3,9.80392156862745
0.5,0.2,tournament,singlepoint,swap,4,9.88235294117647
0.5,0.2,tournament,singlepoint,swap,5,9.254901960784313
0.5,0.2,tournament,singlepoint,swap,6,9.372549019607844
0.5,0.2,tournament,singlepoint,swap,7,10.56862745098039
0.5,0.2,tournament,singlepoint,swap,8,11.235294117647058
0.5,0.2,tournament,singlepoint,swap,9,10.568627450980392
0.5,0.2,tournament,singlepoint,swap,10,9.254901960784313
0.5,0.2,tournament,singlepoint,frequency,1,9.294117647058824
0.5,0.2,tournament,singlepoint,frequency,2,10.313725490196079
0.5,0.2,tournament,singlepoint,frequency,3,9.64705882352941
0.5,0.2,tournament,singlepoint,frequency,4,9.254901960784313
0.5,0.2,tournament,singlepoint,frequency,5,9.254901960784313
0.5,0.2,tournament,singlepoint,frequency,6,9.980392156862747
0.5,0.2,tournament,singlepoint,frequency,7,9.294117647058824
0.5,0.2,tournament,singlepoint,frequency,8,9.333333333333332
0.5,0.2,tournament,singlepoint,frequency,9,9.980392156862745
0.5,0.2,tournament,singlepoint,frequency,10,9.294117647058822
0.5,0.2,tournament,twopoint,uniform,1,9.254901960784313
0.5,0.2,tournament,twopoint,uniform,2,9.254901960784313
0.5,0.2,tournament,twopoint,uniform,3,9.294117647058824
0.5,0.2,tournament,twopoint,uniform,4,10.27450980392157
0.5,0.2,tournament,twopoint,uniform,5,9.294117647058822
0.5,0.2,tournament,twopoint,uniform,6,10.352941176470587
0.5,0.2,tournament,twopoint,uniform,7,9.254901960784313
0.5,0.2,tournament,twopoint,uniform,8,9.254901960784313
0.5,0.2,tournament,twopoint,uniform,9,9.960784313725489
0.5,0.2,tournament,twopoint,uniform,10,9.372549019607842
0.5,0.2,tournament,twopoint,block,1,9.294117647058824
0.5,0.2,tournament,twopoint,block,2,9.705882352941178
0.5,0.2,tournament,twopoint,block,3,9.254901960784313
0.5,0.2,tournament,twopoint,block,4,9.705882352941174
0.5,0.2,tournament,twopoint,block,5,9.823529411764707
0.5,0.2,tournament,twopoint,block,6,11.03921568627451
0.5,0.2,tournament,twopoint,block,7,9.372549019607844
0.5,0.2,tournament,twopoint,block,8,9.333333333333332
0.5,0.2,tournament,twopoint,block,9,10.058823529411763
0.5,0.2,tournament,twopoint,block,10,9.784313725490199
0.5,0.2,tournament,twopoint,scramble,1,9.941176470588236
0.5,0.2,tournament,twopoint,scramble,2,9.294117647058822
0.5,0.2,tournament,twopoint,scramble,3,9.294117647058822
0.5,0.2,tournament,twopoint,scramble,4,9.76470588235294
0.5,0.2,tournament,twopoint,scramble,5,10.745098039215687
0.5,0.2,tournament,twopoint,scramble,6,9.254901960784313
0.5,0.2,tournament,twopoint,scramble,7,9.254901960784313
0.5,0.2,tournament,twopoint,scramble,8,9.980392156862745
0.5,0.2,tournament,twopoint,scramble,9,9.333333333333332
0.5,0.2,tournament,twopoint,scramble,10,11.823529411764705
0.5,0.2,tournament,twopoint,swap,1,9.333333333333332
0.5,0.2,tournament,twopoint,swap,2,9.705882352941176
0.5,0.2,tournament,twopoint,swap,3,9.980392156862749
0.5,0.2,tournament,twopoint,swap,4,9.76470588235294
0.5,0.2,tournament,twopoint,swap,5,10.450980392156861
0.5,0.2,tournament,twopoint,swap,6,9.64705882352941
0.5,0.2,tournament,twopoint,swap,7,9.980392156862745
0.5,0.2,tournament,twopoint,swap,8,9.294117647058824
0.5,0.2,tournament,twopoint,swap,9,10.627450980392156
0.5,0.2,tournament,twopoint,swap,10,9.254901960784313
0.5,0.2,tournament,twopoint,frequency,1,9.803921568627448
0.5,0.2,tournament,twopoint,frequency,2,9.254901960784313
0.5,0.2,tournament,twopoint,frequency,3,9.254901960784313
0.5,0.2,tournament,twopoint,frequency,4,9.294117647058824
0.5,0.2,tournament,twopoint,frequency,5,9.666666666666666
0.5,0.2,tournament,twopoint,frequency,6,9.254901960784313
0.5,0.2,tournament,twopoint,frequency,7,10.313725490196079
0.5,0.2,tournament,twopoint,frequency,8,9.254901960784313
0.5,0.2,tournament,twopoint,frequency,9,10.313725490196079
0.5,0.2,tournament,twopoint,frequency,10,9.294117647058822
0.6,0.01,stochunif,scattered,uniform,1,10.470588235294118
0.6,0.01,stochunif,scattered,uniform,2,10.313725490196077
0.6,0.01,stochunif,scattered,uniform,3,10.352941176470587
0.6,0.01,stochunif,scattered,uniform,4,10.431372549019606
0.6,0.01,stochunif,scattered,uniform,5,9.705882352941176
0.6,0.01,stochunif,scattered,uniform,6,10.627450980392156
0.6,0.01,stochunif,scattered,uniform,7,9.254901960784313
0.6,0.01,stochunif,scattered,uniform,8,9.509803921568627
0.6,0.01,stochunif,scattered,uniform,9,9.705882352941174
0.6,0.01,stochunif,scattered,uniform,10,9.705882352941174
0.6,0.01,stochunif,scattered,block,1,11.156862745098039
0.6,0.01,stochunif,scattered,block,2,10.882352941176471
0.6,0.01,stochunif,scattered,block,3,10.274509803921568
0.6,0.01,stochunif,scattered,block,4,10.745098039215685
0.6,0.01,stochunif,scattered,block,5,10.509803921568627
0.6,0.01,stochunif,scattered,block,6,11.392156862745098
0.6,0.01,stochunif,scattered,block,7,10.725490196078429
0.6,0.01,stochunif,scattered,block,8,10.764705882352942
0.6,0.01,stochunif,scattered,block,9,9.254901960784313
0.6,0.01,stochunif,scattered,block,10,10.764705882352942
0.6,0.01,stochunif,scattered,scramble,1,10.274509803921566
0.6,0.01,stochunif,scattered,scramble,2,11.549019607843135
0.6,0.01,stochunif,scattered,scramble,3,10.588235294117647
0.6,0.01,stochunif,scattered,scramble,4,11.294117647058824
0.6,0.01,stochunif,scattered,scramble,5,10.117647058823527
0.6,0.01,stochunif,scattered,scramble,6,9.705882352941178
0.6,0.01,stochunif,scattered,scramble,7,9.823529411764705
0.6,0.01,stochunif,scattered,scramble,8,10.68627450980392
0.6,0.01,stochunif,scattered,scramble,9,10.03921568627451
0.6,0.01,stochunif,scattered,scramble,10,11.098039215686276
0.6,0.01,stochunif,scattered,swap,1,11.66666666666667
0.6,0.01,stochunif,scattered,swap,2,11.392156862745097
0.6,0.01,stochunif,scattered,swap,3,9.549019607843135
0.6,0.01,stochunif,scattered,swap,4,9.823529411764705
0.6,0.01,stochunif,scattered,swap,5,9.980392156862749
0.6,0.01,stochunif,scattered,swap,6,10.980392156862747
0.6,0.01,stochunif,scattered,swap,7,9.705882352941174
0.6,0.01,stochunif,scattered,swap,8,10.117647058823529
0.6,0.01,stochunif,scattered,swap,9,9.72549019607843
0.6,0.01,stochunif,scattered,swap,10,10.666666666666666
0.6,0.01,stochunif,scattered,frequency,1,9.64705882352941
0.6,0.01,stochunif,scattered,frequency,2,9.901960784313724
0.6,0.01,stochunif,scattered,frequency,3,11.254901960784313
0.6,0.01,stochunif,scattered,frequency,4,10.411764705882351
0.6,0.01,stochunif,scattered,frequency,5,9.784313725490195
0.6,0.01,stochunif,scattered,frequency,6,9.666666666666668
0.6,0.01,stochunif,scattered,frequency,7,10.92156862745098
0.6,0.01,stochunif,scattered,frequency,8,10.23529411764706
0.6,0.01,stochunif,scattered,frequency,9,9.921568627450979
0.6,0.01,stochunif,scattered,frequency,10,10.058823529411764
0.6,0.01,stochunif,singlepoint,uniform,1,10.862745098039214
0.6,0.01,stochunif,singlepoint,uniform,2,11.117647058823529
0.6,0.01,stochunif,singlepoint,uniform,3,12.901960784313726
0.6,0.01,stochunif,singlepoint,uniform,4,11.882352941176473
0.6,0.01,stochunif,singlepoint,uniform,5,11.117647058823529
0.6,0.01,stochunif,singlepoint,uniform,6,13.411764705882353
0.6,0.01,stochunif,singlepoint,uniform,7,10.019607843137253
0.6,0.01,stochunif,singlepoint,uniform,8,10.784313725490195
0.6,0.01,stochunif,singlepoint,uniform,9,12.490196078431373
0.6,0.01,stochunif,singlepoint,uniform,10,12.764705882352938
0.6,0.01,stochunif,singlepoint,block,1,11.882352941176471
0.6,0.01,stochunif,singlepoint,block,2,11.960784313725487
0.6,0.01,stochunif,singlepoint,block,3,12.254901960784313
0.6,0.01,stochunif,singlepoint,block,4,9.254901960784313
0.6,0.01,stochunif,singlepoint,block,5,10.058823529411766
0.6,0.01,stochunif,singlepoint,block,6,12.058823529411764
0.6,0.01,stochunif,singlepoint,block,7,12.49019607843137
0.6,0.01,stochunif,singlepoint,block,8,11.470588235294118
0.6,0.01,stochunif,singlepoint,block,9,13.215686274509803
0.6,0.01,stochunif,singlepoint,block,10,11.470588235294116
0.6,0.01,stochunif,singlepoint,scramble,1,12.058823529411763
0.6,0.01,stochunif,singlepoint,scramble,2,12.215686274509803
0.6,0.01,stochunif,singlepoint,scramble,3,11.392156862745097
0.6,0.01,stochunif,singlepoint,scramble,4,13.254901960784313
0.6,0.01,stochunif,singlepoint,scramble,5,14.196078431372548
0.6,0.01,stochunif,singlepoint,scramble,6,11.745098039215687
0.6,0.01,stochunif,singlepoint,scramble,7,9.294117647058824
0.6,0.01,stochunif,singlepoint,scramble,8,11.058823529411764
0.6,0.01,stochunif,singlepoint,scramble,9,12.745098039215682
0.6,0.01,stochunif,singlepoint,scramble,10,11.0
0.6,0.01,stochunif,singlepoint,swap,1,11.72549019607843
0.6,0.01,stochunif,singlepoint,swap,2,12.941176470588236
0.6,0.01,stochunif,singlepoint,swap,3,13.098039215686274
0.6,0.01,stochunif,singlepoint,swap,4,11.549019607843137
0.6,0.01,stochunif,singlepoint,swap,5,11.6078431372549
0.6,0.01,stochunif,singlepoint,swap,6,10.470588235294116
0.6,0.01,stochunif,singlepoint,swap,7,11.647058823529413
0.6,0.01,stochunif,singlepoint,swap,8,12.705882352941174
0.6,0.01,stochunif,singlepoint,swap,9,11.352941176470587
0.6,0.01,stochunif,singlepoint,swap,10,13.549019607843135
0.6,0.01,stochunif,singlepoint,frequency,1,11.43137254901961
0.6,0.01,stochunif,singlepoint,frequency,2,13.07843137254902
0.6,0.01,stochunif,singlepoint,frequency,3,10.098039215686272
0.6,0.01,stochunif,singlepoint,frequency,4,12.274509803921566
0.6,0.01,stochunif,singlepoint,frequency,5,12.882352941176473
0.6,0.01,stochunif,singlepoint,frequency,6,10.999999999999998
0.6,0.01,stochunif,singlepoint,frequency,7,11.137254901960782
0.6,0.01,stochunif,singlepoint,frequency,8,12.03921568627451
0.6,0.01,stochunif,singlepoint,frequency,9,12.549019607843135
0.6,0.01,stochunif,singlepoint,frequency,10,12.156862745098039
0.6,0.01,stochunif,twopoint,uniform,1,10.19607843137255
0.6,0.01,stochunif,twopoint,uniform,2,10.529411764705882
0.6,0.01,stochunif,twopoint,uniform,3,9.333333333333332
0.6,0.01,stochunif,twopoint,uniform,4,13.27450980392157
0.6,0.01,stochunif,twopoint,uniform,5,10.588235294117645
0.6,0.01,stochunif,twopoint,uniform,6,10.80392156862745
0.6,0.01,stochunif,twopoint,uniform,7,11.823529411764707
0.6,0.01,stochunif,twopoint,uniform,8,9.92156862745098
0.6,0.01,stochunif,twopoint,uniform,9,10.117647058823527
0.6,0.01,stochunif,twopoint,uniform,10,10.372549019607842
0.6,0.01,stochunif,twopoint,block,1,11.15686274509804
0.6,0.01,stochunif,twopoint,block,2,10.117647058823529
0.6,0.01,stochunif,twopoint,block,3,12.50980392156863
0.6,0.01,stochunif,twopoint,block,4,12.411764705882351
0.6,0.01,stochunif,twopoint,block,5,11.568627450980394
0.6,0.01,stochunif,twopoint,block,6,10.941176470588236
0.6,0.01,stochunif,twopoint,block,7,11.862745098039213
0.6,0.01,stochunif,twopoint,block,8,10.450980392156863
0.6,0.01,stochunif,twopoint,block,9,10.450980392156863
0.6,0.01,stochunif,twopoint,block,10,11.568627450980394
0.6,0.01,stochunif,twopoint,scramble,1,11.999999999999998
0.6,0.01,stochunif,twopoint,scramble,2,10.274509803921568
0.6,0.01,stochunif,twopoint,scramble,3,11.235294117647058
0.6,0.01,stochunif,twopoint,scramble,4,10.450980392156863
0.6,0.01,stochunif,twopoint,scramble,5,10.215686274509801
0.6,0.01,stochunif,twopoint,scramble,6,11.117647058823529
0.6,0.01,stochunif,twopoint,scramble,7,12.17647058823529
0.6,0.01,stochunif,twopoint,scramble,8,10.215686274509801
0.6,0.01,stochunif,twopoint,scramble,9,10.254901960784313
0.6,0.01,stochunif,twopoint,scramble,10,10.372549019607844
0.6,0.01,stochunif,twopoint,swap,1,13.019607843137253
0.6,0.01,stochunif,twopoint,swap,2,13.64705882352941
0.6,0.01,stochunif,twopoint,swap,3,12.137254901960784
0.6,0.01,stochunif,twopoint,swap,4,11.117647058823527
0.6,0.01,stochunif,twopoint,swap,5,10.0
0.6,0.01,stochunif,twopoint,swap,6,9.588235294117647
0.6,0.01,stochunif,twopoint,swap,7,10.117647058823529
0.6,0.01,stochunif,twopoint,swap,8,12.000000000000002
0.6,0.01,stochunif,twopoint,swap,9,12.392156862745095
0.6,0.01,stochunif,twopoint,swap,10,12.33333333333333
0.6,0.01,stochunif,twopoint,frequency,1,11.156862745098039
0.6,0.01,stochunif,twopoint,frequency,2,11.137254901960784
0.6,0.01,stochunif,twopoint,frequency,3,10.823529411764707
0.6,0.01,stochunif,twopoint,frequency,4,10.647058823529411
0.6,0.01,stochunif,twopoint,frequency,5,11.823529411764707
0.6,0.01,stochunif,twopoint,frequency,6,10.176470588235293
0.6,0.01,stochunif,twopoint,frequency,7,10.450980392156863
0.6,0.01,stochunif,twopoint,frequency,8,10.392156862745097
0.6,0.01,stochunif,twopoint,frequency,9,12.176470588235295
0.6,0.01,stochunif,twopoint,frequency,10,11.607843137254902
0.6,0.01,roulette,scattered,uniform,1,9.960784313725489
0.6,0.01,roulette,scattered,uniform,2,10.176470588235292
0.6,0.01,roulette,scattered,uniform,3,11.352941176470587
0.6,0.01,roulette,scattered,uniform,4,9.372549019607842
0.6,0.01,roulette,scattered,uniform,5,10.058823529411764
0.6,0.01,roulette,scattered,uniform,6,10.294117647058824
0.6,0.01,roulette,scattered,uniform,7,10.823529411764707
0.6,0.01,roulette,scattered,uniform,8,11.50980392156863
0.6,0.01,roulette,scattered,uniform,9,9.705882352941174
0.6,0.01,roulette,scattered,uniform,10,10.117647058823527
0.6,0.01,roulette,scattered,block,1,11.176470588235293
0.6,0.01,roulette,scattered,block,2,11.72549019607843
0.6,0.01,roulette,scattered,block,3,11.549019607843135
0.6,0.01,roulette,scattered,block,4,11.137254901960784
0.6,0.01,roulette,scattered,block,5,11.84313725490196
0.6,0.01,roulette,scattered,block,6,11.235294117647058
0.6,0.01,roulette,scattered,block,7,11.03921568627451
0.6,0.01,roulette,scattered,block,8,9.980392156862745
0.6,0.01,roulette,scattered,block,9,9.372549019607842
0.6,0.01,roulette,scattered,block,10,10.470588235294118
0.6,0.01,roulette,scattered,scramble,1,10.882352941176473
0.6,0.01,roulette,scattered,scramble,2,10.117647058823529
0.6,0.01,roulette,scattered,scramble,3,11.137254901960784
0.6,0.01,roulette,scattered,scramble,4,9.509803921568627
0.6,0.01,roulette,scattered,scramble,5,10.627450980392156
0.6,0.01,roulette,scattered,scramble,6,9.254901960784313
0.6,0.01,roulette,scattered,scramble,7,10.19607843137255
0.6,0.01,roulette,scattered,scramble,8,11.725490196078429
0.6,0.01,roulette,scattered,scramble,9,11.450980392156863
0.6,0.01,roulette,scattered,scramble,10,12.137254901960786
0.6,0.01,roulette,scattered,swap,1,10.0
0.6,0.01,roulette,scattered,swap,2,11.039215686274511
0.6,0.01,roulette,scattered,swap,3,10.333333333333332
0.6,0.01,roulette,scattered,swap,4,9.960784313725489
0.6,0.01,roulette,scattered,swap,5,9.372549019607844
0.6,0.01,roulette,scattered,swap,6,10.941176470588234
0.6,0.01,roulette,scattered,swap,7,11.0
0.6,0.01,roulette,scattered,swap,8,10.117647058823529
0.6,0.01,roulette,scattered,swap,9,11.07843137254902
0.6,0.01,roulette,scattered,swap,10,9.901960784313724
0.6,0.01,roulette,scattered,frequency,1,10.588235294117647
0.6,0.01,roulette,scattered,frequency,2,9.64705882352941
0.6,0.01,roulette,scattered,frequency,3,10.843137254901958
0.6,0.01,roulette,scattered,frequency,4,11.07843137254902
0.6,0.01,roulette,scattered,frequency,5,9.294117647058822
0.6,0.01,roulette,scattered,frequency,6,10.705882352941178
0.6,0.01,roulette,scattered,frequency,7,13.156862745098039
0.6,0.01,roulette,scattered,frequency,8,10.882352941176471
0.6,0.01,roulette,scattered,frequency,9,11.254901960784313
0.6,0.01,roulette,scattered,frequency,10,9.64705882352941
0.6,0.01,roulette,singlepoint,uniform,1,10.411764705882353
0.6,0.01,roulette,singlepoint,uniform,2,11.352941176470587
0.6,0.01,roulette,singlepoint,uniform,3,11.352941176470589
0.6,0.01,roulette,singlepoint,uniform,4,10.941176470588236
0.6,0.01,roulette,singlepoint,uniform,5,12.843137254901963
0.6,0.01,roulette,singlepoint,uniform,6,10.882352941176471
0.6,0.01,roulette,singlepoint,uniform,7,12.117647058823527
0.6,0.01,roulette,singlepoint,uniform,8,11.098039215686272
0.6,0.01,roulette,singlepoint,uniform,9,10.72549019607843
0.6,0.01,roulette,singlepoint,uniform,10,10.450980392156863
0.6,0.01,roulette,singlepoint,block,1,13.49019607843137
0.6,0.01,roulette,singlepoint,block,2,12.196078431372548
0.6,0.01,roulette,singlepoint,block,3,13.117647058823529
0.6,0.01,roulette,singlepoint,block,4,11.980392156862745
0.6,0.01,roulette,singlepoint,block,5,13.098039215686276
0.6,0.01,roulette,singlepoint,block,6,12.333333333333334
0.6,0.01,roulette,singlepoint,block,7,12.862745098039213
0.6,0.01,roulette,singlepoint,block,8,12.980392156862745
0.6,0.01,roulette,singlepoint,block,9,11.0
0.6,0.01,roulette,singlepoint,block,10,12.411764705882351
0.6,0.01,roulette,singlepoint,scramble,1,12.705882352941174
0.6,0.01,roulette,singlepoint,scramble,2,12.039215686274511
0.6,0.01,roulette,singlepoint,scramble,3,11.764705882352942
0.6,0.01,roulette,singlepoint,scramble,4,11.0
0.6,0.01,roulette,singlepoint,scramble,5,11.411764705882353
0.6,0.01,roulette,singlepoint,scramble,6,11.784313725490195
0.6,0.01,roulette,singlepoint,scramble,7,10.450980392156863
0.6,0.01,roulette,singlepoint,scramble,8,9.705882352941176
0.6,0.01,roulette,singlepoint,scramble,9,12.588235294117647
0.6,0.01,roulette,singlepoint,scramble,10,12.529411764705882
0.6,0.01,roulette,singlepoint,swap,1,13.666666666666666
0.6,0.01,roulette,singlepoint,swap,2,11.333333333333334
0.6,0.01,roulette,singlepoint,swap,3,12.823529411764705
0.6,0.01,roulette,singlepoint,swap,4,12.823529411764705
0.6,0.01,roulette,singlepoint,swap,5,12.03921568627451
0.6,0.01,roulette,singlepoint,swap,6,11.352941176470589
0.6,0.01,roulette,singlepoint,swap,7,12.235294117647058
0.6,0.01,roulette,singlepoint,swap,8,12.333333333333332
0.6,0.01,roulette,singlepoint,swap,9,12.392156862745097
0.6,0.01,roulette,singlepoint,swap,10,11.039215686274508
0.6,0.01,roulette,singlepoint,frequency,1,11.333333333333332
0.6,0.01,roulette,singlepoint,frequency,2,10.80392156862745
0.6,0.01,roulette,singlepoint,frequency,3,11.450980392156863
0.6,0.01,roulette,singlepoint,frequency,4,12.294117647058822
0.6,0.01,roulette,singlepoint,frequency,5,11.50980392156863
0.6,0.01,roulette,singlepoint,frequency,6,13.333333333333332
0.6,0.01,roulette,singlepoint,frequency,7,14.411764705882353
0.6,0.01,roulette,singlepoint,frequency,8,12.960784313725492
0.6,0.01,roulette,singlepoint,frequency,9,10.88235294117647
0.6,0.01,roulette,singlepoint,frequency,10,12.784313725490195
0.6,0.01,roulette,twopoint,uniform,1,10.509803921568626
0.6,0.01,roulette,twopoint,uniform,2,10.313725490196079
0.6,0.01,roulette,twopoint,uniform,3,12.823529411764707
0.6,0.01,roulette,twopoint,uniform,4,9.254901960784313
0.6,0.01,roulette,twopoint,uniform,5,10.705882352941176
0.6,0.01,roulette,twopoint,uniform,6,9.666666666666668
0.6,0.01,roulette,twopoint,uniform,7,10.07843137254902
0.6,0.01,roulette,twopoint,uniform,8,10.568627450980392
0.6,0.01,roulette,twopoint,uniform,9,10.764705882352942
0.6,0.01,roulette,twopoint,uniform,10,11.50980392156863
0.6,0.01,roulette,twopoint,block,1,14.529411764705879
0.6,0.01,roulette,twopoint,block,2,10.784313725490195
0.6,0.01,roulette,twopoint,block,3,10.960784313725489
0.6,0.01,roulette,twopoint,block,4,9.294117647058824
0.6,0.01,roulette,twopoint,block,5,10.392156862745097
0.6,0.01,roulette,twopoint,block,6,10.999999999999998
0.6,0.01,roulette,twopoint,block,7,11.274509803921568
0.6,0.01,roulette,twopoint,block,8,11.254901960784313
0.6,0.01,roulette,twopoint,block,9,11.627450980392155
0.6,0.01,roulette,twopoint,block,10,12.764705882352942
0.6,0.01,roulette,twopoint,scramble,1,12.588235294117645
0.6,0.01,roulette,twopoint,scramble,2,10.862745098039216
0.6,0.01,roulette,twopoint,scramble,3,11.470588235294118
0.6,0.01,roulette,twopoint,scramble,4,9.588235294117647
0.6,0.01,roulette,twopoint,scramble,5,10.196078431372547
0.6,0.01,roulette,twopoint,scramble,6,10.215686274509803
0.6,0.01,roulette,twopoint,scramble,7,10.392156862745097
0.6,0.01,roulette,twopoint,scramble,8,10.333333333333332
0.6,0.01,roulette,twopoint,scramble,9,12.176470588235293
0.6,0.01,roulette,twopoint,scramble,10,9.294117647058824
0.6,0.01,roulette,twopoint,swap,1,11.52941176470588
0.6,0.01,roulette,twopoint,swap,2,10.196078431372548
0.6,0.01,roulette,twopoint,swap,3,10.313725490196077
0.6,0.01,roulette,twopoint,swap,4,11.176470588235293
0.6,0.01,roulette,twopoint,swap,5,13.098039215686274
0.6,0.01,roulette,twopoint,swap,6,9.294117647058824
0.6,0.01,roulette,twopoint,swap,7,11.35294117647059
0.6,0.01,roulette,twopoint,swap,8,11.137254901960786
0.6,0.01,roulette,twopoint,swap,9,12.333333333333334
0.6,0.01,roulette,twopoint,swap,10,10.627450980392156
0.6,0.01,roulette,twopoint,frequency,1,12.92156862745098
0.6,0.01,roulette,twopoint,frequency,2,10.117647058823529
0.6,0.01,roulette,twopoint,frequency,3,11.490196078431373
0.6,0.01,roulette,twopoint,frequency,4,9.666666666666668
0.6,0.01,roulette,twopoint,frequency,5,10.941176470588237
0.6,0.01,roulette,twopoint,frequency,6,10.529411764705882
0.6,0.01,roulette,twopoint,frequency,7,10.058823529411764
0.6,0.01,roulette,twopoint,frequency,8,10.450980392156863
0.6,0.01,roulette,twopoint,frequency,9,10.235294117647058
0.6,0.01,roulette,twopoint,frequency,10,10.313725490196079
0.6,0.01,tournament,scattered,uniform,1,9.862745098039213
0.6,0.01,tournament,scattered,uniform,2,9.372549019607842
0.6,0.01,tournament,scattered,uniform,3,9.294117647058822
0.6,0.01,tournament,scattered,uniform,4,9.254901960784313
0.6,0.01,tournament,scattered,uniform,5,9.72549019607843
0.6,0.01,tournament,scattered,uniform,6,10.117647058823529
0.6,0.01,tournament,scattered,uniform,7,10.588235294117643
0.6,0.01,tournament,scattered,uniform,8,10.215686274509801
0.6,0.01,tournament,scattered,uniform,9,10.019607843137255
0.6,0.01,tournament,scattered,uniform,10,9.254901960784313
0.6,0.01,tournament,scattered,block,1,9.294117647058824
0.6,0.01,tournament,scattered,block,2,9.64705882352941
0.6,0.01,tournament,scattered,block,3,9.64705882352941
0.6,0.01,tournament,scattered,block,4,9.294117647058822
0.6,0.01,tournament,scattered,block,5,10.058823529411764
0.6,0.01,tournament,scattered,block,6,10.509803921568627
0.6,0.01,tournament,scattered,block,7,10.450980392156863
0.6,0.01,tournament,scattered,block,8,10.019607843137253
0.6,0.01,tournament,scattered,block,9,10.529411764705882
0.6,0.01,tournament,scattered,block,10,9.294117647058822
0.6,0.01,tournament,scattered,scramble,1,9.254901960784313
0.6,0.01,tournament,scattered,scramble,2,9.705882352941174
0.6,0.01,tournament,scattered,scramble,3,9.76470588235294
0.6,0.01,tournament,scattered,scramble,4,10.745098039215685
0.6,0.01,tournament,scattered,scramble,5,9.254901960784313
0.6,0.01,tournament,scattered,scramble,6,11.058823529411766
0.6,0.01,tournament,scattered,scramble,7,9.294117647058822
0.6,0.01,tournament,scattered,scramble,8,9.901960784313724
0.6,0.01,tournament,scattered,scramble,9,11.07843137254902
0.6,0.01,tournament,scattered,scramble,10,9.294117647058824
0.6,0.01,tournament,scattered,swap,1,9.294117647058824
0.6,0.01,tournament,scattered,swap,2,9.294117647058822
0.6,0.01,tournament,scattered,swap,3,9.294117647058824
0.6,0.01,tournament,scattered,swap,4,9.64705882352941
0.6,0.01,tournament,scattered,swap,5,9.823529411764705
0.6,0.01,tournament,scattered,swap,6,9.88235294117647
0.6,0.01,tournament,scattered,swap,7,10.27450980392157
0.6,0.01,tournament,scattered,swap,8,10.313725490196079
0.6,0.01,tournament,scattered,swap,9,9.254901960784313
0.6,0.01,tournament,scattered,swap,10,10.215686274509803
0.6,0.01,tournament,scattered,frequency,1,9.254901960784313
0.6,0.01,tournament,scattered,frequency,2,9.254901960784313
0.6,0.01,tournament,scattered,frequency,3,10.156862745098037
0.6,0.01,tournament,scattered,frequency,4,9.64705882352941
0.6,0.01,tournament,scattered,frequency,5,9.666666666666668
0.6,0.01,tournament,scattered,frequency,6,9.294117647058822
0.6,0.01,tournament,scattered,frequency,7,9.294117647058822
0.6,0.01,tournament,scattered,frequency,8,9.76470588235294
0.6,0.01,tournament,scattered,frequency,9,9.254901960784313
0.6,0.01,tournament,scattered,frequency,10,9.294117647058822
0.6,0.01,tournament,singlepoint,uniform,1,10.823529411764707
0.6,0.01,tournament,singlepoint,uniform,2,9.294117647058824
0.6,0.01,tournament,singlepoint,uniform,3,10.274509803921568
0.6,0.01,tournament,singlepoint,uniform,4,9.96078431372549
0.6,0.01,tournament,singlepoint,uniform,5,11.333333333333334
0.6,0.01,tournament,singlepoint,uniform,6,10.294117647058824
0.6,0.01,tournament,singlepoint,uniform,7,10.705882352941176
0.6,0.01,tournament,singlepoint,uniform,8,11.039215686274511
0.6,0.01,tournament,singlepoint,uniform,9,9.294117647058822
0.6,0.01,tournament,singlepoint,uniform,10,11.117647058823529
0.6,0.01,tournament,singlepoint,block,1,10.450980392156863
0.6,0.01,tournament,singlepoint,block,2,10.823529411764707
0.6,0.01,tournament,singlepoint,block,3,11.137254901960786
0.6,0.01,tournament,singlepoint,block,4,10.882352941176471
0.6,0.01,tournament,singlepoint,block,5,9.254901960784313
0.6,0.01,tournament,singlepoint,block,6,10.117647058823529
0.6,0.01,tournament,singlepoint,block,7,9.294117647058822
0.6,0.01,tournament,singlepoint,block,8,10.07843137254902
0.6,0.01,tournament,singlepoint,block,9,10.999999999999998
0.6,0.01,tournament,singlepoint,block,10,10.882352941176471
0.6,0.01,tournament,singlepoint,scramble,1,10.03921568627451
0.6,0.01,tournament,singlepoint,scramble,2,10.52941176470588
0.6,0.01,tournament,singlepoint,scramble,3,9.294117647058822
0.6,0.01,tournament,singlepoint,scramble,4,10.450980392156863
0.6,0.01,tournament,singlepoint,scramble,5,10.313725490196079
0.6,0.01,tournament,singlepoint,scramble,6,10.72549019607843
0.6,0.01,tournament,singlepoint,scramble,7,9.941176470588236
0.6,0.01,tournament,singlepoint,scramble,8,11.176470588235293
0.6,0.01,tournament,singlepoint,scramble,9,10.392156862745097
0.6,0.01,tournament,singlepoint,scramble,10,10.313725490196076
0.6,0.01,tournament,singlepoint,swap,1,10.15686274509804
0.6,0.01,tournament,singlepoint,swap,2,10.803921568627452
0.6,0.01,tournament,singlepoint,swap,3,9.980392156862745
0.6,0.01,tournament,singlepoint,swap,4,10.235294117647058
0.6,0.01,tournament,singlepoint,swap,5,9.666666666666668
0.6,0.01,tournament,singlepoint,swap,6,10.431372549019608
0.6,0.01,tournament,singlepoint,swap,7,11.294117647058824
0.6,0.01,tournament,singlepoint,swap,8,11.803921568627452
0.6,0.01,tournament,singlepoint,swap,9,11.117647058823529
0.6,0.01,tournament,singlepoint,swap,10,11.529411764705882
0.6,0.01,tournament,singlepoint,frequency,1,9.92156862745098
0.6,0.01,tournament,singlepoint,frequency,2,9.88235294117647
0.6,0.01,tournament,singlepoint,frequency,3,11.03921568627451
0.6,0.01,tournament,singlepoint,frequency,4,9.666666666666666
0.6,0.01,tournament,singlepoint,frequency,5,10.313725490196077
0.6,0.01,tournament,singlepoint,frequency,6,10.84313725490196
0.6,0.01,tournament,singlepoint,frequency,7,10.274509803921566
0.6,0.01,tournament,singlepoint,frequency,8,9.294117647058824
0.6,0.01,tournament,singlepoint,frequency,9,10.274509803921568
0.6,0.01,tournament,singlepoint,frequency,10,9.254901960784313
0.6,0.01,tournament,twopoint,uniform,1,9.294117647058824
0.6,0.01,tournament,twopoint,uniform,2,9.294117647058822
0.6,0.01,tournament,twopoint,uniform,3,10.313725490196079
0.6,0.01,tournament,twopoint,uniform,4,10.549019607843135
0.6,0.01,tournament,twopoint,uniform,5,10.058823529411764
0.6,0.01,tournament,twopoint,uniform,6,9.666666666666666
0.6,0.01,tournament,twopoint,uniform,7,9.705882352941176
0.6,0.01,tournament,twopoint,uniform,8,9.705882352941174
0.6,0.01,tournament,twopoint,uniform,9,9.294117647058822
0.6,0.01,tournament,twopoint,uniform,10,9.509803921568627
0.6,0.01,tournament,twopoint,block,1,12.0
0.6,0.01,tournament,twopoint,block,2,9.960784313725489
0.6,0.01,tournament,twopoint,block,3,10.058823529411763
0.6,0.01,tournament,twopoint,block,4,10.784313725490195
0.6,0.01,tournament,twopoint,block,5,9.862745098039213
0.6,0.01,tournament,twopoint,block,6,10.49019607843137
0.6,0.01,tournament,twopoint,block,7,11.254901960784313
0.6,0.01,tournament,twopoint,block,8,9.254901960784313
0.6,0.01,tournament,twopoint,block,9,10.019607843137253
0.6,0.01,tournament,twopoint,block,10,10.823529411764705
0.6,0.01,tournament,twopoint,scramble,1,12.372549019607844
0.6,0.01,tournament,twopoint,scramble,2,10.215686274509801
0.6,0.01,tournament,twopoint,scramble,3,11.549019607843135
0.6,0.01,tournament,twopoint,scramble,4,9.254901960784313
0.6,0.01,tournament,twopoint,scramble,5,9.294117647058824
0.6,0.01,tournament,twopoint,scramble,6,9.64705882352941
0.6,0.01,tournament,twopoint,scramble,7,9.862745098039214
0.6,0.01,tournament,twopoint,scramble,8,11.52941176470588
0.6,0.01,tournament,twopoint,scramble,9,10.058823529411766
0.6,0.01,tournament,twopoint,scramble,10,9.64705882352941
0.6,0.01,tournament,twopoint,swap,1,9.372549019607844
0.6,0.01,tournament,twopoint,swap,2,10.627450980392158
0.6,0.01,tournament,twopoint,swap,3,10.019607843137253
0.6,0.01,tournament,twopoint,swap,4,9.823529411764705
0.6,0.01,tournament,twopoint,swap,5,10.68627450980392
0.6,0.01,tournament,twopoint,swap,6,11.372549019607844
0.6,0.01,tournament,twopoint,swap,7,10.352941176470587
0.6,0.01,tournament,twopoint,swap,8,11.568627450980392
0.6,0.01,tournament,twopoint,swap,9,9.49019607843137
0.6,0.01,tournament,twopoint,swap,10,10.529411764705884
0.6,0.01,tournament,twopoint,frequency,1,9.254901960784313
0.6,0.01,tournament,twopoint,frequency,2,9.862745098039213
0.6,0.01,tournament,twopoint,frequency,3,10.176470588235292
0.6,0.01,tournament,twopoint,frequency,4,9.254901960784313
0.6,0.01,tournament,twopoint,frequency,5,9.294117647058824
0.6,0.01,tournament,twopoint,frequency,6,9.294117647058822
0.6,0.01,tournament,twopoint,frequency,7,9.509803921568627
0.6,0.01,tournament,twopoint,frequency,8,9.254901960784313
0.6,0.01,tournament,twopoint,frequency,9,10.294117647058824
0.6,0.01,tournament,twopoint,frequency,10,10.705882352941174
0.6,0.02,stochunif,scattered,uniform,1,9.705882352941176
0.6,0.02,stochunif,scattered,uniform,2,10.862745098039216
0.6,0.02,stochunif,scattered,uniform,3,9.64705882352941
0.6,0.02,stochunif,scattered,uniform,4,9.254901960784313
0.6,0.02,stochunif,scattered,uniform,5,10.529411764705884
0.6,0.02,stochunif,scattered,uniform,6,10.588235294117647
0.6,0.02,stochunif,scattered,uniform,7,10.450980392156863
0.6,0.02,stochunif,scattered,uniform,8,9.666666666666666
0.6,0.02,stochunif,scattered,uniform,9,11.254901960784315
0.6,0.02,stochunif,scattered,uniform,10,9.372549019607844
0.6,0.02,stochunif,scattered,block,1,10.019607843137253
0.6,0.02,stochunif,scattered,block,2,11.588235294117645
0.6,0.02,stochunif,scattered,block,3,11.27450980392157
0.6,0.02,stochunif,scattered,block,4,11.117647058823529
0.6,0.02,stochunif,scattered,block,5,12.47058823529412
0.6,0.02,stochunif,scattered,block,6,11.156862745098039
0.6,0.02,stochunif,scattered,block,7,10.019607843137253
0.6,0.02,stochunif,scattered,block,8,10.64705882352941
0.6,0.02,stochunif,scattered,block,9,10.352941176470589
0.6,0.02,stochunif,scattered,block,10,11.137254901960784
0.6,0.02,stochunif,scattered,scramble,1,11.68627450980392
0.6,0.02,stochunif,scattered,scramble,2,11.411764705882353
0.6,0.02,stochunif,scattered,scramble,3,10.274509803921566
0.6,0.02,stochunif,scattered,scramble,4,9.980392156862747
0.6,0.02,stochunif,scattered,scramble,5,10.215686274509801
0.6,0.02,stochunif,scattered,scramble,6,10.862745098039216
0.6,0.02,stochunif,scattered,scramble,7,12.509803921568627
0.6,0.02,stochunif,scattered,scramble,8,9.784313725490195
0.6,0.02,stochunif,scattered,scramble,9,10.176470588235293
0.6,0.02,stochunif,scattered,scramble,10,10.058823529411763
0.6,0.02,stochunif,scattered,swap,1,9.372549019607844
0.6,0.02,stochunif,scattered,swap,2,11.607843137254902
0.6,0.02,stochunif,scattered,swap,3,10.607843137254903
0.6,0.02,stochunif,scattered,swap,4,11.098039215686272
0.6,0.02,stochunif,scattered,swap,5,13.490196078431374
0.6,0.02,stochunif,scattered,swap,6,10.058823529411764
0.6,0.02,stochunif,scattered,swap,7,10.19607843137255
0.6,0.02,stochunif,scattered,swap,8,9.705882352941176
0.6,0.02,stochunif,scattered,swap,9,9.666666666666666
0.6,0.02,stochunif,scattered,swap,10,9.705882352941176
0.6,0.02,stochunif,scattered,frequency,1,11.901960784313726
0.6,0.02,stochunif,scattered,frequency,2,9.254901960784313
0.6,0.02,stochunif,scattered,frequency,3,10.313725490196077
0.6,0.02,stochunif,scattered,frequency,4,9.333333333333332
0.6,0.02,stochunif,scattered,frequency,5,9.705882352941176
0.6,0.02,stochunif,scattered,frequency,6,9.294117647058822
0.6,0.02,stochunif,scattered,frequency,7,9.705882352941174
0.6,0.02,stochunif,scattered,frequency,8,10.666666666666668
0.6,0.02,stochunif,scattered,frequency,9,9.64705882352941
0.6,0.02,stochunif,scattered,frequency,10,10.37254901960784
0.6,0.02,stochunif,singlepoint,uniform,1,11.745098039215685
0.6,0.02,stochunif,singlepoint,uniform,2,10.215686274509803
0.6,0.02,stochunif,singlepoint,uniform,3,10.647058823529411
0.6,0.02,stochunif,singlepoint,uniform,4,11.333333333333332
0.6,0.02,stochunif,singlepoint,uniform,5,11.411764705882353
0.6,0.02,stochunif,singlepoint,uniform,6,11.470588235294116
0.6,0.02,stochunif,singlepoint,uniform,7,11.784313725490195
0.6,0.02,stochunif,singlepoint,uniform,8,9.372549019607842
0.6,0.02,stochunif,singlepoint,uniform,9,10.431372549019606
0.6,0.02,stochunif,singlepoint,uniform,10,12.254901960784315
0.6,0.02,stochunif,singlepoint,block,1,12.941176470588236
0.6,0.02,stochunif,singlepoint,block,2,12.96078431372549
0.6,0.02,stochunif,singlepoint,block,3,12.313725490196077
0.6,0.02,stochunif,singlepoint,block,4,11.156862745098037
0.6,0.02,stochunif,singlepoint,block,5,11.117647058823529
0.6,0.02,stochunif,singlepoint,block,6,11.058823529411763
0.6,0.02,stochunif,singlepoint,block,7,11.50980392156863
0.6,0.02,stochunif,singlepoint,block,8,11.72549019607843
0.6,0.02,stochunif,singlepoint,block,9,12.196078431372545
0.6,0.02,stochunif,singlepoint,block,10,11.607843137254902
0.6,0.02,stochunif,singlepoint,scramble,1,12.999999999999998
0.6,0.02,stochunif,singlepoint,scramble,2,10.333333333333332
0.6,0.02,stochunif,singlepoint,scramble,3,11.078431372549018
0.6,0.02,stochunif,singlepoint,scramble,4,10.588235294117645
0.6,0.02,stochunif,singlepoint,scramble,5,10.549019607843137
0.6,0.02,stochunif,singlepoint,scramble,6,9.705882352941178
0.6,0.02,stochunif,singlepoint,scramble,7,12.568627450980392
0.6,0.02,stochunif,singlepoint,scramble,8,11.254901960784315
0.6,0.02,stochunif,singlepoint,scramble,9,12.92156862745098
0.6,0.02,stochunif,singlepoint,scramble,10,12.84313725490196
0.6,0.02,stochunif,singlepoint,swap,1,13.117647058823529
0.6,0.02,stochunif,singlepoint,swap,2,11.882352941176471
0.6,0.02,stochunif,singlepoint,swap,3,13.039215686274511
0.6,0.02,stochunif,singlepoint,swap,4,12.941176470588237
0.6,0.02,stochunif,singlepoint,swap,5,11.254901960784313
0.6,0.02,stochunif,singlepoint,swap,6,15.058823529411764
0.6,0.02,stochunif,singlepoint,swap,7,13.07843137254902
0.6,0.02,stochunif,singlepoint,swap,8,13.098039215686274
0.6,0.02,stochunif,singlepoint,swap,9,13.450980392156863
0.6,0.02,stochunif,singlepoint,swap,10,11.901960784313724
0.6,0.02,stochunif,singlepoint,frequency,1,9.784313725490197
0.6,0.02,stochunif,singlepoint,frequency,2,11.137254901960784
0.6,0.02,stochunif,singlepoint,frequency,3,9.823529411764705
0.6,0.02,stochunif,singlepoint,frequency,4,11.15686274509804
0.6,0.02,stochunif,singlepoint,frequency,5,11.568627450980392
0.6,0.02,stochunif,singlepoint,frequency,6,9.686274509803921
0.6,0.02,stochunif,singlepoint,frequency,7,11.549019607843135
0.6,0.02,stochunif,singlepoint,frequency,8,10.431372549019605
0.6,0.02,stochunif,singlepoint,frequency,9,10.784313725490193
0.6,0.02,stochunif,singlepoint,frequency,10,11.392156862745097
0.6,0.02,stochunif,twopoint,uniform,1,10.627450980392156
0.6,0.02,stochunif,twopoint,uniform,2,10.156862745098037
0.6,0.02,stochunif,twopoint,uniform,3,9.823529411764705
0.6,0.02,stochunif,twopoint,uniform,4,10.196078431372552
0.6,0.02,stochunif,twopoint,uniform,5,9.294117647058822
0.6,0.02,stochunif,twopoint,uniform,6,12.156862745098039
0.6,0.02,stochunif,twopoint,uniform,7,12.784313725490197
0.6,0.02,stochunif,twopoint,uniform,8,9.333333333333332
0.6,0.02,stochunif,twopoint,uniform,9,10.627450980392156
0.6,0.02,stochunif,twopoint,uniform,10,11.627450980392158
0.6,0.02,stochunif,twopoint,block,1,13.862745098039214
0.6,0.02,stochunif,twopoint,block,2,11.705882352941178
0.6,0.02,stochunif,twopoint,block,3,10.999999999999998
0.6,0.02,stochunif,twopoint,block,4,10.725490196078432
0.6,0.02,stochunif,twopoint,block,5,12.352941176470589
0.6,0.02,stochunif,twopoint,block,6,10.549019607843139
0.6,0.02,stochunif,twopoint,block,7,11.019607843137253
0.6,0.02,stochunif,twopoint,block,8,10.431372549019606
0.6,0.02,stochunif,twopoint,block,9,10.450980392156863
0.6,0.02,stochunif,twopoint,block,10,11.196078431372548
0.6,0.02,stochunif,twopoint,scramble,1,10.72549019607843
0.6,0.02,stochunif,twopoint,scramble,2,10.725490196078432
0.6,0.02,stochunif,twopoint,scramble,3,11.333333333333332
0.6,0.02,stochunif,twopoint,scramble,4,11.117647058823529
0.6,0.02,stochunif,twopoint,scramble,5,11.098039215686272
0.6,0.02,stochunif,twopoint,scramble,6,10.019607843137253
0.6,0.02,stochunif,twopoint,scramble,7,11.647058823529411
0.6,0.02,stochunif,twopoint,scramble,8,12.235294117647058
0.6,0.02,stochunif,twopoint,scramble,9,9.960784313725489
0.6,0.02,stochunif,twopoint,scramble,10,11.274509803921568
0.6,0.02,stochunif,twopoint,swap,1,10.999999999999998
0.6,0.02,stochunif,twopoint,swap,2,12.6078431372549
0.6,0.02,stochunif,twopoint,swap,3,10.764705882352942
0.6,0.02,stochunif,twopoint,swap,4,10.098039215686272
0.6,0.02,stochunif,twopoint,swap,5,11.72549019607843
0.6,0.02,stochunif,twopoint,swap,6,9.901960784313724
0.6,0.02,stochunif,twopoint,swap,7,10.784313725490195
0.6,0.02,stochunif,twopoint,swap,8,9.705882352941176
0.6,0.02,stochunif,twopoint,swap,9,9.784313725490197
0.6,0.02,stochunif,twopoint,swap,10,12.117647058823525
0.6,0.02,stochunif,twopoint,frequency,1,9.294117647058824
0.6,0.02,stochunif,twopoint,frequency,2,10.274509803921568
0.6,0.02,stochunif,twopoint,frequency,3,9.686274509803921
0.6,0.02,stochunif,twopoint,frequency,4,10.725490196078432
0.6,0.02,stochunif,twopoint,frequency,5,10.607843137254902
0.6,0.02,stochunif,twopoint,frequency,6,10.450980392156863
0.6,0.02,stochunif,twopoint,frequency,7,11.431372549019608
0.6,0.02,stochunif,twopoint,frequency,8,10.254901960784313
0.6,0.02,stochunif,twopoint,frequency,9,9.64705882352941
0.6,0.02,stochunif,twopoint,frequency,10,10.058823529411763
0.6,0.02,roulette,scattered,uniform,1,9.294117647058824
0.6,0.02,roulette,scattered,uniform,2,10.333333333333332
0.6,0.02,roulette,scattered,uniform,3,11.07843137254902
0.6,0.02,roulette,scattered,uniform,4,11.56862745098039
0.6,0.02,roulette,scattered,uniform,5,9.705882352941174
0.6,0.02,roulette,scattered,uniform,6,10.607843137254903
0.6,0.02,roulette,scattered,uniform,7,9.686274509803921
0.6,0.02,roulette,scattered,uniform,8,9.372549019607844
0.6,0.02,roulette,scattered,uniform,9,9.666666666666668
0.6,0.02,roulette,scattered,uniform,10,9.666666666666668
0.6,0.02,roulette,scattered,block,1,10.235294117647058
0.6,0.02,roulette,scattered,block,2,12.07843137254902
0.6,0.02,roulette,scattered,block,3,11.49019607843137
0.6,0.02,roulette,scattered,block,4,10.705882352941176
0.6,0.02,roulette,scattered,block,5,10.84313725490196
0.6,0.02,roulette,scattered,block,6,11.313725490196077
0.6,0.02,roulette,scattered,block,7,12.411764705882351
0.6,0.02,roulette,scattered,block,8,9.52941176470588
0.6,0.02,roulette,scattered,block,9,11.03921568627451
0.6,0.02,roulette,scattered,block,10,11.80392156862745
0.6,0.02,roulette,scattered,scramble,1,11.72549019607843
0.6,0.02,roulette,scattered,scramble,2,10.235294117647058
0.6,0.02,roulette,scattered,scramble,3,9.960784313725489
0.6,0.02,roulette,scattered,scramble,4,11.450980392156865
0.6,0.02,roulette,scattered,scramble,5,10.84313725490196
0.6,0.02,roulette,scattered,scramble,6,10.117647058823529
0.6,0.02,roulette,scattered,scramble,7,11.862745098039214
0.6,0.02,roulette,scattered,scramble,8,11.274509803921568
0.6,0.02,roulette,scattered,scramble,9,10.686274509803921
0.6,0.02,roulette,scattered,scramble,10,11.705882352941174
0.6,0.02,roulette,scattered,swap,1,10.666666666666666
0.6,0.02,roulette,scattered,swap,2,10.274509803921566
0.6,0.02,roulette,scattered,swap,3,11.176470588235293
0.6,0.02,roulette,scattered,swap,4,9.92156862745098
0.6,0.02,roulette,scattered,swap,5,9.666666666666668
0.6,0.02,roulette,scattered,swap,6,10.72549019607843
0.6,0.02,roulette,scattered,swap,7,11.196078431372548
0.6,0.02,roulette,scattered,swap,8,9.294117647058822
0.6,0.02,roulette,scattered,swap,9,9.549019607843135
0.6,0.02,roulette,scattered,swap,10,10.235294117647058
0.6,0.02,roulette,scattered,frequency,1,10.745098039215685
0.6,0.02,roulette,scattered,frequency,2,9.803921568627448
0.6,0.02,roulette,scattered,frequency,3,10.03921568627451
0.6,0.02,roulette,scattered,frequency,4,10.392156862745097
0.6,0.02,roulette,scattered,frequency,5,11.098039215686276
0.6,0.02,roulette,scattered,frequency,6,10.941176470588236
0.6,0.02,roulette,scattered,frequency,7,10.764705882352942
0.6,0.02,roulette,scattered,frequency,8,10.313725490196079
0.6,0.02,roulette,scattered,frequency,9,9.705882352941176
0.6,0.02,roulette,scattered,frequency,10,9.980392156862747
0.6,0.02,roulette,singlepoint,uniform,1,10.862745098039216
0.6,0.02,roulette,singlepoint,uniform,2,10.627450980392156
0.6,0.02,roulette,singlepoint,uniform,3,13.43137254901961
0.6,0.02,roulette,singlepoint,uniform,4,11.999999999999998
0.6,0.02,roulette,singlepoint,uniform,5,13.196078431372548
0.6,0.02,roulette,singlepoint,uniform,6,10.84313725490196
0.6,0.02,roulette,singlepoint,uniform,7,11.882352941176471
0.6,0.02,roulette,singlepoint,uniform,8,10.196078431372548
0.6,0.02,roulette,singlepoint,uniform,9,9.92156862745098
0.6,0.02,roulette,singlepoint,uniform,10,11.0
0.6,0.02,roulette,singlepoint,block,1,11.84313725490196
0.6,0.02,roulette,singlepoint,block,2,11.372549019607842
0.6,0.02,roulette,singlepoint,block,3,12.862745098039216
0.6,0.02,roulette,singlepoint,block,4,13.529411764705882
0.6,0.02,roulette,singlepoint,block,5,14.215686274509805
0.6,0.02,roulette,singlepoint,block,6,12.019607843137253
0.6,0.02,roulette,singlepoint,block,7,13.431372549019608
0.6,0.02,roulette,singlepoint,block,8,12.980392156862745
0.6,0.02,roulette,singlepoint,block,9,12.568627450980392
0.6,0.02,roulette,singlepoint,block,10,13.647058823529411
0.6,0.02,roulette,singlepoint,scramble,1,12.058823529411766
0.6,0.02,roulette,singlepoint,scramble,2,11.882352941176471
0.6,0.02,roulette,singlepoint,scramble,3,11.313725490196076
0.6,0.02,roulette,singlepoint,scramble,4,11.294117647058824
0.6,0.02,roulette,singlepoint,scramble,5,10.80392156862745
0.6,0.02,roulette,singlepoint,scramble,6,10.117647058823529
0.6,0.02,roulette,singlepoint,scramble,7,11.019607843137253
0.6,0.02,roulette,singlepoint,scramble,8,12.529411764705884
0.6,0.02,roulette,singlepoint,scramble,9,11.84313725490196
0.6,0.02,roulette,singlepoint,scramble,10,12.686274509803921
0.6,0.02,roulette,singlepoint,swap,1,11.745098039215685
0.6,0.02,roulette,singlepoint,swap,2,11.84313725490196
0.6,0.02,roulette,singlepoint,swap,3,13.941176470588237
0.6,0.02,roulette,singlepoint,swap,4,13.862745098039216
0.6,0.02,roulette,singlepoint,swap,5,11.686274509803921
0.6,0.02,roulette,singlepoint,swap,6,10.392156862745097
0.6,0.02,roulette,singlepoint,swap,7,13.529411764705882
0.6,0.02,roulette,singlepoint,swap,8,12.392156862745097
0.6,0.02,roulette,singlepoint,swap,9,13.254901960784311
0.6,0.02,roulette,singlepoint,swap,10,11.686274509803921
0.6,0.02,roulette,singlepoint,frequency,1,10.607843137254902
0.6,0.02,roulette,singlepoint,frequency,2,9.254901960784313
0.6,0.02,roulette,singlepoint,frequency,3,12.431372549019606
0.6,0.02,roulette,singlepoint,frequency,4,12.588235294117647
0.6,0.02,roulette,singlepoint,frequency,5,10.313725490196079
0.6,0.02,roulette,singlepoint,frequency,6,10.705882352941176
0.6,0.02,roulette,singlepoint,frequency,7,10.313725490196077
0.6,0.02,roulette,singlepoint,frequency,8,10.549019607843135
0.6,0.02,roulette,singlepoint,frequency,9,11.823529411764707
0.6,0.02,roulette,singlepoint,frequency,10,11.941176470588236
0.6,0.02,roulette,twopoint,uniform,1,10.196078431372548
0.6,0.02,roulette,twopoint,uniform,2,11.333333333333332
0.6,0.02,roulette,twopoint,uniform,3,9.666666666666668
0.6,0.02,roulette,twopoint,uniform,4,9.921568627450979
0.6,0.02,roulette,twopoint,uniform,5,10.215686274509803
0.6,0.02,roulette,twopoint,uniform,6,9.705882352941174
0.6,0.02,roulette,twopoint,uniform,7,10.627450980392155
0.6,0.02,roulette,twopoint,uniform,8,10.470588235294118
0.6,0.02,roulette,twopoint,uniform,9,9.88235294117647
0.6,0.02,roulette,twopoint,uniform,10,9.862745098039214
0.6,0.02,roulette,twopoint,block,1,11.352941176470587
0.6,0.02,roulette,twopoint,block,2,11.568627450980394
0.6,0.02,roulette,twopoint,block,3,10.745098039215685
0.6,0.02,roulette,twopoint,block,4,11.588235294117645
0.6,0.02,roulette,twopoint,block,5,11.431372549019606
0.6,0.02,roulette,twopoint,block,6,10.470588235294118
0.6,0.02,roulette,twopoint,block,7,11.745098039215684
0.6,0.02,roulette,twopoint,block,8,12.843137254901961
0.6,0.02,roulette,twopoint,block,9,10.470588235294118
0.6,0.02,roulette,twopoint,block,10,9.49019607843137
0.6,0.02,roulette,twopoint,scramble,1,11.019607843137255
0.6,0.02,roulette,twopoint,scramble,2,11.72549019607843
0.6,0.02,roulette,twopoint,scramble,3,10.411764705882351
0.6,0.02,roulette,twopoint,scramble,4,11.80392156862745
0.6,0.02,roulette,twopoint,scramble,5,12.686274509803921
0.6,0.02,roulette,twopoint,scramble,6,10.52941176470588
0.6,0.02,roulette,twopoint,scramble,7,11.745098039215684
0.6,0.02,roulette,twopoint,scramble,8,12.960784313725489
0.6,0.02,roulette,twopoint,scramble,9,10.0
0.6,0.02,roulette,twopoint,scramble,10,10.450980392156861
0.6,0.02,roulette,twopoint,swap,1,11.803921568627448
0.6,0.02,roulette,twopoint,swap,2,11.64705882352941
0.6,0.02,roulette,twopoint,swap,3,12.03921568627451
0.6,0.02,roulette,twopoint,swap,4,11.68627450980392
0.6,0.02,roulette,twopoint,swap,5,10.0
0.6,0.02,roulette,twopoint,swap,6,12.196078431372548
0.6,0.02,roulette,twopoint,swap,7,10.549019607843135
0.6,0.02,roulette,twopoint,swap,8,10.235294117647058
0.6,0.02,roulette,twopoint,swap,9,10.333333333333332
0.6,0.02,roulette,twopoint,swap,10,10.0
0.6,0.02,roulette,twopoint,frequency,1,10.117647058823529
0.6,0.02,roulette,twopoint,frequency,2,10.372549019607842
0.6,0.02,roulette,twopoint,frequency,3,10.27450980392157
0.6,0.02,roulette,twopoint,frequency,4,10.392156862745097
0.6,0.02,roulette,twopoint,frequency,5,9.72549019607843
0.6,0.02,roulette,twopoint,frequency,6,10.215686274509803
0.6,0.02,roulette,twopoint,frequency,7,9.72549019607843
0.6,0.02,roulette,twopoint,frequency,8,10.058823529411764
0.6,0.02,roulette,twopoint,frequency,9,12.274509803921566
0.6,0.02,roulette,twopoint,frequency,10,9.823529411764705
0.6,0.02,tournament,scattered,uniform,1,9.254901960784313
0.6,0.02,tournament,scattered,uniform,2,9.941176470588236
0.6,0.02,tournament,scattered,uniform,3,9.294117647058822
0.6,0.02,tournament,scattered,uniform,4,11.294117647058824
0.6,0.02,tournament,scattered,uniform,5,10.313725490196079
0.6,0.02,tournament,scattered,uniform,6,9.64705882352941
0.6,0.02,tournament,scattered,uniform,7,9.686274509803921
0.6,0.02,tournament,scattered,uniform,8,9.294117647058822
0.6,0.02,tournament,scattered,uniform,9,9.254901960784313
0.6,0.02,tournament,scattered,uniform,10,10.019607843137253
0.6,0.02,tournament,scattered,block,1,9.941176470588234
0.6,0.02,tournament,scattered,block,2,9.509803921568627
0.6,0.02,tournament,scattered,block,3,9.254901960784313
0.6,0.02,tournament,scattered,block,4,9.294117647058824
0.6,0.02,tournament,scattered,block,5,9.294117647058824
0.6,0.02,tournament,scattered,block,6,10.745098039215685
0.6,0.02,tournament,scattered,block,7,9.254901960784313
0.6,0.02,tournament,scattered,block,8,9.254901960784313
0.6,0.02,tournament,scattered,block,9,10.450980392156863
0.6,0.02,tournament,scattered,block,10,9.980392156862749
0.6,0.02,tournament,scattered,scramble,1,9.372549019607844
0.6,0.02,tournament,scattered,scramble,2,11.058823529411766
0.6,0.02,tournament,scattered,scramble,3,10.058823529411763
0.6,0.02,tournament,scattered,scramble,4,9.64705882352941
0.6,0.02,tournament,scattered,scramble,5,9.294117647058822
0.6,0.02,tournament,scattered,scramble,6,9.64705882352941
0.6,0.02,tournament,scattered,scramble,7,9.254901960784313
0.6,0.02,tournament,scattered,scramble,8,9.64705882352941
0.6,0.02,tournament,scattered,scramble,9,9.686274509803921
0.6,0.02,tournament,scattered,scramble,10,9.254901960784313
0.6,0.02,tournament,scattered,swap,1,9.254901960784313
0.6,0.02,tournament,scattered,swap,2,9.294117647058824
0.6,0.02,tournament,scattered,swap,3,9.294117647058822
0.6,0.02,tournament,scattered,swap,4,9.294117647058824
0.6,0.02,tournament,scattered,swap,5,11.333333333333332
0.6,0.02,tournament,scattered,swap,6,9.294117647058824
0.6,0.02,tournament,scattered,swap,7,9.686274509803921
0.6,0.02,tournament,scattered,swap,8,9.901960784313724
0.6,0.02,tournament,scattered,swap,9,9.294117647058824
0.6,0.02,tournament,scattered,swap,10,9.705882352941178
0.6,0.02,tournament,scattered,frequency,1,9.294117647058824
0.6,0.02,tournament,scattered,frequency,2,9.980392156862747
0.6,0.02,tournament,scattered,frequency,3,9.254901960784313
0.6,0.02,tournament,scattered,frequency,4,9.784313725490195
0.6,0.02,tournament,scattered,frequency,5,9.254901960784313
0.6,0.02,tournament,scattered,frequency,6,9.254901960784313
0.6,0.02,tournament,scattered,frequency,7,10.33333333333333
0.6,0.02,tournament,scattered,frequency,8,9.333333333333332
0.6,0.02,tournament,scattered,frequency,9,10.215686274509801
0.6,0.02,tournament,scattered,frequency,10,9.254901960784313
0.6,0.02,tournament,singlepoint,uniform,1,10.058823529411764
0.6,0.02,tournament,singlepoint,uniform,2,10.470588235294116
0.6,0.02,tournament,singlepoint,uniform,3,9.784313725490195
0.6,0.02,tournament,singlepoint,uniform,4,9.64705882352941
0.6,0.02,tournament,singlepoint,uniform,5,9.64705882352941
0.6,0.02,tournament,singlepoint,uniform,6,10.352941176470589
0.6,0.02,tournament,singlepoint,uniform,7,10.529411764705884
0.6,0.02,tournament,singlepoint,uniform,8,10.588235294117647
0.6,0.02,tournament,singlepoint,uniform,9,10.274509803921568
0.6,0.02,tournament,singlepoint,uniform,10,10.352941176470587
0.6,0.02,tournament,singlepoint,block,1,10.862745098039213
0.6,0.02,tournament,singlepoint,block,2,10.07843137254902
0.6,0.02,tournament,singlepoint,block,3,11.254901960784313
0.6,0.02,tournament,singlepoint,block,4,11.058823529411766
0.6,0.02,tournament,singlepoint,block,5,10.56862745098039
0.6,0.02,tournament,singlepoint,block,6,11.137254901960784
0.6,0.02,tournament,singlepoint,block,7,10.352941176470587
0.6,0.02,tournament,singlepoint,block,8,11.450980392156863
0.6,0.02,tournament,singlepoint,block,9,10.450980392156863
0.6,0.02,tournament,singlepoint,block,10,11.84313725490196
0.6,0.02,tournament,singlepoint,scramble,1,10.117647058823529
0.6,0.02,tournament,singlepoint,scramble,2,10.862745098039216
0.6,0.02,tournament,singlepoint,scramble,3,10.313725490196077
0.6,0.02,tournament,singlepoint,scramble,4,10.627450980392156
0.6,0.02,tournament,singlepoint,scramble,5,11.588235294117645
0.6,0.02,tournament,singlepoint,scramble,6,10.529411764705882
0.6,0.02,tournament,singlepoint,scramble,7,10.686274509803921
0.6,0.02,tournament,singlepoint,scramble,8,12.235294117647058
0.6,0.02,tournament,singlepoint,scramble,9,9.980392156862745
0.6,0.02,tournament,singlepoint,scramble,10,11.039215686274511
0.6,0.02,tournament,singlepoint,swap,1,10.588235294117645
0.6,0.02,tournament,singlepoint,swap,2,10.999999999999998
0.6,0.02,tournament,singlepoint,swap,3,10.372549019607842
0.6,0.02,tournament,singlepoint,swap,4,9.666666666666666
0.6,0.02,tournament,singlepoint,swap,5,10.215686274509803
0.6,0.02,tournament,singlepoint,swap,6,10.823529411764707
0.6,0.02,tournament,singlepoint,swap,7,10.19607843137255
0.6,0.02,tournament,singlepoint,swap,8,10.03921568627451
0.6,0.02,tournament,singlepoint,swap,9,10.803921568627452
0.6,0.02,tournament,singlepoint,swap,10,10.333333333333332
0.6,0.02,tournament,singlepoint,frequency,1,10.372549019607842
0.6,0.02,tournament,singlepoint,frequency,2,9.901960784313724
0.6,0.02,tournament,singlepoint,frequency,3,10.470588235294116
0.6,0.02,tournament,singlepoint,frequency,4,9.784313725490195
0.6,0.02,tournament,singlepoint,frequency,5,9.941176470588236
0.6,0.02,tournament,singlepoint,frequency,6,9.254901960784313
0.6,0.02,tournament,singlepoint,frequency,7,9.294117647058824
0.6,0.02,tournament,singlepoint,frequency,8,9.666666666666668
0.6,0.02,tournament,singlepoint,frequency,9,10.137254901960786
0.6,0.02,tournament,singlepoint,frequency,10,9.823529411764705
0.6,0.02,tournament,twopoint,uniform,1,10.058823529411764
0.6,0.02,tournament,twopoint,uniform,2,9.372549019607844
0.6,0.02,tournament,twopoint,uniform,3,9.294117647058824
0.6,0.02,tournament,twopoint,uniform,4,9.254901960784313
0.6,0.02,tournament,twopoint,uniform,5,9.294117647058822
0.6,0.02,tournament,twopoint,uniform,6,9.666666666666666
0.6,0.02,tournament,twopoint,uniform,7,9.76470588235294
0.6,0.02,tournament,twopoint,uniform,8,9.294117647058822
0.6,0.02,tournament,twopoint,uniform,9,9.980392156862745
0.6,0.02,tournament,twopoint,uniform,10,9.64705882352941
0.6,0.02,tournament,twopoint,block,1,9.254901960784313
0.6,0.02,tournament,twopoint,block,2,10.058823529411764
0.6,0.02,tournament,twopoint,block,3,11.294117647058824
0.6,0.02,tournament,twopoint,block,4,10.666666666666666
0.6,0.02,tournament,twopoint,block,5,10.19607843137255
0.6,0.02,tournament,twopoint,block,6,10.352941176470587
0.6,0.02,tournament,twopoint,block,7,12.058823529411763
0.6,0.02,tournament,twopoint,block,8,9.64705882352941
0.6,0.02,tournament,twopoint,block,9,9.72549019607843
0.6,0.02,tournament,twopoint,block,10,10.019607843137253
0.6,0.02,tournament,twopoint,scramble,1,9.294117647058822
0.6,0.02,tournament,twopoint,scramble,2,9.294117647058824
0.6,0.02,tournament,twopoint,scramble,3,10.470588235294116
0.6,0.02,tournament,twopoint,scramble,4,10.215686274509801
0.6,0.02,tournament,twopoint,scramble,5,10.03921568627451
0.6,0.02,tournament,twopoint,scramble,6,9.254901960784313
0.6,0.02,tournament,twopoint,scramble,7,10.117647058823529
0.6,0.02,tournament,twopoint,scramble,8,9.705882352941174
0.6,0.02,tournament,twopoint,scramble,9,10.431372549019608
0.6,0.02,tournament,twopoint,scramble,10,9.294117647058822
0.6,0.02,tournament,twopoint,swap,1,10.039215686274508
0.6,0.02,tournament,twopoint,swap,2,9.705882352941176
0.6,0.02,tournament,twopoint,swap,3,9.294117647058824
0.6,0.02,tournament,twopoint,swap,4,9.333333333333332
0.6,0.02,tournament,twopoint,swap,5,10.627450980392156
0.6,0.02,tournament,twopoint,swap,6,10.176470588235293
0.6,0.02,tournament,twopoint,swap,7,12.235294117647058
0.6,0.02,tournament,twopoint,swap,8,9.901960784313724
0.6,0.02,tournament,twopoint,swap,9,9.294117647058824
0.6,0.02,tournament,twopoint,swap,10,10.313725490196077
0.6,0.02,tournament,twopoint,frequency,1,9.294117647058824
0.6,0.02,tournament,twopoint,frequency,2,10.019607843137253
0.6,0.02,tournament,twopoint,frequency,3,9.76470588235294
0.6,0.02,tournament,twopoint,frequency,4,9.64705882352941
0.6,0.02,tournament,twopoint,frequency,5,10.431372549019608
0.6,0.02,tournament,twopoint,frequency,6,9.294117647058822
0.6,0.02,tournament,twopoint,frequency,7,9.64705882352941
0.6,0.02,tournament,twopoint,frequency,8,9.294117647058824
0.6,0.02,tournament,twopoint,frequency,9,9.333333333333332
0.6,0.02,tournament,twopoint,frequency,10,9.254901960784313
0.6,0.05,stochunif,scattered,uniform,1,11.098039215686276
0.6,0.05,stochunif,scattered,uniform,2,10.215686274509801
0.6,0.05,stochunif,scattered,uniform,3,10.372549019607844
0.6,0.05,stochunif,scattered,uniform,4,10.313725490196079
0.6,0.05,stochunif,scattered,uniform,5,10.333333333333332
0.6,0.05,stochunif,scattered,uniform,6,9.64705882352941
0.6,0.05,stochunif,scattered,uniform,7,9.333333333333332
0.6,0.05,stochunif,scattered,uniform,8,9.372549019607844
0.6,0.05,stochunif,scattered,uniform,9,9.372549019607842
0.6,0.05,stochunif,scattered,uniform,10,9.294117647058824
0.6,0.05,stochunif,scattered,block,1,10.960784313725489
0.6,0.05,stochunif,scattered,block,2,10.784313725490193
0.6,0.05,stochunif,scattered,block,3,10.274509803921568
0.6,0.05,stochunif,scattered,block,4,10.470588235294116
0.6,0.05,stochunif,scattered,block,5,11.411764705882353
0.6,0.05,stochunif,scattered,block,6,11.666666666666664
0.6,0.05,stochunif,scattered,block,7,9.666666666666666
0.6,0.05,stochunif,scattered,block,8,10.607843137254902
0.6,0.05,stochunif,scattered,block,9,10.137254901960786
0.6,0.05,stochunif,scattered,block,10,10.372549019607845
0.6,0.05,stochunif,scattered,scramble,1,10.058823529411764
0.6,0.05,stochunif,scattered,scramble,2,9.64705882352941
0.6,0.05,stochunif,scattered,scramble,3,9.49019607843137
0.6,0.05,stochunif,scattered,scramble,4,11.215686274509803
0.6,0.05,stochunif,scattered,scramble,5,9.823529411764705
0.6,0.05,stochunif,scattered,scramble,6,9.705882352941178
0.6,0.05,stochunif,scattered,scramble,7,10.960784313725489
0.6,0.05,stochunif,scattered,scramble,8,11.450980392156863
0.6,0.05,stochunif,scattered,scramble,9,10.274509803921568
0.6,0.05,stochunif,scattered,scramble,10,10.254901960784315
0.6,0.05,stochunif,scattered,swap,1,11.725490196078429
0.6,0.05,stochunif,scattered,swap,2,9.823529411764705
0.6,0.05,stochunif,scattered,swap,3,10.686274509803921
0.6,0.05,stochunif,scattered,swap,4,11.039215686274511
0.6,0.05,stochunif,scattered,swap,5,10.176470588235293
0.6,0.05,stochunif,scattered,swap,6,11.294117647058822
0.6,0.05,stochunif,scattered,swap,7,11.000000000000002
0.6,0.05,stochunif,scattered,swap,8,9.509803921568627
0.6,0.05,stochunif,scattered,swap,9,11.980392156862747
0.6,0.05,stochunif,scattered,swap,10,10.862745098039216
0.6,0.05,stochunif,scattered,frequency,1,10.03921568627451
0.6,0.05,stochunif,scattered,frequency,2,9.294117647058824
0.6,0.05,stochunif,scattered,frequency,3,9.705882352941178
0.6,0.05,stochunif,scattered,frequency,4,9.254901960784313
0.6,0.05,stochunif,scattered,frequency,5,10.313725490196079
0.6,0.05,stochunif,scattered,frequency,6,9.254901960784313
0.6,0.05,stochunif,scattered,frequency,7,9.254901960784313
0.6,0.05,stochunif,scattered,frequency,8,9.64705882352941
0.6,0.05,stochunif,scattered,frequency,9,10.058823529411763
0.6,0.05,stochunif,scattered,frequency,10,9.254901960784313
0.6,0.05,stochunif,singlepoint,uniform,1,11.274509803921568
0.6,0.05,stochunif,singlepoint,uniform,2,10.450980392156865
0.6,0.05,stochunif,singlepoint,uniform,3,9.509803921568627
0.6,0.05,stochunif,singlepoint,uniform,4,10.313725490196077
0.6,0.05,stochunif,singlepoint,uniform,5,9.80392156862745
0.6,0.05,stochunif,singlepoint,uniform,6,11.137254901960784
0.6,0.05,stochunif,singlepoint,uniform,7,10.294117647058824
0.6,0.05,stochunif,singlepoint,uniform,8,10.058823529411764
0.6,0.05,stochunif,singlepoint,uniform,9,9.72549019607843
0.6,0.05,stochunif,singlepoint,uniform,10,9.372549019607842
0.6,0.05,stochunif,singlepoint,block,1,12.215686274509803
0.6,0.05,stochunif,singlepoint,block,2,12.196078431372548
0.6,0.05,stochunif,singlepoint,block,3,10.823529411764707
0.6,0.05,stochunif,singlepoint,block,4,13.411764705882353
0.6,0.05,stochunif,singlepoint,block,5,11.627450980392156
0.6,0.05,stochunif,singlepoint,block,6,10.960784313725489
0.6,0.05,stochunif,singlepoint,block,7,14.07843137254902
0.6,0.05,stochunif,singlepoint,block,8,11.823529411764705
0.6,0.05,stochunif,singlepoint,block,9,11.80392156862745
0.6,0.05,stochunif,singlepoint,block,10,13.03921568627451
0.6,0.05,stochunif,singlepoint,scramble,1,11.568627450980392
0.6,0.05,stochunif,singlepoint,scramble,2,12.529411764705882
0.6,0.05,stochunif,singlepoint,scramble,3,12.52941176470588
0.6,0.05,stochunif,singlepoint,scramble,4,13.960784313725489
0.6,0.05,stochunif,singlepoint,scramble,5,13.254901960784313
0.6,0.05,stochunif,singlepoint,scramble,6,11.607843137254903
0.6,0.05,stochunif,singlepoint,scramble,7,11.705882352941174
0.6,0.05,stochunif,singlepoint,scramble,8,12.529411764705882
0.6,0.05,stochunif,singlepoint,scramble,9,12.19607843137255
0.6,0.05,stochunif,singlepoint,scramble,10,11.745098039215685
0.6,0.05,stochunif,singlepoint,swap,1,12.235294117647058
0.6,0.05,stochunif,singlepoint,swap,2,9.901960784313724
0.6,0.05,stochunif,singlepoint,swap,3,11.03921568627451
0.6,0.05,stochunif,singlepoint,swap,4,10.196078431372548
0.6,0.05,stochunif,singlepoint,swap,5,11.784313725490195
0.6,0.05,stochunif,singlepoint,swap,6,12.803921568627452
0.6,0.05,stochunif,singlepoint,swap,7,12.764705882352942
0.6,0.05,stochunif,singlepoint,swap,8,10.84313725490196
0.6,0.05,stochunif,singlepoint,swap,9,11.588235294117649
0.6,0.05,stochunif,singlepoint,swap,10,11.411764705882353
0.6,0.05,stochunif,singlepoint,frequency,1,9.980392156862749
0.6,0.05,stochunif,singlepoint,frequency,2,9.72549019607843
0.6,0.05,stochunif,singlepoint,frequency,3,9.49019607843137
0.6,0.05,stochunif,singlepoint,frequency,4,10.862745098039213
0.6,0.05,stochunif,singlepoint,frequency,5,9.705882352941176
0.6,0.05,stochunif,singlepoint,frequency,6,9.88235294117647
0.6,0.05,stochunif,singlepoint,frequency,7,9.784313725490197
0.6,0.05,stochunif,singlepoint,frequency,8,11.117647058823527
0.6,0.05,stochunif,singlepoint,frequency,9,10.07843137254902
0.6,0.05,stochunif,singlepoint,frequency,10,9.254901960784313
0.6,0.05,stochunif,twopoint,uniform,1,9.980392156862747
0.6,0.05,stochunif,twopoint,uniform,2,9.88235294117647
0.6,0.05,stochunif,twopoint,uniform,3,10.882352941176471
0.6,0.05,stochunif,twopoint,uniform,4,9.254901960784313
0.6,0.05,stochunif,twopoint,uniform,5,11.215686274509805
0.6,0.05,stochunif,twopoint,uniform,6,10.313725490196076
0.6,0.05,stochunif,twopoint,uniform,7,10.666666666666668
0.6,0.05,stochunif,twopoint,uniform,8,9.294117647058822
0.6,0.05,stochunif,twopoint,uniform,9,11.156862745098037
0.6,0.05,stochunif,twopoint,uniform,10,10.196078431372548
0.6,0.05,stochunif,twopoint,block,1,11.705882352941174
0.6,0.05,stochunif,twopoint,block,2,12.509803921568626
0.6,0.05,stochunif,twopoint,block,3,11.784313725490195
0.6,0.05,stochunif,twopoint,block,4,12.254901960784313
0.6,0.05,stochunif,twopoint,block,5,12.254901960784313
0.6,0.05,stochunif,twopoint,block,6,10.686274509803921
0.6,0.05,stochunif,twopoint,block,7,13.352941176470587
0.6,0.05,stochunif,twopoint,block,8,11.333333333333332
0.6,0.05,stochunif,twopoint,block,9,10.058823529411763
0.6,0.05,stochunif,twopoint,block,10,11.03921568627451
0.6,0.05,stochunif,twopoint,scramble,1,10.333333333333332
0.6,0.05,stochunif,twopoint,scramble,2,12.803921568627448
0.6,0.05,stochunif,twopoint,scramble,3,11.058823529411766
0.6,0.05,stochunif,twopoint,scramble,4,10.294117647058822
0.6,0.05,stochunif,twopoint,scramble,5,12.137254901960784
0.6,0.05,stochunif,twopoint,scramble,6,10.372549019607842
0.6,0.05,stochunif,twopoint,scramble,7,10.019607843137253
0.6,0.05,stochunif,twopoint,scramble,8,11.607843137254902
0.6,0.05,stochunif,twopoint,scramble,9,10.098039215686274
0.6,0.05,stochunif,twopoint,scramble,10,11.705882352941174
0.6,0.05,stochunif,twopoint,swap,1,11.862745098039213
0.6,0.05,stochunif,twopoint,swap,2,13.196078431372552
0.6,0.05,stochunif,twopoint,swap,3,11.274509803921568
0.6,0.05,stochunif,twopoint,swap,4,13.274509803921566
0.6,0.05,stochunif,twopoint,swap,5,10.92156862745098
0.6,0.05,stochunif,twopoint,swap,6,12.215686274509803
0.6,0.05,stochunif,twopoint,swap,7,10.294117647058822
0.6,0.05,stochunif,twopoint,swap,8,13.098039215686274
0.6,0.05,stochunif,twopoint,swap,9,12.098039215686274
0.6,0.05,stochunif,twopoint,swap,10,11.156862745098039
0.6,0.05,stochunif,twopoint,frequency,1,9.372549019607842
0.6,0.05,stochunif,twopoint,frequency,2,9.76470588235294
0.6,0.05,stochunif,twopoint,frequency,3,10.823529411764707
0.6,0.05,stochunif,twopoint,frequency,4,9.823529411764707
0.6,0.05,stochunif,twopoint,frequency,5,10.92156862745098
0.6,0.05,stochunif,twopoint,frequency,6,9.941176470588234
0.6,0.05,stochunif,twopoint,frequency,7,9.372549019607842
0.6,0.05,stochunif,twopoint,frequency,8,10.058823529411766
0.6,0.05,stochunif,twopoint,frequency,9,11.15686274509804
0.6,0.05,stochunif,twopoint,frequency,10,10.33333333333333
0.6,0.05,roulette,scattered,uniform,1,9.254901960784313
0.6,0.05,roulette,scattered,uniform,2,9.294117647058824
0.6,0.05,roulette,scattered,uniform,3,9.980392156862749
0.6,0.05,roulette,scattered,uniform,4,10.509803921568626
0.6,0.05,roulette,scattered,uniform,5,10.588235294117645
0.6,0.05,roulette,scattered,uniform,6,11.431372549019606
0.6,0.05,roulette,scattered,uniform,7,9.941176470588234
0.6,0.05,roulette,scattered,uniform,8,10.450980392156863
0.6,0.05,roulette,scattered,uniform,9,10.274509803921568
0.6,0.05,roulette,scattered,uniform,10,10.823529411764707
0.6,0.05,roulette,scattered,block,1,9.333333333333332
0.6,0.05,roulette,scattered,block,2,12.470588235294118
0.6,0.05,roulette,scattered,block,3,11.84313725490196
0.6,0.05,roulette,scattered,block,4,10.392156862745097
0.6,0.05,roulette,scattered,block,5,10.156862745098039
0.6,0.05,roulette,scattered,block,6,9.294117647058822
0.6,0.05,roulette,scattered,block,7,9.705882352941176
0.6,0.05,roulette,scattered,block,8,10.450980392156863
0.6,0.05,roulette,scattered,block,9,11.313725490196077
0.6,0.05,roulette,scattered,block,10,10.313725490196077
0.6,0.05,roulette,scattered,scramble,1,11.509803921568626
0.6,0.05,roulette,scattered,scramble,2,9.254901960784313
0.6,0.05,roulette,scattered,scramble,3,9.333333333333332
0.6,0.05,roulette,scattered,scramble,4,11.058823529411766
0.6,0.05,roulette,scattered,scramble,5,10.862745098039214
0.6,0.05,roulette,scattered,scramble,6,9.254901960784313
0.6,0.05,roulette,scattered,scramble,7,9.999999999999998
0.6,0.05,roulette,scattered,scramble,8,12.411764705882351
0.6,0.05,roulette,scattered,scramble,9,14.000000000000002
0.6,0.05,roulette,scattered,scramble,10,11.196078431372552
0.6,0.05,roulette,scattered,swap,1,11.176470588235293
0.6,0.05,roulette,scattered,swap,2,10.862745098039214
0.6,0.05,roulette,scattered,swap,3,10.313725490196079
0.6,0.05,roulette,scattered,swap,4,10.823529411764705
0.6,0.05,roulette,scattered,swap,5,11.07843137254902
0.6,0.05,roulette,scattered,swap,6,10.058823529411764
0.6,0.05,roulette,scattered,swap,7,10.745098039215685
0.6,0.05,roulette,scattered,swap,8,10.156862745098039
0.6,0.05,roulette,scattered,swap,9,9.764705882352942
0.6,0.05,roulette,scattered,swap,10,10.450980392156863
0.6,0.05,roulette,scattered,frequency,1,9.294117647058824
0.6,0.05,roulette,scattered,frequency,2,9.254901960784313
0.6,0.05,roulette,scattered,frequency,3,10.843137254901961
0.6,0.05,roulette,scattered,frequency,4,10.117647058823529
0.6,0.05,roulette,scattered,frequency,5,9.294117647058824
0.6,0.05,roulette,scattered,frequency,6,9.823529411764707
0.6,0.05,roulette,scattered,frequency,7,9.294117647058824
0.6,0.05,roulette,scattered,frequency,8,9.823529411764705
0.6,0.05,roulette,scattered,frequency,9,9.294117647058824
0.6,0.05,roulette,scattered,frequency,10,10.764705882352942
0.6,0.05,roulette,singlepoint,uniform,1,10.705882352941174
0.6,0.05,roulette,singlepoint,uniform,2,9.705882352941176
0.6,0.05,roulette,singlepoint,uniform,3,10.64705882352941
0.6,0.05,roulette,singlepoint,uniform,4,9.64705882352941
0.6,0.05,roulette,singlepoint,uniform,5,9.49019607843137
0.6,0.05,roulette,singlepoint,uniform,6,11.784313725490197
0.6,0.05,roulette,singlepoint,uniform,7,10.117647058823529
0.6,0.05,roulette,singlepoint,uniform,8,10.215686274509803
0.6,0.05,roulette,singlepoint,uniform,9,9.862745098039213
0.6,0.05,roulette,singlepoint,uniform,10,11.19607843137255
0.6,0.05,roulette,singlepoint,block,1,12.72549019607843
0.6,0.05,roulette,singlepoint,block,2,12.862745098039214
0.6,0.05,roulette,singlepoint,block,3,11.980392156862745
0.6,0.05,roulette,singlepoint,block,4,11.294117647058824
0.6,0.05,roulette,singlepoint,block,5,11.098039215686276
0.6,0.05,roulette,singlepoint,block,6,14.470588235294118
0.6,0.05,roulette,singlepoint,block,7,12.274509803921568
0.6,0.05,roulette,singlepoint,block,8,11.588235294117649
0.6,0.05,roulette,singlepoint,block,9,11.058823529411764
0.6,0.05,roulette,singlepoint,block,10,11.196078431372548
0.6,0.05,roulette,singlepoint,scramble,1,12.27450980392157
0.6,0.05,roulette,singlepoint,scramble,2,11.92156862745098
0.6,0.05,roulette,singlepoint,scramble,3,13.098039215686272
0.6,0.05,roulette,singlepoint,scramble,4,12.117647058823529
0.6,0.05,roulette,singlepoint,scramble,5,13.07843137254902
0.6,0.05,roulette,singlepoint,scramble,6,13.92156862745098
0.6,0.05,roulette,singlepoint,scramble,7,10.450980392156863
0.6,0.05,roulette,singlepoint,scramble,8,12.294117647058824
0.6,0.05,roulette,singlepoint,scramble,9,11.686274509803921
0.6,0.05,roulette,singlepoint,scramble,10,12.137254901960784
0.6,0.05,roulette,singlepoint,swap,1,11.15686274509804
0.6,0.05,roulette,singlepoint,swap,2,11.0
0.6,0.05,roulette,singlepoint,swap,3,12.313725490196077
0.6,0.05,roulette,singlepoint,swap,4,11.49019607843137
0.6,0.05,roulette,singlepoint,swap,5,11.313725490196077
0.6,0.05,roulette,singlepoint,swap,6,13.431372549019606
0.6,0.05,roulette,singlepoint,swap,7,12.431372549019606
0.6,0.05,roulette,singlepoint,swap,8,11.294117647058824
0.6,0.05,roulette,singlepoint,swap,9,10.941176470588236
0.6,0.05,roulette,singlepoint,swap,10,10.745098039215685
0.6,0.05,roulette,singlepoint,frequency,1,9.901960784313724
0.6,0.05,roulette,singlepoint,frequency,2,10.392156862745097
0.6,0.05,roulette,singlepoint,frequency,3,10.137254901960786
0.6,0.05,roulette,singlepoint,frequency,4,10.882352941176471
0.6,0.05,roulette,singlepoint,frequency,5,10.529411764705882
0.6,0.05,roulette,singlepoint,frequency,6,10.509803921568626
0.6,0.05,roulette,singlepoint,frequency,7,11.49019607843137
0.6,0.05,roulette,singlepoint,frequency,8,10.72549019607843
0.6,0.05,roulette,singlepoint,frequency,9,9.294117647058824
0.6,0.05,roulette,singlepoint,frequency,10,9.705882352941176
0.6,0.05,roulette,twopoint,uniform,1,9.941176470588236
0.6,0.05,roulette,twopoint,uniform,2,10.07843137254902
0.6,0.05,roulette,twopoint,uniform,3,10.19607843137255
0.6,0.05,roulette,twopoint,uniform,4,9.294117647058822
0.6,0.05,roulette,twopoint,uniform,5,9.294117647058822
0.6,0.05,roulette,twopoint,uniform,6,10.509803921568626
0.6,0.05,roulette,twopoint,uniform,7,9.941176470588236
0.6,0.05,roulette,twopoint,uniform,8,10.92156862745098
0.6,0.05,roulette,twopoint,uniform,9,9.862745098039213
0.6,0.05,roulette,twopoint,uniform,10,9.294117647058824
0.6,0.05,roulette,twopoint,block,1,11.803921568627448
0.6,0.05,roulette,twopoint,block,2,11.274509803921568
0.6,0.05,roulette,twopoint,block,3,13.058823529411763
0.6,0.05,roulette,twopoint,block,4,10.64705882352941
0.6,0.05,roulette,twopoint,block,5,11.392156862745097
0.6,0.05,roulette,twopoint,block,6,10.999999999999998
0.6,0.05,roulette,twopoint,block,7,11.56862745098039
0.6,0.05,roulette,twopoint,block,8,11.88235294117647
0.6,0.05,roulette,twopoint,block,9,13.372549019607844
0.6,0.05,roulette,twopoint,block,10,10.450980392156863
0.6,0.05,roulette,twopoint,scramble,1,11.745098039215685
0.6,0.05,roulette,twopoint,scramble,2,14.901960784313722
0.6,0.05,roulette,twopoint,scramble,3,12.52941176470588
0.6,0.05,roulette,twopoint,scramble,4,10.117647058823527
0.6,0.05,roulette,twopoint,scramble,5,11.607843137254903
0.6,0.05,roulette,twopoint,scramble,6,13.117647058823533
0.6,0.05,roulette,twopoint,scramble,7,11.254901960784313
0.6,0.05,roulette,twopoint,scramble,8,9.88235294117647
0.6,0.05,roulette,twopoint,scramble,9,12.666666666666664
0.6,0.05,roulette,twopoint,scramble,10,11.666666666666666
0.6,0.05,roulette,twopoint,swap,1,11.196078431372552
0.6,0.05,roulette,twopoint,swap,2,10.529411764705884
0.6,0.05,roulette,twopoint,swap,3,13.47058823529412
0.6,0.05,roulette,twopoint,swap,4,10.411764705882353
0.6,0.05,roulette,twopoint,swap,5,10.549019607843135
0.6,0.05,roulette,twopoint,swap,6,13.88235294117647
0.6,0.05,roulette,twopoint,swap,7,11.96078431372549
0.6,0.05,roulette,twopoint,swap,8,11.137254901960784
0.6,0.05,roulette,twopoint,swap,9,11.647058823529411
0.6,0.05,roulette,twopoint,swap,10,10.80392156862745
0.6,0.05,roulette,twopoint,frequency,1,10.019607843137253
0.6,0.05,roulette,twopoint,frequency,2,9.941176470588236
0.6,0.05,roulette,twopoint,frequency,3,9.745098039215685
0.6,0.05,roulette,twopoint,frequency,4,11.49019607843137
0.6,0.05,roulette,twopoint,frequency,5,10.098039215686274
0.6,0.05,roulette,twopoint,frequency,6,9.254901960784313
0.6,0.05,roulette,twopoint,frequency,7,9.76470588235294
0.6,0.05,roulette,twopoint,frequency,8,9.686274509803921
0.6,0.05,roulette,twopoint,frequency,9,11.196078431372548
0.6,0.05,roulette,twopoint,frequency,10,11.313725490196077
0.6,0.05,tournament,scattered,uniform,1,9.254901960784313
0.6,0.05,tournament,scattered,uniform,2,9.705882352941178
0.6,0.05,tournament,scattered,uniform,3,9.254901960784313
0.6,0.05,tournament,scattered,uniform,4,10.27450980392157
0.6,0.05,tournament,scattered,uniform,5,9.333333333333332
0.6,0.05,tournament,scattered,uniform,6,9.254901960784313
0.6,0.05,tournament,scattered,uniform,7,9.254901960784313
0.6,0.05,tournament,scattered,uniform,8,9.76470588235294
0.6,0.05,tournament,scattered,uniform,9,9.294117647058822
0.6,0.05,tournament,scattered,uniform,10,9.76470588235294
0.6,0.05,tournament,scattered,block,1,9.705882352941176
0.6,0.05,tournament,scattered,block,2,9.294117647058822
0.6,0.05,tournament,scattered,block,3,9.960784313725489
0.6,0.05,tournament,scattered,block,4,9.254901960784313
0.6,0.05,tournament,scattered,block,5,9.294117647058824
0.6,0.05,tournament,scattered,block,6,9.64705882352941
0.6,0.05,tournament,scattered,block,7,9.705882352941174
0.6,0.05,tournament,scattered,block,8,9.294117647058824
0.6,0.05,tournament,scattered,block,9,10.372549019607844
0.6,0.05,tournament,scattered,block,10,9.254901960784313
0.6,0.05,tournament,scattered,scramble,1,9.294117647058824
0.6,0.05,tournament,scattered,scramble,2,9.372549019607844
0.6,0.05,tournament,scattered,scramble,3,9.64705882352941
0.6,0.05,tournament,scattered,scramble,4,9.980392156862747
0.6,0.05,tournament,scattered,scramble,5,9.705882352941174
0.6,0.05,tournament,scattered,scramble,6,9.254901960784313
0.6,0.05,tournament,scattered,scramble,7,9.941176470588236
0.6,0.05,tournament,scattered,scramble,8,10.03921568627451
0.6,0.05,tournament,scattered,scramble,9,10.333333333333332
0.6,0.05,tournament,scattered,scramble,10,9.254901960784313
0.6,0.05,tournament,scattered,swap,1,9.80392156862745
0.6,0.05,tournament,scattered,swap,2,9.254901960784313
0.6,0.05,tournament,scattered,swap,3,9.294117647058824
0.6,0.05,tournament,scattered,swap,4,9.64705882352941
0.6,0.05,tournament,scattered,swap,5,10.058823529411764
0.6,0.05,tournament,scattered,swap,6,9.64705882352941
0.6,0.05,tournament,scattered,swap,7,9.254901960784313
0.6,0.05,tournament,scattered,swap,8,10.098039215686274
0.6,0.05,tournament,scattered,swap,9,10.470588235294118
0.6,0.05,tournament,scattered,swap,10,9.960784313725489
0.6,0.05,tournament,scattered,frequency,1,9.254901960784313
0.6,0.05,tournament,scattered,frequency,2,9.64705882352941
0.6,0.05,tournament,scattered,frequency,3,9.294117647058822
0.6,0.05,tournament,scattered,frequency,4,9.254901960784313
0.6,0.05,tournament,scattered,frequency,5,9.254901960784313
0.6,0.05,tournament,scattered,frequency,6,9.549019607843137
0.6,0.05,tournament,scattered,frequency,7,9.64705882352941
0.6,0.05,tournament,scattered,frequency,8,9.705882352941174
0.6,0.05,tournament,scattered,frequency,9,9.333333333333332
0.6,0.05,tournament,scattered,frequency,10,9.64705882352941
0.6,0.05,tournament,singlepoint,uniform,1,10.058823529411764
0.6,0.05,tournament,singlepoint,uniform,2,9.941176470588234
0.6,0.05,tournament,singlepoint,uniform,3,9.980392156862745
0.6,0.05,tournament,singlepoint,uniform,4,10.176470588235292
0.6,0.05,tournament,singlepoint,uniform,5,9.529411764705882
0.6,0.05,tournament,singlepoint,uniform,6,10.27450980392157
0.6,0.05,tournament,singlepoint,uniform,7,9.980392156862747
0.6,0.05,tournament,singlepoint,uniform,8,10.529411764705882
0.6,0.05,tournament,singlepoint,uniform,9,9.64705882352941
0.6,0.05,tournament,singlepoint,uniform,10,9.333333333333332
0.6,0.05,tournament,singlepoint,block,1,11.03921568627451
0.6,0.05,tournament,singlepoint,block,2,9.705882352941176
0.6,0.05,tournament,singlepoint,block,3,10.117647058823529
0.6,0.05,tournament,singlepoint,block,4,10.19607843137255
0.6,0.05,tournament,singlepoint,block,5,11.098039215686274
0.6,0.05,tournament,singlepoint,block,6,10.627450980392155
0.6,0.05,tournament,singlepoint,block,7,9.372549019607844
0.6,0.05,tournament,singlepoint,block,8,11.07843137254902
0.6,0.05,tournament,singlepoint,block,9,9.705882352941178
0.6,0.05,tournament,singlepoint,block,10,11.549019607843137
0.6,0.05,tournament,singlepoint,scramble,1,10.03921568627451
0.6,0.05,tournament,singlepoint,scramble,2,10.960784313725487
0.6,0.05,tournament,singlepoint,scramble,3,11.705882352941176
0.6,0.05,tournament,singlepoint,scramble,4,10.117647058823529
0.6,0.05,tournament,singlepoint,scramble,5,11.84313725490196
0.6,0.05,tournament,singlepoint,scramble,6,10.84313725490196
0.6,0.05,tournament,singlepoint,scramble,7,10.274509803921566
0.6,0.05,tournament,singlepoint,scramble,8,10.588235294117645
0.6,0.05,tournament,singlepoint,scramble,9,10.03921568627451
0.6,0.05,tournament,singlepoint,scramble,10,10.999999999999998
0.6,0.05,tournament,singlepoint,swap,1,11.705882352941174
0.6,0.05,tournament,singlepoint,swap,2,11.098039215686276
0.6,0.05,tournament,singlepoint,swap,3,11.568627450980392
0.6,0.05,tournament,singlepoint,swap,4,10.80392156862745
0.6,0.05,tournament,singlepoint,swap,5,10.745098039215684
0.6,0.05,tournament,singlepoint,swap,6,11.96078431372549
0.6,0.05,tournament,singlepoint,swap,7,9.705882352941174
0.6,0.05,tournament,singlepoint,swap,8,10.784313725490197
0.6,0.05,tournament,singlepoint,swap,9,12.19607843137255
0.6,0.05,tournament,singlepoint,swap,10,10.862745098039214
0.6,0.05,tournament,singlepoint,frequency,1,9.294117647058822
0.6,0.05,tournament,singlepoint,frequency,2,9.72549019607843
0.6,0.05,tournament,singlepoint,frequency,3,9.254901960784313
0.6,0.05,tournament,singlepoint,frequency,4,9.705882352941174
0.6,0.05,tournament,singlepoint,frequency,5,9.333333333333332
0.6,0.05,tournament,singlepoint,frequency,6,10.725490196078432
0.6,0.05,tournament,singlepoint,frequency,7,9.294117647058824
0.6,0.05,tournament,singlepoint,frequency,8,9.254901960784313
0.6,0.05,tournament,singlepoint,frequency,9,9.64705882352941
0.6,0.05,tournament,singlepoint,frequency,10,9.64705882352941
0.6,0.05,tournament,twopoint,uniform,1,10.392156862745097
0.6,0.05,tournament,twopoint,uniform,2,9.254901960784313
0.6,0.05,tournament,twopoint,uniform,3,9.254901960784313
0.6,0.05,tournament,twopoint,uniform,4,9.294117647058822
0.6,0.05,tournament,twopoint,uniform,5,9.294117647058822
0.6,0.05,tournament,twopoint,uniform,6,9.705882352941174
0.6,0.05,tournament,twopoint,uniform,7,9.980392156862745
0.6,0.05,tournament,twopoint,uniform,8,9.254901960784313
0.6,0.05,tournament,twopoint,uniform,9,10.058823529411764
0.6,0.05,tournament,twopoint,uniform,10,9.333333333333332
0.6,0.05,tournament,twopoint,block,1,10.450980392156863
0.6,0.05,tournament,twopoint,block,2,10.88235294117647
0.6,0.05,tournament,twopoint,block,3,9.254901960784313
0.6,0.05,tournament,twopoint,block,4,10.52941176470588
0.6,0.05,tournament,twopoint,block,5,9.64705882352941
0.6,0.05,tournament,twopoint,block,6,9.294117647058822
0.6,0.05,tournament,twopoint,block,7,10.47058823529412
0.6,0.05,tournament,twopoint,block,8,12.29411764705882
0.6,0.05,tournament,twopoint,block,9,11.156862745098039
0.6,0.05,tournament,twopoint,block,10,10.294117647058824
0.6,0.05,tournament,twopoint,scramble,1,9.254901960784313
0.6,0.05,tournament,twopoint,scramble,2,9.294117647058824
0.6,0.05,tournament,twopoint,scramble,3,10.450980392156863
0.6,0.05,tournament,twopoint,scramble,4,12.078431372549018
0.6,0.05,tournament,twopoint,scramble,5,9.705882352941174
0.6,0.05,tournament,twopoint,scramble,6,9.72549019607843
0.6,0.05,tournament,twopoint,scramble,7,9.705882352941176
0.6,0.05,tournament,twopoint,scramble,8,9.960784313725489
0.6,0.05,tournament,twopoint,scramble,9,9.823529411764707
0.6,0.05,tournament,twopoint,scramble,10,10.549019607843137
0.6,0.05,tournament,twopoint,swap,1,9.588235294117647
0.6,0.05,tournament,twopoint,swap,2,10.450980392156861
0.6,0.05,tournament,twopoint,swap,3,10.058823529411763
0.6,0.05,tournament,twopoint,swap,4,9.999999999999998
0.6,0.05,tournament,twopoint,swap,5,9.823529411764705
0.6,0.05,tournament,twopoint,swap,6,11.098039215686274
0.6,0.05,tournament,twopoint,swap,7,9.49019607843137
0.6,0.05,tournament,twopoint,swap,8,10.980392156862747
0.6,0.05,tournament,twopoint,swap,9,9.333333333333332
0.6,0.05,tournament,twopoint,swap,10,9.921568627450979
0.6,0.05,tournament,twopoint,frequency,1,9.980392156862747
0.6,0.05,tournament,twopoint,frequency,2,9.980392156862747
0.6,0.05,tournament,twopoint,frequency,3,9.294117647058822
0.6,0.05,tournament,twopoint,frequency,4,9.294117647058824
0.6,0.05,tournament,twopoint,frequency,5,9.294117647058824
0.6,0.05,tournament,twopoint,frequency,6,10.058823529411763
0.6,0.05,tournament,twopoint,frequency,7,9.294117647058822
0.6,0.05,tournament,twopoint,frequency,8,9.294117647058824
0.6,0.05,tournament,twopoint,frequency,9,9.64705882352941
0.6,0.05,tournament,twopoint,frequency,10,9.254901960784313
0.6,0.1,stochunif,scattered,uniform,1,10.627450980392155
0.6,0.1,stochunif,scattered,uniform,2,9.64705882352941
0.6,0.1,stochunif,scattered,uniform,3,9.666666666666668
0.6,0.1,stochunif,scattered,uniform,4,10.137254901960786
0.6,0.1,stochunif,scattered,uniform,5,10.058823529411764
0.6,0.1,stochunif,scattered,uniform,6,9.92156862745098
0.6,0.1,stochunif,scattered,uniform,7,9.254901960784313
0.6,0.1,stochunif,scattered,uniform,8,9.901960784313724
0.6,0.1,stochunif,scattered,uniform,9,9.254901960784313
0.6,0.1,stochunif,scattered,uniform,10,9.254901960784313
0.6,0.1,stochunif,scattered,block,1,11.862745098039216
0.6,0.1,stochunif,scattered,block,2,9.960784313725489
0.6,0.1,stochunif,scattered,block,3,10.529411764705882
0.6,0.1,stochunif,scattered,block,4,10.529411764705882
0.6,0.1,stochunif,scattered,block,5,11.058823529411766
0.6,0.1,stochunif,scattered,block,6,10.450980392156861
0.6,0.1,stochunif,scattered,block,7,10.196078431372548
0.6,0.1,stochunif,scattered,block,8,9.333333333333332
0.6,0.1,stochunif,scattered,block,9,10.549019607843137
0.6,0.1,stochunif,scattered,block,10,9.64705882352941
0.6,0.1,stochunif,scattered,scramble,1,11.96078431372549
0.6,0.1,stochunif,scattered,scramble,2,11.470588235294116
0.6,0.1,stochunif,scattered,scramble,3,9.333333333333332
0.6,0.1,stochunif,scattered,scramble,4,11.372549019607844
0.6,0.1,stochunif,scattered,scramble,5,9.254901960784313
0.6,0.1,stochunif,scattered,scramble,6,10.64705882352941
0.6,0.1,stochunif,scattered,scramble,7,9.254901960784313
0.6,0.1,stochunif,scattered,scramble,8,10.07843137254902
0.6,0.1,stochunif,scattered,scramble,9,11.196078431372548
0.6,0.1,stochunif,scattered,scramble,10,9.294117647058822
0.6,0.1,stochunif,scattered,swap,1,9.823529411764705
0.6,0.1,stochunif,scattered,swap,2,10.666666666666666
0.6,0.1,stochunif,scattered,swap,3,11.235294117647058
0.6,0.1,stochunif,scattered,swap,4,10.11764705882353
0.6,0.1,stochunif,scattered,swap,5,9.803921568627448
0.6,0.1,stochunif,scattered,swap,6,9.784313725490197
0.6,0.1,stochunif,scattered,swap,7,9.862745098039214
0.6,0.1,stochunif,scattered,swap,8,9.76470588235294
0.6,0.1,stochunif,scattered,swap,9,11.039215686274511
0.6,0.1,stochunif,scattered,swap,10,10.450980392156865
0.6,0.1,stochunif,scattered,frequency,1,10.19607843137255
0.6,0.1,stochunif,scattered,frequency,2,9.686274509803921
0.6,0.1,stochunif,scattered,frequency,3,9.254901960784313
0.6,0.1,stochunif,scattered,frequency,4,9.254901960784313
0.6,0.1,stochunif,scattered,frequency,5,9.76470588235294
0.6,0.1,stochunif,scattered,frequency,6,10.431372549019606
0.6,0.1,stochunif,scattered,frequency,7,10.176470588235292
0.6,0.1,stochunif,scattered,frequency,8,9.333333333333332
0.6,0.1,stochunif,scattered,frequency,9,9.784313725490195
0.6,0.1,stochunif,scattered,frequency,10,10.549019607843137
0.6,0.1,stochunif,singlepoint,uniform,1,10.470588235294118
0.6,0.1,stochunif,singlepoint,uniform,2,10.50980392156863
0.6,0.1,stochunif,singlepoint,uniform,3,9.705882352941174
0.6,0.1,stochunif,singlepoint,uniform,4,10.313725490196077
0.6,0.1,stochunif,singlepoint,uniform,5,10.411764705882351
0.6,0.1,stochunif,singlepoint,uniform,6,9.254901960784313
0.6,0.1,stochunif,singlepoint,uniform,7,9.803921568627448
0.6,0.1,stochunif,singlepoint,uniform,8,10.960784313725489
0.6,0.1,stochunif,singlepoint,uniform,9,11.098039215686276
0.6,0.1,stochunif,singlepoint,uniform,10,9.980392156862747
0.6,0.1,stochunif,singlepoint,block,1,11.980392156862743
0.6,0.1,stochunif,singlepoint,block,2,12.450980392156865
0.6,0.1,stochunif,singlepoint,block,3,11.607843137254903
0.6,0.1,stochunif,singlepoint,block,4,12.921568627450979
0.6,0.1,stochunif,singlepoint,block,5,10.352941176470589
0.6,0.1,stochunif,singlepoint,block,6,10.549019607843135
0.6,0.1,stochunif,singlepoint,block,7,10.901960784313724
0.6,0.1,stochunif,singlepoint,block,8,10.68627450980392
0.6,0.1,stochunif,singlepoint,block,9,12.647058823529411
0.6,0.1,stochunif,singlepoint,block,10,11.568627450980392
0.6,0.1,stochunif,singlepoint,scramble,1,12.117647058823529
0.6,0.1,stochunif,singlepoint,scramble,2,10.666666666666666
0.6,0.1,stochunif,singlepoint,scramble,3,12.03921568627451
0.6,0.1,stochunif,singlepoint,scramble,4,11.392156862745097
0.6,0.1,stochunif,singlepoint,scramble,5,12.549019607843137
0.6,0.1,stochunif,singlepoint,scramble,6,10.52941176470588
0.6,0.1,stochunif,singlepoint,scramble,7,12.333333333333332
0.6,0.1,stochunif,singlepoint,scramble,8,11.705882352941174
0.6,0.1,stochunif,singlepoint,scramble,9,10.03921568627451
0.6,0.1,stochunif,singlepoint,scramble,10,11.156862745098039
0.6,0.1,stochunif,singlepoint,swap,1,10.352941176470587
0.6,0.1,stochunif,singlepoint,swap,2,11.980392156862745
0.6,0.1,stochunif,singlepoint,swap,3,12.431372549019606
0.6,0.1,stochunif,singlepoint,swap,4,13.098039215686274
0.6,0.1,stochunif,singlepoint,swap,5,11.254901960784313
0.6,0.1,stochunif,singlepoint,swap,6,11.901960784313724
0.6,0.1,stochunif,singlepoint,swap,7,12.039215686274513
0.6,0.1,stochunif,singlepoint,swap,8,10.37254901960784
0.6,0.1,stochunif,singlepoint,swap,9,11.450980392156865
0.6,0.1,stochunif,singlepoint,swap,10,12.07843137254902
0.6,0.1,stochunif,singlepoint,frequency,1,9.294117647058824
0.6,0.1,stochunif,singlepoint,frequency,2,10.098039215686274
0.6,0.1,stochunif,singlepoint,frequency,3,9.666666666666668
0.6,0.1,stochunif,singlepoint,frequency,4,9.294117647058822
0.6,0.1,stochunif,singlepoint,frequency,5,9.705882352941174
0.6,0.1,stochunif,singlepoint,frequency,6,9.254901960784313
0.6,0.1,stochunif,singlepoint,frequency,7,10.431372549019606
0.6,0.1,stochunif,singlepoint,frequency,8,11.176470588235292
0.6,0.1,stochunif,singlepoint,frequency,9,9.372549019607844
0.6,0.1,stochunif,singlepoint,frequency,10,9.666666666666668
0.6,0.1,stochunif,twopoint,uniform,1,9.52941176470588
0.6,0.1,stochunif,twopoint,uniform,2,9.254901960784313
0.6,0.1,stochunif,twopoint,uniform,3,9.72549019607843
0.6,0.1,stochunif,twopoint,uniform,4,10.058823529411763
0.6,0.1,stochunif,twopoint,uniform,5,9.823529411764705
0.6,0.1,stochunif,twopoint,uniform,6,9.705882352941176
0.6,0.1,stochunif,twopoint,uniform,7,9.588235294117647
0.6,0.1,stochunif,twopoint,uniform,8,10.03921568627451
0.6,0.1,stochunif,twopoint,uniform,9,10.019607843137253
0.6,0.1,stochunif,twopoint,uniform,10,9.784313725490195
0.6,0.1,stochunif,twopoint,block,1,11.274509803921568
0.6,0.1,stochunif,twopoint,block,2,10.88235294117647
0.6,0.1,stochunif,twopoint,block,3,9.372549019607844
0.6,0.1,stochunif,twopoint,block,4,10.568627450980392
0.6,0.1,stochunif,twopoint,block,5,9.705882352941176
0.6,0.1,stochunif,twopoint,block,6,10.999999999999998
0.6,0.1,stochunif,twopoint,block,7,10.549019607843135
0.6,0.1,stochunif,twopoint,block,8,10.588235294117647
0.6,0.1,stochunif,twopoint,block,9,9.666666666666668
0.6,0.1,stochunif,twopoint,block,10,10.980392156862745
0.6,0.1,stochunif,twopoint,scramble,1,12.098039215686272
0.6,0.1,stochunif,twopoint,scramble,2,12.176470588235292
0.6,0.1,stochunif,twopoint,scramble,3,10.235294117647058
0.6,0.1,stochunif,twopoint,scramble,4,11.35294117647059
0.6,0.1,stochunif,twopoint,scramble,5,10.019607843137253
0.6,0.1,stochunif,twopoint,scramble,6,9.823529411764705
0.6,0.1,stochunif,twopoint,scramble,7,9.294117647058824
0.6,0.1,stochunif,twopoint,scramble,8,10.68627450980392
0.6,0.1,stochunif,twopoint,scramble,9,11.039215686274511
0.6,0.1,stochunif,twopoint,scramble,10,10.784313725490195
0.6,0.1,stochunif,twopoint,swap,1,12.019607843137255
0.6,0.1,stochunif,twopoint,swap,2,10.019607843137253
0.6,0.1,stochunif,twopoint,swap,3,10.901960784313724
0.6,0.1,stochunif,twopoint,swap,4,11.450980392156861
0.6,0.1,stochunif,twopoint,swap,5,11.450980392156863
0.6,0.1,stochunif,twopoint,swap,6,12.764705882352942
0.6,0.1,stochunif,twopoint,swap,7,11.039215686274511
0.6,0.1,stochunif,twopoint,swap,8,9.64705882352941
0.6,0.1,stochunif,twopoint,swap,9,10.392156862745097
0.6,0.1,stochunif,twopoint,swap,10,11.019607843137255
0.6,0.1,stochunif,twopoint,frequency,1,9.960784313725489
0.6,0.1,stochunif,twopoint,frequency,2,9.254901960784313
0.6,0.1,stochunif,twopoint,frequency,3,9.254901960784313
0.6,0.1,stochunif,twopoint,frequency,4,9.705882352941174
0.6,0.1,stochunif,twopoint,frequency,5,9.64705882352941
0.6,0.1,stochunif,twopoint,frequency,6,9.372549019607844
0.6,0.1,stochunif,twopoint,frequency,7,9.705882352941176
0.6,0.1,stochunif,twopoint,frequency,8,9.960784313725489
0.6,0.1,stochunif,twopoint,frequency,9,9.254901960784313
0.6,0.1,stochunif,twopoint,frequency,10,10.117647058823529
0.6,0.1,roulette,scattered,uniform,1,9.705882352941178
0.6,0.1,roulette,scattered,uniform,2,9.254901960784313
0.6,0.1,roulette,scattered,uniform,3,9.980392156862745
0.6,0.1,roulette,scattered,uniform,4,9.49019607843137
0.6,0.1,roulette,scattered,uniform,5,9.666666666666666
0.6,0.1,roulette,scattered,uniform,6,9.64705882352941
0.6,0.1,roulette,scattered,uniform,7,9.705882352941174
0.6,0.1,roulette,scattered,uniform,8,9.294117647058822
0.6,0.1,roulette,scattered,uniform,9,10.450980392156861
0.6,0.1,roulette,scattered,uniform,10,10.705882352941176
0.6,0.1,roulette,scattered,block,1,9.372549019607842
0.6,0.1,roulette,scattered,block,2,10.23529411764706
0.6,0.1,roulette,scattered,block,3,10.627450980392156
0.6,0.1,roulette,scattered,block,4,10.019607843137253
0.6,0.1,roulette,scattered,block,5,11.117647058823529
0.6,0.1,roulette,scattered,block,6,11.431372549019608
0.6,0.1,roulette,scattered,block,7,9.666666666666668
0.6,0.1,roulette,scattered,block,8,11.137254901960784
0.6,0.1,roulette,scattered,block,9,11.098039215686272
0.6,0.1,roulette,scattered,block,10,11.50980392156863
0.6,0.1,roulette,scattered,scramble,1,10.294117647058826
0.6,0.1,roulette,scattered,scramble,2,10.509803921568626
0.6,0.1,roulette,scattered,scramble,3,9.901960784313724
0.6,0.1,roulette,scattered,scramble,4,9.64705882352941
0.6,0.1,roulette,scattered,scramble,5,9.254901960784313
0.6,0.1,roulette,scattered,scramble,6,10.764705882352942
0.6,0.1,roulette,scattered,scramble,7,10.607843137254902
0.6,0.1,roulette,scattered,scramble,8,9.823529411764707
0.6,0.1,roulette,scattered,scramble,9,11.117647058823529
0.6,0.1,roulette,scattered,scramble,10,10.627450980392156
0.6,0.1,roulette,scattered,swap,1,9.509803921568627
0.6,0.1,roulette,scattered,swap,2,12.254901960784313
0.6,0.1,roulette,scattered,swap,3,11.49019607843137
0.6,0.1,roulette,scattered,swap,4,10.274509803921568
0.6,0.1,roulette,scattered,swap,5,10.333333333333332
0.6,0.1,roulette,scattered,swap,6,9.705882352941174
0.6,0.1,roulette,scattered,swap,7,10.823529411764707
0.6,0.1,roulette,scattered,swap,8,10.49019607843137
0.6,0.1,roulette,scattered,swap,9,9.960784313725489
0.6,0.1,roulette,scattered,swap,10,11.254901960784313
0.6,0.1,roulette,scattered,frequency,1,10.27450980392157
0.6,0.1,roulette,scattered,frequency,2,10.882352941176471
0.6,0.1,roulette,scattered,frequency,3,9.294117647058824
0.6,0.1,roulette,scattered,frequency,4,9.72549019607843
0.6,0.1,roulette,scattered,frequency,5,9.64705882352941
0.6,0.1,roulette,scattered,frequency,6,9.294117647058824
0.6,0.1,roulette,scattered,frequency,7,9.254901960784313
0.6,0.1,roulette,scattered,frequency,8,9.705882352941174
0.6,0.1,roulette,scattered,frequency,9,9.372549019607842
0.6,0.1,roulette,scattered,frequency,10,9.294117647058822
0.6,0.1,roulette,singlepoint,uniform,1,10.19607843137255
0.6,0.1,roulette,singlepoint,uniform,2,9.823529411764707
0.6,0.1,roulette,singlepoint,uniform,3,11.49019607843137
0.6,0.1,roulette,singlepoint,uniform,4,9.64705882352941
0.6,0.1,roulette,singlepoint,uniform,5,11.568627450980394
0.6,0.1,roulette,singlepoint,uniform,6,9.705882352941178
0.6,0.1,roulette,singlepoint,uniform,7,10.0
0.6,0.1,roulette,singlepoint,uniform,8,10.392156862745097
0.6,0.1,roulette,singlepoint,uniform,9,9.372549019607844
0.6,0.1,roulette,singlepoint,uniform,10,10.666666666666668
0.6,0.1,roulette,singlepoint,block,1,12.352941176470589
0.6,0.1,roulette,singlepoint,block,2,11.72549019607843
0.6,0.1,roulette,singlepoint,block,3,12.352941176470589
0.6,0.1,roulette,singlepoint,block,4,10.764705882352942
0.6,0.1,roulette,singlepoint,block,5,11.568627450980394
0.6,0.1,roulette,singlepoint,block,6,13.019607843137251
0.6,0.1,roulette,singlepoint,block,7,9.76470588235294
0.6,0.1,roulette,singlepoint,block,8,11.901960784313726
0.6,0.1,roulette,singlepoint,block,9,12.588235294117645
0.6,0.1,roulette,singlepoint,block,10,12.254901960784313
0.6,0.1,roulette,singlepoint,scramble,1,11.549019607843135
0.6,0.1,roulette,singlepoint,scramble,2,10.470588235294118
0.6,0.1,roulette,singlepoint,scramble,3,11.901960784313724
0.6,0.1,roulette,singlepoint,scramble,4,10.235294117647058
0.6,0.1,roulette,singlepoint,scramble,5,12.03921568627451
0.6,0.1,roulette,singlepoint,scramble,6,11.529411764705884
0.6,0.1,roulette,singlepoint,scramble,7,10.470588235294118
0.6,0.1,roulette,singlepoint,scramble,8,10.627450980392156
0.6,0.1,roulette,singlepoint,scramble,9,11.745098039215689
0.6,0.1,roulette,singlepoint,scramble,10,12.529411764705882
0.6,0.1,roulette,singlepoint,swap,1,11.56862745098039
0.6,0.1,roulette,singlepoint,swap,2,11.313725490196076
0.6,0.1,roulette,singlepoint,swap,3,13.098039215686274
0.6,0.1,roulette,singlepoint,swap,4,11.607843137254903
0.6,0.1,roulette,singlepoint,swap,5,11.49019607843137
0.6,0.1,roulette,singlepoint,swap,6,12.862745098039213
0.6,0.1,roulette,singlepoint,swap,7,10.999999999999998
0.6,0.1,roulette,singlepoint,swap,8,11.882352941176471
0.6,0.1,roulette,singlepoint,swap,9,12.098039215686276
0.6,0.1,roulette,singlepoint,swap,10,13.392156862745097
0.6,0.1,roulette,singlepoint,frequency,1,9.509803921568627
0.6,0.1,roulette,singlepoint,frequency,2,9.823529411764707
0.6,0.1,roulette,singlepoint,frequency,3,9.333333333333332
0.6,0.1,roulette,singlepoint,frequency,4,10.176470588235292
0.6,0.1,roulette,singlepoint,frequency,5,9.80392156862745
0.6,0.1,roulette,singlepoint,frequency,6,10.019607843137253
0.6,0.1,roulette,singlepoint,frequency,7,9.980392156862747
0.6,0.1,roulette,singlepoint,frequency,8,9.333333333333332
0.6,0.1,roulette,singlepoint,frequency,9,9.372549019607844
0.6,0.1,roulette,singlepoint,frequency,10,9.784313725490195
0.6,0.1,roulette,twopoint,uniform,1,9.333333333333332
0.6,0.1,roulette,twopoint,uniform,2,9.72549019607843
0.6,0.1,roulette,twopoint,uniform,3,11.509803921568627
0.6,0.1,roulette,twopoint,uniform,4,10.647058823529413
0.6,0.1,roulette,twopoint,uniform,5,10.549019607843137
0.6,0.1,roulette,twopoint,uniform,6,9.372549019607844
0.6,0.1,roulette,twopoint,uniform,7,11.509803921568631
0.6,0.1,roulette,twopoint,uniform,8,9.64705882352941
0.6,0.1,roulette,twopoint,uniform,9,9.705882352941176
0.6,0.1,roulette,twopoint,uniform,10,10.019607843137253
0.6,0.1,roulette,twopoint,block,1,11.137254901960786
0.6,0.1,roulette,twopoint,block,2,10.76470588235294
0.6,0.1,roulette,twopoint,block,3,10.607843137254902
0.6,0.1,roulette,twopoint,block,4,12.29411764705882
0.6,0.1,roulette,twopoint,block,5,12.470588235294118
0.6,0.1,roulette,twopoint,block,6,9.254901960784313
0.6,0.1,roulette,twopoint,block,7,10.470588235294116
0.6,0.1,roulette,twopoint,block,8,11.470588235294116
0.6,0.1,roulette,twopoint,block,9,11.549019607843135
0.6,0.1,roulette,twopoint,block,10,11.588235294117645
0.6,0.1,roulette,twopoint,scramble,1,11.450980392156863
0.6,0.1,roulette,twopoint,scramble,2,12.823529411764707
0.6,0.1,roulette,twopoint,scramble,3,10.098039215686274
0.6,0.1,roulette,twopoint,scramble,4,10.07843137254902
0.6,0.1,roulette,twopoint,scramble,5,9.901960784313724
0.6,0.1,roulette,twopoint,scramble,6,11.058823529411764
0.6,0.1,roulette,twopoint,scramble,7,10.588235294117647
0.6,0.1,roulette,twopoint,scramble,8,13.137254901960784
0.6,0.1,roulette,twopoint,scramble,9,10.686274509803923
0.6,0.1,roulette,twopoint,scramble,10,10.64705882352941
0.6,0.1,roulette,twopoint,swap,1,10.549019607843135
0.6,0.1,roulette,twopoint,swap,2,9.941176470588236
0.6,0.1,roulette,twopoint,swap,3,10.07843137254902
0.6,0.1,roulette,twopoint,swap,4,10.92156862745098
0.6,0.1,roulette,twopoint,swap,5,11.431372549019606
0.6,0.1,roulette,twopoint,swap,6,10.392156862745097
0.6,0.1,roulette,twopoint,swap,7,10.823529411764705
0.6,0.1,roulette,twopoint,swap,8,10.607843137254902
0.6,0.1,roulette,twopoint,swap,9,11.607843137254902
0.6,0.1,roulette,twopoint,swap,10,11.50980392156863
0.6,0.1,roulette,twopoint,frequency,1,10.72549019607843
0.6,0.1,roulette,twopoint,frequency,2,9.64705882352941
0.6,0.1,roulette,twopoint,frequency,3,9.588235294117647
0.6,0.1,roulette,twopoint,frequency,4,10.058823529411764
0.6,0.1,roulette,twopoint,frequency,5,9.941176470588236
0.6,0.1,roulette,twopoint,frequency,6,9.254901960784313
0.6,0.1,roulette,twopoint,frequency,7,10.313725490196079
0.6,0.1,roulette,twopoint,frequency,8,10.431372549019606
0.6,0.1,roulette,twopoint,frequency,9,9.941176470588234
0.6,0.1,roulette,twopoint,frequency,10,9.294117647058822
0.6,0.1,tournament,scattered,uniform,1,9.294117647058822
0.6,0.1,tournament,scattered,uniform,2,9.294117647058824
0.6,0.1,tournament,scattered,uniform,3,9.64705882352941
0.6,0.1,tournament,scattered,uniform,4,9.254901960784313
0.6,0.1,tournament,scattered,uniform,5,9.254901960784313
0.6,0.1,tournament,scattered,uniform,6,9.980392156862747
0.6,0.1,tournament,scattered,uniform,7,10.058823529411764
0.6,0.1,tournament,scattered,uniform,8,9.254901960784313
0.6,0.1,tournament,scattered,uniform,9,9.980392156862747
0.6,0.1,tournament,scattered,uniform,10,9.254901960784313
0.6,0.1,tournament,scattered,block,1,9.294117647058822
0.6,0.1,tournament,scattered,block,2,9.333333333333332
0.6,0.1,tournament,scattered,block,3,9.666666666666666
0.6,0.1,tournament,scattered,block,4,9.49019607843137
0.6,0.1,tournament,scattered,block,5,10.431372549019606
0.6,0.1,tournament,scattered,block,6,9.49019607843137
0.6,0.1,tournament,scattered,block,7,10.823529411764705
0.6,0.1,tournament,scattered,block,8,9.254901960784313
0.6,0.1,tournament,scattered,block,9,9.64705882352941
0.6,0.1,tournament,scattered,block,10,10.019607843137255
0.6,0.1,tournament,scattered,scramble,1,9.254901960784313
0.6,0.1,tournament,scattered,scramble,2,10.019607843137255
0.6,0.1,tournament,scattered,scramble,3,9.960784313725489
0.6,0.1,tournament,scattered,scramble,4,9.294117647058822
0.6,0.1,tournament,scattered,scramble,5,9.254901960784313
0.6,0.1,tournament,scattered,scramble,6,9.254901960784313
0.6,0.1,tournament,scattered,scramble,7,9.333333333333332
0.6,0.1,tournament,scattered,scramble,8,10.019607843137253
0.6,0.1,tournament,scattered,scramble,9,10.627450980392156
0.6,0.1,tournament,scattered,scramble,10,9.509803921568627
0.6,0.1,tournament,scattered,swap,1,9.64705882352941
0.6,0.1,tournament,scattered,swap,2,9.254901960784313
0.6,0.1,tournament,scattered,swap,3,9.294117647058824
0.6,0.1,tournament,scattered,swap,4,10.215686274509803
0.6,0.1,tournament,scattered,swap,5,9.254901960784313
0.6,0.1,tournament,scattered,swap,6,9.333333333333332
0.6,0.1,tournament,scattered,swap,7,10.333333333333332
0.6,0.1,tournament,scattered,swap,8,9.254901960784313
0.6,0.1,tournament,scattered,swap,9,9.254901960784313
0.6,0.1,tournament,scattered,swap,10,10.549019607843139
0.6,0.1,tournament,scattered,frequency,1,9.254901960784313
0.6,0.1,tournament,scattered,frequency,2,9.254901960784313
0.6,0.1,tournament,scattered,frequency,3,9.254901960784313
0.6,0.1,tournament,scattered,frequency,4,9.705882352941176
0.6,0.1,tournament,scattered,frequency,5,9.294117647058822
0.6,0.1,tournament,scattered,frequency,6,9.254901960784313
0.6,0.1,tournament,scattered,frequency,7,10.019607843137255
0.6,0.1,tournament,scattered,frequency,8,9.294117647058824
0.6,0.1,tournament,scattered,frequency,9,9.254901960784313
0.6,0.1,tournament,scattered,frequency,10,9.64705882352941
0.6,0.1,tournament,singlepoint,uniform,1,9.76470588235294
0.6,0.1,tournament,singlepoint,uniform,2,9.294117647058824
0.6,0.1,tournament,singlepoint,uniform,3,9.254901960784313
0.6,0.1,tournament,singlepoint,uniform,4,9.254901960784313
0.6,0.1,tournament,singlepoint,uniform,5,9.254901960784313
0.6,0.1,tournament,singlepoint,uniform,6,9.254901960784313
0.6,0.1,tournament,singlepoint,uniform,7,10.745098039215687
0.6,0.1,tournament,singlepoint,uniform,8,9.294117647058822
0.6,0.1,tournament,singlepoint,uniform,9,9.294117647058822
0.6,0.1,tournament,singlepoint,uniform,10,9.254901960784313
0.6,0.1,tournament,singlepoint,block,1,10.411764705882351
0.6,0.1,tournament,singlepoint,block,2,10.882352941176471
0.6,0.1,tournament,singlepoint,block,3,9.254901960784313
0.6,0.1,tournament,singlepoint,block,4,9.686274509803921
0.6,0.1,tournament,singlepoint,block,5,11.294117647058822
0.6,0.1,tournament,singlepoint,block,6,10.490196078431369
0.6,0.1,tournament,singlepoint,block,7,11.0
0.6,0.1,tournament,singlepoint,block,8,10.058823529411766
0.6,0.1,tournament,singlepoint,block,9,10.117647058823529
0.6,0.1,tournament,singlepoint,block,10,10.588235294117647
0.6,0.1,tournament,singlepoint,scramble,1,11.03921568627451
0.6,0.1,tournament,singlepoint,scramble,2,10.235294117647058
0.6,0.1,tournament,singlepoint,scramble,3,11.294117647058822
0.6,0.1,tournament,singlepoint,scramble,4,9.254901960784313
0.6,0.1,tournament,singlepoint,scramble,5,9.294117647058822
0.6,0.1,tournament,singlepoint,scramble,6,9.294117647058822
0.6,0.1,tournament,singlepoint,scramble,7,9.294117647058824
0.6,0.1,tournament,singlepoint,scramble,8,9.254901960784313
0.6,0.1,tournament,singlepoint,scramble,9,9.823529411764707
0.6,0.1,tournament,singlepoint,scramble,10,9.333333333333332
0.6,0.1,tournament,singlepoint,swap,1,11.882352941176471
0.6,0.1,tournament,singlepoint,swap,2,9.941176470588237
0.6,0.1,tournament,singlepoint,swap,3,10.352941176470587
0.6,0.1,tournament,singlepoint,swap,4,11.196078431372548
0.6,0.1,tournament,singlepoint,swap,5,10.627450980392156
0.6,0.1,tournament,singlepoint,swap,6,10.588235294117645
0.6,0.1,tournament,singlepoint,swap,7,10.450980392156863
0.6,0.1,tournament,singlepoint,swap,8,11.058823529411766
0.6,0.1,tournament,singlepoint,swap,9,10.56862745098039
0.6,0.1,tournament,singlepoint,swap,10,10.745098039215685
0.6,0.1,tournament,singlepoint,frequency,1,11.294117647058824
0.6,0.1,tournament,singlepoint,frequency,2,9.294117647058822
0.6,0.1,tournament,singlepoint,frequency,3,9.254901960784313
0.6,0.1,tournament,singlepoint,frequency,4,9.294117647058822
0.6,0.1,tournament,singlepoint,frequency,5,10.431372549019606
0.6,0.1,tournament,singlepoint,frequency,6,9.254901960784313
0.6,0.1,tournament,singlepoint,frequency,7,9.294117647058824
0.6,0.1,tournament,singlepoint,frequency,8,9.254901960784313
0.6,0.1,tournament,singlepoint,frequency,9,9.705882352941174
0.6,0.1,tournament,singlepoint,frequency,10,9.254901960784313
0.6,0.1,tournament,twopoint,uniform,1,10.058823529411764
0.6,0.1,tournament,twopoint,uniform,2,9.705882352941176
0.6,0.1,tournament,twopoint,uniform,3,10.019607843137253
0.6,0.1,tournament,twopoint,uniform,4,9.254901960784313
0.6,0.1,tournament,twopoint,uniform,5,10.156862745098037
0.6,0.1,tournament,twopoint,uniform,6,9.333333333333332
0.6,0.1,tournament,twopoint,uniform,7,9.294117647058822
0.6,0.1,tournament,twopoint,uniform,8,9.294117647058824
0.6,0.1,tournament,twopoint,uniform,9,10.019607843137253
0.6,0.1,tournament,twopoint,uniform,10,9.901960784313724
0.6,0.1,tournament,twopoint,block,1,9.333333333333332
0.6,0.1,tournament,twopoint,block,2,9.823529411764707
0.6,0.1,tournament,twopoint,block,3,9.666666666666668
0.6,0.1,tournament,twopoint,block,4,11.117647058823529
0.6,0.1,tournament,twopoint,block,5,11.137254901960784
0.6,0.1,tournament,twopoint,block,6,11.745098039215685
0.6,0.1,tournament,twopoint,block,7,10.235294117647058
0.6,0.1,tournament,twopoint,block,8,11.549019607843135
0.6,0.1,tournament,twopoint,block,9,10.117647058823529
0.6,0.1,tournament,twopoint,block,10,10.392156862745097
0.6,0.1,tournament,twopoint,scramble,1,9.254901960784313
0.6,0.1,tournament,twopoint,scramble,2,10.019607843137253
0.6,0.1,tournament,twopoint,scramble,3,10.11764705882353
0.6,0.1,tournament,twopoint,scramble,4,9.980392156862747
0.6,0.1,tournament,twopoint,scramble,5,9.254901960784313
0.6,0.1,tournament,twopoint,scramble,6,9.254901960784313
0.6,0.1,tournament,twopoint,scramble,7,10.72549019607843
0.6,0.1,tournament,twopoint,scramble,8,9.980392156862749
0.6,0.1,tournament,twopoint,scramble,9,10.960784313725489
0.6,0.1,tournament,twopoint,scramble,10,10.470588235294116
0.6,0.1,tournament,twopoint,swap,1,10.137254901960786
0.6,0.1,tournament,twopoint,swap,2,10.019607843137253
0.6,0.1,tournament,twopoint,swap,3,9.254901960784313
0.6,0.1,tournament,twopoint,swap,4,9.254901960784313
0.6,0.1,tournament,twopoint,swap,5,9.784313725490195
0.6,0.1,tournament,twopoint,swap,6,10.725490196078432
0.6,0.1,tournament,twopoint,swap,7,9.254901960784313
0.6,0.1,tournament,twopoint,swap,8,10.431372549019606
0.6,0.1,tournament,twopoint,swap,9,9.254901960784313
0.6,0.1,tournament,twopoint,swap,10,9.941176470588236
0.6,0.1,tournament,twopoint,frequency,1,9.64705882352941
0.6,0.1,tournament,twopoint,frequency,2,9.294117647058824
0.6,0.1,tournament,twopoint,frequency,3,9.333333333333332
0.6,0.1,tournament,twopoint,frequency,4,9.64705882352941
0.6,0.1,tournament,twopoint,frequency,5,9.294117647058824
0.6,0.1,tournament,twopoint,frequency,6,9.294117647058824
0.6,0.1,tournament,twopoint,frequency,7,9.254901960784313
0.6,0.1,tournament,twopoint,frequency,8,9.980392156862747
0.6,0.1,tournament,twopoint,frequency,9,9.294117647058822
0.6,0.1,tournament,twopoint,frequency,10,9.294117647058822
0.6,0.2,stochunif,scattered,uniform,1,9.980392156862747
0.6,0.2,stochunif,scattered,uniform,2,9.294117647058824
0.6,0.2,stochunif,scattered,uniform,3,9.705882352941176
0.6,0.2,stochunif,scattered,uniform,4,10.11764705882353
0.6,0.2,stochunif,scattered,uniform,5,9.64705882352941
0.6,0.2,stochunif,scattered,uniform,6,9.92156862745098
0.6,0.2,stochunif,scattered,uniform,7,9.254901960784313
0.6,0.2,stochunif,scattered,uniform,8,9.254901960784313
0.6,0.2,stochunif,scattered,uniform,9,9.705882352941176
0.6,0.2,stochunif,scattered,uniform,10,9.980392156862747
0.6,0.2,stochunif,scattered,block,1,9.705882352941174
0.6,0.2,stochunif,scattered,block,2,12.176470588235293
0.6,0.2,stochunif,scattered,block,3,10.294117647058824
0.6,0.2,stochunif,scattered,block,4,9.705882352941176
0.6,0.2,stochunif,scattered,block,5,9.823529411764707
0.6,0.2,stochunif,scattered,block,6,10.431372549019608
0.6,0.2,stochunif,scattered,block,7,10.235294117647058
0.6,0.2,stochunif,scattered,block,8,9.901960784313724
0.6,0.2,stochunif,scattered,block,9,10.588235294117647
0.6,0.2,stochunif,scattered,block,10,10.784313725490193
0.6,0.2,stochunif,scattered,scramble,1,10.745098039215685
0.6,0.2,stochunif,scattered,scramble,2,10.725490196078432
0.6,0.2,stochunif,scattered,scramble,3,9.941176470588234
0.6,0.2,stochunif,scattered,scramble,4,10.549019607843135
0.6,0.2,stochunif,scattered,scramble,5,9.254901960784313
0.6,0.2,stochunif,scattered,scramble,6,11.176470588235295
0.6,0.2,stochunif,scattered,scramble,7,9.254901960784313
0.6,0.2,stochunif,scattered,scramble,8,9.294117647058824
0.6,0.2,stochunif,scattered,scramble,9,10.352941176470589
0.6,0.2,stochunif,scattered,scramble,10,11.23529411764706
0.6,0.2,stochunif,scattered,swap,1,9.254901960784313
0.6,0.2,stochunif,scattered,swap,2,10.588235294117645
0.6,0.2,stochunif,scattered,swap,3,10.49019607843137
0.6,0.2,stochunif,scattered,swap,4,9.705882352941174
0.6,0.2,stochunif,scattered,swap,5,10.058823529411764
0.6,0.2,stochunif,scattered,swap,6,9.294117647058824
0.6,0.2,stochunif,scattered,swap,7,9.64705882352941
0.6,0.2,stochunif,scattered,swap,8,9.294117647058822
0.6,0.2,stochunif,scattered,swap,9,11.098039215686272
0.6,0.2,stochunif,scattered,swap,10,10.862745098039214
0.6,0.2,stochunif,scattered,frequency,1,9.333333333333332
0.6,0.2,stochunif,scattered,frequency,2,10.431372549019606
0.6,0.2,stochunif,scattered,frequency,3,11.019607843137255
0.6,0.2,stochunif,scattered,frequency,4,9.64705882352941
0.6,0.2,stochunif,scattered,frequency,5,9.254901960784313
0.6,0.2,stochunif,scattered,frequency,6,9.705882352941174
0.6,0.2,stochunif,scattered,frequency,7,9.254901960784313
0.6,0.2,stochunif,scattered,frequency,8,9.333333333333332
0.6,0.2,stochunif,scattered,frequency,9,9.76470588235294
0.6,0.2,stochunif,scattered,frequency,10,9.705882352941176
0.6,0.2,stochunif,singlepoint,uniform,1,9.72549019607843
0.6,0.2,stochunif,singlepoint,uniform,2,10.058823529411764
0.6,0.2,stochunif,singlepoint,uniform,3,9.333333333333332
0.6,0.2,stochunif,singlepoint,uniform,4,9.686274509803921
0.6,0.2,stochunif,singlepoint,uniform,5,10.647058823529411
0.6,0.2,stochunif,singlepoint,uniform,6,10.196078431372547
0.6,0.2,stochunif,singlepoint,uniform,7,10.607843137254903
0.6,0.2,stochunif,singlepoint,uniform,8,10.882352941176471
0.6,0.2,stochunif,singlepoint,uniform,9,9.333333333333332
0.6,0.2,stochunif,singlepoint,uniform,10,9.294117647058824
0.6,0.2,stochunif,singlepoint,block,1,11.529411764705882
0.6,0.2,stochunif,singlepoint,block,2,10.509803921568626
0.6,0.2,stochunif,singlepoint,block,3,11.137254901960786
0.6,0.2,stochunif,singlepoint,block,4,11.176470588235295
0.6,0.2,stochunif,singlepoint,block,5,10.607843137254903
0.6,0.2,stochunif,singlepoint,block,6,10.313725490196076
0.6,0.2,stochunif,singlepoint,block,7,11.294117647058824
0.6,0.2,stochunif,singlepoint,block,8,11.647058823529413
0.6,0.2,stochunif,singlepoint,block,9,11.411764705882353
0.6,0.2,stochunif,singlepoint,block,10,10.03921568627451
0.6,0.2,stochunif,singlepoint,scramble,1,10.88235294117647
0.6,0.2,stochunif,singlepoint,scramble,2,13.588235294117645
0.6,0.2,stochunif,singlepoint,scramble,3,12.254901960784315
0.6,0.2,stochunif,singlepoint,scramble,4,12.294117647058824
0.6,0.2,stochunif,singlepoint,scramble,5,11.745098039215685
0.6,0.2,stochunif,singlepoint,scramble,6,11.215686274509801
0.6,0.2,stochunif,singlepoint,scramble,7,11.254901960784313
0.6,0.2,stochunif,singlepoint,scramble,8,12.450980392156861
0.6,0.2,stochunif,singlepoint,scramble,9,9.980392156862745
0.6,0.2,stochunif,singlepoint,scramble,10,9.980392156862745
0.6,0.2,stochunif,singlepoint,swap,1,10.117647058823529
0.6,0.2,stochunif,singlepoint,swap,2,11.176470588235293
0.6,0.2,stochunif,singlepoint,swap,3,9.960784313725489
0.6,0.2,stochunif,singlepoint,swap,4,10.156862745098039
0.6,0.2,stochunif,singlepoint,swap,5,11.490196078431373
0.6,0.2,stochunif,singlepoint,swap,6,10.745098039215685
0.6,0.2,stochunif,singlepoint,swap,7,10.76470588235294
0.6,0.2,stochunif,singlepoint,swap,8,10.88235294117647
0.6,0.2,stochunif,singlepoint,swap,9,10.588235294117649
0.6,0.2,stochunif,singlepoint,swap,10,10.509803921568627
0.6,0.2,stochunif,singlepoint,frequency,1,9.294117647058824
0.6,0.2,stochunif,singlepoint,frequency,2,11.137254901960784
0.6,0.2,stochunif,singlepoint,frequency,3,10.274509803921564
0.6,0.2,stochunif,singlepoint,frequency,4,10.72549019607843
0.6,0.2,stochunif,singlepoint,frequency,5,10.725490196078432
0.6,0.2,stochunif,singlepoint,frequency,6,9.960784313725489
0.6,0.2,stochunif,singlepoint,frequency,7,9.294117647058824
0.6,0.2,stochunif,singlepoint,frequency,8,9.254901960784313
0.6,0.2,stochunif,singlepoint,frequency,9,11.137254901960782
0.6,0.2,stochunif,singlepoint,frequency,10,10.098039215686274
0.6,0.2,stochunif,twopoint,uniform,1,9.294117647058824
0.6,0.2,stochunif,twopoint,uniform,2,9.647058823529411
0.6,0.2,stochunif,twopoint,uniform,3,9.254901960784313
0.6,0.2,stochunif,twopoint,uniform,4,9.254901960784313
0.6,0.2,stochunif,twopoint,uniform,5,9.294117647058822
0.6,0.2,stochunif,twopoint,uniform,6,9.666666666666668
0.6,0.2,stochunif,twopoint,uniform,7,9.784313725490195
0.6,0.2,stochunif,twopoint,uniform,8,10.019607843137253
0.6,0.2,stochunif,twopoint,uniform,9,12.196078431372548
0.6,0.2,stochunif,twopoint,uniform,10,10.843137254901963
0.6,0.2,stochunif,twopoint,block,1,10.450980392156863
0.6,0.2,stochunif,twopoint,block,2,10.84313725490196
0.6,0.2,stochunif,twopoint,block,3,12.019607843137257
0.6,0.2,stochunif,twopoint,block,4,10.92156862745098
0.6,0.2,stochunif,twopoint,block,5,10.117647058823529
0.6,0.2,stochunif,twopoint,block,6,11.568627450980392
0.6,0.2,stochunif,twopoint,block,7,10.411764705882351
0.6,0.2,stochunif,twopoint,block,8,12.56862745098039
0.6,0.2,stochunif,twopoint,block,9,10.333333333333332
0.6,0.2,stochunif,twopoint,block,10,11.588235294117645
0.6,0.2,stochunif,twopoint,scramble,1,9.803921568627448
0.6,0.2,stochunif,twopoint,scramble,2,10.88235294117647
0.6,0.2,stochunif,twopoint,scramble,3,10.274509803921568
0.6,0.2,stochunif,twopoint,scramble,4,10.784313725490193
0.6,0.2,stochunif,twopoint,scramble,5,11.019607843137253
0.6,0.2,stochunif,twopoint,scramble,6,10.76470588235294
0.6,0.2,stochunif,twopoint,scramble,7,10.235294117647056
0.6,0.2,stochunif,twopoint,scramble,8,9.823529411764707
0.6,0.2,stochunif,twopoint,scramble,9,11.68627450980392
0.6,0.2,stochunif,twopoint,scramble,10,10.431372549019606
0.6,0.2,stochunif,twopoint,swap,1,10.666666666666668
0.6,0.2,stochunif,twopoint,swap,2,10.019607843137255
0.6,0.2,stochunif,twopoint,swap,3,10.588235294117647
0.6,0.2,stochunif,twopoint,swap,4,11.803921568627448
0.6,0.2,stochunif,twopoint,swap,5,12.568627450980392
0.6,0.2,stochunif,twopoint,swap,6,10.019607843137255
0.6,0.2,stochunif,twopoint,swap,7,9.96078431372549
0.6,0.2,stochunif,twopoint,swap,8,11.803921568627452
0.6,0.2,stochunif,twopoint,swap,9,11.843137254901961
0.6,0.2,stochunif,twopoint,swap,10,11.23529411764706
0.6,0.2,stochunif,twopoint,frequency,1,9.666666666666668
0.6,0.2,stochunif,twopoint,frequency,2,9.64705882352941
0.6,0.2,stochunif,twopoint,frequency,3,9.254901960784313
0.6,0.2,stochunif,twopoint,frequency,4,10.372549019607844
0.6,0.2,stochunif,twopoint,frequency,5,10.27450980392157
0.6,0.2,stochunif,twopoint,frequency,6,9.294117647058824
0.6,0.2,stochunif,twopoint,frequency,7,9.64705882352941
0.6,0.2,stochunif,twopoint,frequency,8,10.176470588235293
0.6,0.2,stochunif,twopoint,frequency,9,9.372549019607844
0.6,0.2,stochunif,twopoint,frequency,10,9.294117647058822
0.6,0.2,roulette,scattered,uniform,1,9.705882352941176
0.6,0.2,roulette,scattered,uniform,2,10.333333333333332
0.6,0.2,roulette,scattered,uniform,3,9.254901960784313
0.6,0.2,roulette,scattered,uniform,4,9.254901960784313
0.6,0.2,roulette,scattered,uniform,5,10.352941176470587
0.6,0.2,roulette,scattered,uniform,6,9.666666666666668
0.6,0.2,roulette,scattered,uniform,7,9.254901960784313
0.6,0.2,roulette,scattered,uniform,8,10.313725490196079
0.6,0.2,roulette,scattered,uniform,9,9.64705882352941
0.6,0.2,roulette,scattered,uniform,10,9.862745098039213
0.6,0.2,roulette,scattered,block,1,11.686274509803923
0.6,0.2,roulette,scattered,block,2,10.549019607843135
0.6,0.2,roulette,scattered,block,3,10.686274509803921
0.6,0.2,roulette,scattered,block,4,9.705882352941174
0.6,0.2,roulette,scattered,block,5,10.07843137254902
0.6,0.2,roulette,scattered,block,6,11.07843137254902
0.6,0.2,roulette,scattered,block,7,10.019607843137257
0.6,0.2,roulette,scattered,block,8,9.980392156862745
0.6,0.2,roulette,scattered,block,9,10.549019607843135
0.6,0.2,roulette,scattered,block,10,9.980392156862749
0.6,0.2,roulette,scattered,scramble,1,9.705882352941174
0.6,0.2,roulette,scattered,scramble,2,9.705882352941174
0.6,0.2,roulette,scattered,scramble,3,10.215686274509801
0.6,0.2,roulette,scattered,scramble,4,10.176470588235293
0.6,0.2,roulette,scattered,scramble,5,11.137254901960786
0.6,0.2,roulette,scattered,scramble,6,9.294117647058824
0.6,0.2,roulette,scattered,scramble,7,11.098039215686274
0.6,0.2,roulette,scattered,scramble,8,10.117647058823529
0.6,0.2,roulette,scattered,scramble,9,10.549019607843135
0.6,0.2,roulette,scattered,scramble,10,10.176470588235292
0.6,0.2,roulette,scattered,swap,1,12.117647058823527
0.6,0.2,roulette,scattered,swap,2,10.392156862745098
0.6,0.2,roulette,scattered,swap,3,11.686274509803923
0.6,0.2,roulette,scattered,swap,4,11.392156862745098
0.6,0.2,roulette,scattered,swap,5,10.862745098039214
0.6,0.2,roulette,scattered,swap,6,10.07843137254902
0.6,0.2,roulette,scattered,swap,7,10.274509803921566
0.6,0.2,roulette,scattered,swap,8,10.07843137254902
0.6,0.2,roulette,scattered,swap,9,10.96078431372549
0.6,0.2,roulette,scattered,swap,10,9.784313725490197
0.6,0.2,roulette,scattered,frequency,1,9.254901960784313
0.6,0.2,roulette,scattered,frequency,2,9.294117647058822
0.6,0.2,roulette,scattered,frequency,3,9.529411764705882
0.6,0.2,roulette,scattered,frequency,4,9.294117647058822
0.6,0.2,roulette,scattered,frequency,5,9.960784313725489
0.6,0.2,roulette,scattered,frequency,6,10.392156862745097
0.6,0.2,roulette,scattered,frequency,7,9.294117647058822
0.6,0.2,roulette,scattered,frequency,8,9.254901960784313
0.6,0.2,roulette,scattered,frequency,9,10.15686274509804
0.6,0.2,roulette,scattered,frequency,10,9.980392156862747
0.6,0.2,roulette,singlepoint,uniform,1,10.117647058823529
0.6,0.2,roulette,singlepoint,uniform,2,10.627450980392156
0.6,0.2,roulette,singlepoint,uniform,3,9.705882352941174
0.6,0.2,roulette,singlepoint,uniform,4,10.666666666666668
0.6,0.2,roulette,singlepoint,uniform,5,9.294117647058824
0.6,0.2,roulette,singlepoint,uniform,6,10.019607843137255
0.6,0.2,roulette,singlepoint,uniform,7,9.96078431372549
0.6,0.2,roulette,singlepoint,uniform,8,10.058823529411764
0.6,0.2,roulette,singlepoint,uniform,9,10.607843137254902
0.6,0.2,roulette,singlepoint,uniform,10,9.333333333333332
0.6,0.2,roulette,singlepoint,block,1,11.117647058823527
0.6,0.2,roulette,singlepoint,block,2,9.980392156862745
0.6,0.2,roulette,singlepoint,block,3,10.84313725490196
0.6,0.2,roulette,singlepoint,block,4,11.92156862745098
0.6,0.2,roulette,singlepoint,block,5,12.137254901960784
0.6,0.2,roulette,singlepoint,block,6,11.450980392156863
0.6,0.2,roulette,singlepoint,block,7,12.117647058823527
0.6,0.2,roulette,singlepoint,block,8,11.254901960784315
0.6,0.2,roulette,singlepoint,block,9,11.490196078431373
0.6,0.2,roulette,singlepoint,block,10,11.627450980392158
0.6,0.2,roulette,singlepoint,scramble,1,12.960784313725487
0.6,0.2,roulette,singlepoint,scramble,2,11.823529411764705
0.6,0.2,roulette,singlepoint,scramble,3,11.333333333333332
0.6,0.2,roulette,singlepoint,scramble,4,10.196078431372548
0.6,0.2,roulette,singlepoint,scramble,5,12.058823529411763
0.6,0.2,roulette,singlepoint,scramble,6,12.196078431372547
0.6,0.2,roulette,singlepoint,scramble,7,10.84313725490196
0.6,0.2,roulette,singlepoint,scramble,8,12.941176470588236
0.6,0.2,roulette,singlepoint,scramble,9,9.823529411764707
0.6,0.2,roulette,singlepoint,scramble,10,11.686274509803921
0.6,0.2,roulette,singlepoint,swap,1,10.098039215686272
0.6,0.2,roulette,singlepoint,swap,2,11.80392156862745
0.6,0.2,roulette,singlepoint,swap,3,11.274509803921566
0.6,0.2,roulette,singlepoint,swap,4,10.019607843137253
0.6,0.2,roulette,singlepoint,swap,5,12.098039215686276
0.6,0.2,roulette,singlepoint,swap,6,11.098039215686276
0.6,0.2,roulette,singlepoint,swap,7,11.686274509803921
0.6,0.2,roulette,singlepoint,swap,8,11.52941176470588
0.6,0.2,roulette,singlepoint,swap,9,10.49019607843137
0.6,0.2,roulette,singlepoint,swap,10,11.058823529411763
0.6,0.2,roulette,singlepoint,frequency,1,10.960784313725489
0.6,0.2,roulette,singlepoint,frequency,2,10.47058823529412
0.6,0.2,roulette,singlepoint,frequency,3,9.254901960784313
0.6,0.2,roulette,singlepoint,frequency,4,10.098039215686272
0.6,0.2,roulette,singlepoint,frequency,5,10.215686274509803
0.6,0.2,roulette,singlepoint,frequency,6,10.352941176470587
0.6,0.2,roulette,singlepoint,frequency,7,10.607843137254902
0.6,0.2,roulette,singlepoint,frequency,8,9.294117647058824
0.6,0.2,roulette,singlepoint,frequency,9,10.313725490196076
0.6,0.2,roulette,singlepoint,frequency,10,10.450980392156863
0.6,0.2,roulette,twopoint,uniform,1,9.705882352941176
0.6,0.2,roulette,twopoint,uniform,2,9.705882352941174
0.6,0.2,roulette,twopoint,uniform,3,10.960784313725489
0.6,0.2,roulette,twopoint,uniform,4,10.117647058823529
0.6,0.2,roulette,twopoint,uniform,5,10.882352941176473
0.6,0.2,roulette,twopoint,uniform,6,9.705882352941176
0.6,0.2,roulette,twopoint,uniform,7,10.058823529411763
0.6,0.2,roulette,twopoint,uniform,8,9.666666666666668
0.6,0.2,roulette,twopoint,uniform,9,9.294117647058824
0.6,0.2,roulette,twopoint,uniform,10,9.72549019607843
0.6,0.2,roulette,twopoint,block,1,10.23529411764706
0.6,0.2,roulette,twopoint,block,2,12.549019607843135
0.6,0.2,roulette,twopoint,block,3,11.431372549019606
0.6,0.2,roulette,twopoint,block,4,10.254901960784316
0.6,0.2,roulette,twopoint,block,5,10.549019607843139
0.6,0.2,roulette,twopoint,block,6,11.431372549019606
0.6,0.2,roulette,twopoint,block,7,10.72549019607843
0.6,0.2,roulette,twopoint,block,8,13.19607843137255
0.6,0.2,roulette,twopoint,block,9,10.76470588235294
0.6,0.2,roulette,twopoint,block,10,11.058823529411763
0.6,0.2,roulette,twopoint,scramble,1,11.137254901960784
0.6,0.2,roulette,twopoint,scramble,2,9.372549019607842
0.6,0.2,roulette,twopoint,scramble,3,11.68627450980392
0.6,0.2,roulette,twopoint,scramble,4,10.784313725490195
0.6,0.2,roulette,twopoint,scramble,5,9.333333333333332
0.6,0.2,roulette,twopoint,scramble,6,11.196078431372548
0.6,0.2,roulette,twopoint,scramble,7,9.76470588235294
0.6,0.2,roulette,twopoint,scramble,8,9.52941176470588
0.6,0.2,roulette,twopoint,scramble,9,11.725490196078432
0.6,0.2,roulette,twopoint,scramble,10,11.03921568627451
0.6,0.2,roulette,twopoint,swap,1,10.215686274509801
0.6,0.2,roulette,twopoint,swap,2,10.37254901960784
0.6,0.2,roulette,twopoint,swap,3,9.549019607843137
0.6,0.2,roulette,twopoint,swap,4,11.098039215686274
0.6,0.2,roulette,twopoint,swap,5,11.84313725490196
0.6,0.2,roulette,twopoint,swap,6,10.156862745098037
0.6,0.2,roulette,twopoint,swap,7,10.627450980392156
0.6,0.2,roulette,twopoint,swap,8,11.764705882352942
0.6,0.2,roulette,twopoint,swap,9,9.294117647058824
0.6,0.2,roulette,twopoint,swap,10,10.745098039215684
0.6,0.2,roulette,twopoint,frequency,1,10.058823529411764
0.6,0.2,roulette,twopoint,frequency,2,11.15686274509804
0.6,0.2,roulette,twopoint,frequency,3,10.117647058823529
0.6,0.2,roulette,twopoint,frequency,4,10.627450980392158
0.6,0.2,roulette,twopoint,frequency,5,10.745098039215685
0.6,0.2,roulette,twopoint,frequency,6,10.392156862745097
0.6,0.2,roulette,twopoint,frequency,7,9.686274509803921
0.6,0.2,roulette,twopoint,frequency,8,9.254901960784313
0.6,0.2,roulette,twopoint,frequency,9,9.254901960784313
0.6,0.2,roulette,twopoint,frequency,10,11.333333333333334
0.6,0.2,tournament,scattered,uniform,1,9.294117647058822
0.6,0.2,tournament,scattered,uniform,2,10.137254901960786
0.6,0.2,tournament,scattered,uniform,3,9.294117647058822
0.6,0.2,tournament,scattered,uniform,4,9.254901960784313
0.6,0.2,tournament,scattered,uniform,5,9.254901960784313
0.6,0.2,tournament,scattered,uniform,6,9.294117647058822
0.6,0.2,tournament,scattered,uniform,7,9.294117647058822
0.6,0.2,tournament,scattered,uniform,8,9.254901960784313
0.6,0.2,tournament,scattered,uniform,9,9.294117647058822
0.6,0.2,tournament,scattered,uniform,10,9.254901960784313
0.6,0.2,tournament,scattered,block,1,9.254901960784313
0.6,0.2,tournament,scattered,block,2,9.254901960784313
0.6,0.2,tournament,scattered,block,3,10.352941176470587
0.6,0.2,tournament,scattered,block,4,9.254901960784313
0.6,0.2,tournament,scattered,block,5,9.80392156862745
0.6,0.2,tournament,scattered,block,6,10.313725490196077
0.6,0.2,tournament,scattered,block,7,9.254901960784313
0.6,0.2,tournament,scattered,block,8,9.254901960784313
0.6,0.2,tournament,scattered,block,9,9.294117647058822
0.6,0.2,tournament,scattered,block,10,9.64705882352941
0.6,0.2,tournament,scattered,scramble,1,9.254901960784313
0.6,0.2,tournament,scattered,scramble,2,9.254901960784313
0.6,0.2,tournament,scattered,scramble,3,9.254901960784313
0.6,0.2,tournament,scattered,scramble,4,9.294117647058822
0.6,0.2,tournament,scattered,scramble,5,9.72549019607843
0.6,0.2,tournament,scattered,scramble,6,9.254901960784313
0.6,0.2,tournament,scattered,scramble,7,9.254901960784313
0.6,0.2,tournament,scattered,scramble,8,9.823529411764707
0.6,0.2,tournament,scattered,scramble,9,9.254901960784313
0.6,0.2,tournament,scattered,scramble,10,9.803921568627448
0.6,0.2,tournament,scattered,swap,1,9.254901960784313
0.6,0.2,tournament,scattered,swap,2,9.666666666666666
0.6,0.2,tournament,scattered,swap,3,10.117647058823529
0.6,0.2,tournament,scattered,swap,4,9.333333333333332
0.6,0.2,tournament,scattered,swap,5,9.294117647058822
0.6,0.2,tournament,scattered,swap,6,9.294117647058822
0.6,0.2,tournament,scattered,swap,7,9.294117647058822
0.6,0.2,tournament,scattered,swap,8,9.333333333333332
0.6,0.2,tournament,scattered,swap,9,10.058823529411763
0.6,0.2,tournament,scattered,swap,10,9.666666666666668
0.6,0.2,tournament,scattered,frequency,1,9.254901960784313
0.6,0.2,tournament,scattered,frequency,2,9.254901960784313
0.6,0.2,tournament,scattered,frequency,3,10.313725490196077
0.6,0.2,tournament,scattered,frequency,4,9.254901960784313
0.6,0.2,tournament,scattered,frequency,5,9.705882352941178
0.6,0.2,tournament,scattered,frequency,6,9.294117647058822
0.6,0.2,tournament,scattered,frequency,7,9.254901960784313
0.6,0.2,tournament,scattered,frequency,8,9.294117647058822
0.6,0.2,tournament,scattered,frequency,9,9.294117647058822
0.6,0.2,tournament,scattered,frequency,10,9.980392156862745
0.6,0.2,tournament,singlepoint,uniform,1,9.64705882352941
0.6,0.2,tournament,singlepoint,uniform,2,11.607843137254903
0.6,0.2,tournament,singlepoint,uniform,3,9.254901960784313
0.6,0.2,tournament,singlepoint,uniform,4,9.980392156862749
0.6,0.2,tournament,singlepoint,uniform,5,10.686274509803921
0.6,0.2,tournament,singlepoint,uniform,6,9.254901960784313
0.6,0.2,tournament,singlepoint,uniform,7,9.666666666666666
0.6,0.2,tournament,singlepoint,uniform,8,9.980392156862747
0.6,0.2,tournament,singlepoint,uniform,9,9.254901960784313
0.6,0.2,tournament,singlepoint,uniform,10,9.509803921568627
0.6,0.2,tournament,singlepoint,block,1,10.49019607843137
0.6,0.2,tournament,singlepoint,block,2,10.999999999999998
0.6,0.2,tournament,singlepoint,block,3,9.941176470588236
0.6,0.2,tournament,singlepoint,block,4,9.49019607843137
0.6,0.2,tournament,singlepoint,block,5,10.274509803921568
0.6,0.2,tournament,singlepoint,block,6,10.019607843137257
0.6,0.2,tournament,singlepoint,block,7,10.607843137254903
0.6,0.2,tournament,singlepoint,block,8,10.117647058823529
0.6,0.2,tournament,singlepoint,block,9,10.058823529411764
0.6,0.2,tournament,singlepoint,block,10,9.254901960784313
0.6,0.2,tournament,singlepoint,scramble,1,10.470588235294116
0.6,0.2,tournament,singlepoint,scramble,2,11.078431372549021
0.6,0.2,tournament,singlepoint,scramble,3,10.627450980392156
0.6,0.2,tournament,singlepoint,scramble,4,9.333333333333332
0.6,0.2,tournament,singlepoint,scramble,5,10.627450980392156
0.6,0.2,tournament,singlepoint,scramble,6,10.235294117647058
0.6,0.2,tournament,singlepoint,scramble,7,9.705882352941176
0.6,0.2,tournament,singlepoint,scramble,8,10.117647058823529
0.6,0.2,tournament,singlepoint,scramble,9,10.117647058823529
0.6,0.2,tournament,singlepoint,scramble,10,9.294117647058824
0.6,0.2,tournament,singlepoint,swap,1,9.294117647058824
0.6,0.2,tournament,singlepoint,swap,2,10.450980392156861
0.6,0.2,tournament,singlepoint,swap,3,11.235294117647058
0.6,0.2,tournament,singlepoint,swap,4,9.294117647058824
0.6,0.2,tournament,singlepoint,swap,5,11.68627450980392
0.6,0.2,tournament,singlepoint,swap,6,9.333333333333332
0.6,0.2,tournament,singlepoint,swap,7,10.333333333333332
0.6,0.2,tournament,singlepoint,swap,8,10.686274509803923
0.6,0.2,tournament,singlepoint,swap,9,10.49019607843137
0.6,0.2,tournament,singlepoint,swap,10,10.058823529411764
0.6,0.2,tournament,singlepoint,frequency,1,9.64705882352941
0.6,0.2,tournament,singlepoint,frequency,2,9.294117647058824
0.6,0.2,tournament,singlepoint,frequency,3,9.686274509803921
0.6,0.2,tournament,singlepoint,frequency,4,9.666666666666666
0.6,0.2,tournament,singlepoint,frequency,5,9.254901960784313
0.6,0.2,tournament,singlepoint,frequency,6,9.294117647058822
0.6,0.2,tournament,singlepoint,frequency,7,9.666666666666668
0.6,0.2,tournament,singlepoint,frequency,8,9.64705882352941
0.6,0.2,tournament,singlepoint,frequency,9,10.313725490196079
0.6,0.2,tournament,singlepoint,frequency,10,9.705882352941174
0.6,0.2,tournament,twopoint,uniform,1,9.372549019607842
0.6,0.2,tournament,twopoint,uniform,2,9.941176470588236
0.6,0.2,tournament,twopoint,uniform,3,9.294117647058822
0.6,0.2,tournament,twopoint,uniform,4,10.019607843137253
0.6,0.2,tournament,twopoint,uniform,5,9.294117647058822
0.6,0.2,tournament,twopoint,uniform,6,9.254901960784313
0.6,0.2,tournament,twopoint,uniform,7,9.294117647058822
0.6,0.2,tournament,twopoint,uniform,8,9.705882352941176
0.6,0.2,tournament,twopoint,uniform,9,9.294117647058824
0.6,0.2,tournament,twopoint,uniform,10,9.980392156862745
0.6,0.2,tournament,twopoint,block,1,9.333333333333332
0.6,0.2,tournament,twopoint,block,2,10.03921568627451
0.6,0.2,tournament,twopoint,block,3,11.137254901960784
0.6,0.2,tournament,twopoint,block,4,9.294117647058824
0.6,0.2,tournament,twopoint,block,5,10.392156862745097
0.6,0.2,tournament,twopoint,block,6,11.274509803921568
0.6,0.2,tournament,twopoint,block,7,9.254901960784313
0.6,0.2,tournament,twopoint,block,8,10.725490196078432
0.6,0.2,tournament,twopoint,block,9,9.372549019607842
0.6,0.2,tournament,twopoint,block,10,11.549019607843137
0.6,0.2,tournament,twopoint,scramble,1,9.294117647058824
0.6,0.2,tournament,twopoint,scramble,2,9.254901960784313
0.6,0.2,tournament,twopoint,scramble,3,9.705882352941174
0.6,0.2,tournament,twopoint,scramble,4,10.019607843137253
0.6,0.2,tournament,twopoint,scramble,5,9.705882352941176
0.6,0.2,tournament,twopoint,scramble,6,9.784313725490195
0.6,0.2,tournament,twopoint,scramble,7,9.862745098039213
0.6,0.2,tournament,twopoint,scramble,8,11.627450980392155
0.6,0.2,tournament,twopoint,scramble,9,10.705882352941176
0.6,0.2,tournament,twopoint,scramble,10,11.07843137254902
0.6,0.2,tournament,twopoint,swap,1,10.803921568627452
0.6,0.2,tournament,twopoint,swap,2,9.80392156862745
0.6,0.2,tournament,twopoint,swap,3,9.76470588235294
0.6,0.2,tournament,twopoint,swap,4,10.450980392156863
0.6,0.2,tournament,twopoint,swap,5,11.15686274509804
0.6,0.2,tournament,twopoint,swap,6,9.333333333333332
0.6,0.2,tournament,twopoint,swap,7,9.941176470588236
0.6,0.2,tournament,twopoint,swap,8,11.058823529411766
0.6,0.2,tournament,twopoint,swap,9,10.372549019607842
0.6,0.2,tournament,twopoint,swap,10,9.254901960784313
0.6,0.2,tournament,twopoint,frequency,1,9.294117647058822
0.6,0.2,tournament,twopoint,frequency,2,9.705882352941174
0.6,0.2,tournament,twopoint,frequency,3,9.254901960784313
0.6,0.2,tournament,twopoint,frequency,4,9.254901960784313
0.6,0.2,tournament,twopoint,frequency,5,10.137254901960784
0.6,0.2,tournament,twopoint,frequency,6,9.686274509803921
0.6,0.2,tournament,twopoint,frequency,7,9.705882352941174
0.6,0.2,tournament,twopoint,frequency,8,9.294117647058822
0.6,0.2,tournament,twopoint,frequency,9,9.254901960784313
0.6,0.2,tournament,twopoint,frequency,10,9.294117647058822
0.7,0.01,stochunif,scattered,uniform,1,10.372549019607842
0.7,0.01,stochunif,scattered,uniform,2,10.137254901960786
0.7,0.01,stochunif,scattered,uniform,3,9.294117647058822
0.7,0.01,stochunif,scattered,uniform,4,10.058823529411764
0.7,0.01,stochunif,scattered,uniform,5,10.33333333333333
0.7,0.01,stochunif,scattered,uniform,6,9.509803921568627
0.7,0.01,stochunif,scattered,uniform,7,10.705882352941176
0.7,0.01,stochunif,scattered,uniform,8,9.294117647058824
0.7,0.01,stochunif,scattered,uniform,9,9.509803921568627
0.7,0.01,stochunif,scattered,uniform,10,10.019607843137253
0.7,0.01,stochunif,scattered,block,1,9.784313725490195
0.7,0.01,stochunif,scattered,block,2,10.450980392156863
0.7,0.01,stochunif,scattered,block,3,10.235294117647058
0.7,0.01,stochunif,scattered,block,4,10.196078431372548
0.7,0.01,stochunif,scattered,block,5,9.784313725490199
0.7,0.01,stochunif,scattered,block,6,10.176470588235293
0.7,0.01,stochunif,scattered,block,7,10.333333333333332
0.7,0.01,stochunif,scattered,block,8,9.80392156862745
0.7,0.01,stochunif,scattered,block,9,10.803921568627452
0.7,0.01,stochunif,scattered,block,10,10.96078431372549
0.7,0.01,stochunif,scattered,scramble,1,9.960784313725489
0.7,0.01,stochunif,scattered,scramble,2,9.941176470588236
0.7,0.01,stochunif,scattered,scramble,3,10.117647058823529
0.7,0.01,stochunif,scattered,scramble,4,10.03921568627451
0.7,0.01,stochunif,scattered,scramble,5,9.980392156862745
0.7,0.01,stochunif,scattered,scramble,6,9.901960784313724
0.7,0.01,stochunif,scattered,scramble,7,9.64705882352941
0.7,0.01,stochunif,scattered,scramble,8,10.705882352941178
0.7,0.01,stochunif,scattered,scramble,9,10.588235294117645
0.7,0.01,stochunif,scattered,scramble,10,11.156862745098039
0.7,0.01,stochunif,scattered,swap,1,9.823529411764707
0.7,0.01,stochunif,scattered,swap,2,10.11764705882353
0.7,0.01,stochunif,scattered,swap,3,10.705882352941174
0.7,0.01,stochunif,scattered,swap,4,10.333333333333332
0.7,0.01,stochunif,scattered,swap,5,10.352941176470589
0.7,0.01,stochunif,scattered,swap,6,9.254901960784313
0.7,0.01,stochunif,scattered,swap,7,9.666666666666668
0.7,0.01,stochunif,scattered,swap,8,10.470588235294116
0.7,0.01,stochunif,scattered,swap,9,11.196078431372548
0.7,0.01,stochunif,scattered,swap,10,10.254901960784311
0.7,0.01,stochunif,scattered,frequency,1,9.294117647058824
0.7,0.01,stochunif,scattered,frequency,2,9.294117647058824
0.7,0.01,stochunif,scattered,frequency,3,9.294117647058824
0.7,0.01,stochunif,scattered,frequency,4,9.254901960784313
0.7,0.01,stochunif,scattered,frequency,5,10.235294117647058
0.7,0.01,stochunif,scattered,frequency,6,10.019607843137253
0.7,0.01,stochunif,scattered,frequency,7,11.019607843137255
0.7,0.01,stochunif,scattered,frequency,8,10.058823529411766
0.7,0.01,stochunif,scattered,frequency,9,9.705882352941176
0.7,0.01,stochunif,scattered,frequency,10,9.88235294117647
0.7,0.01,stochunif,singlepoint,uniform,1,11.76470588235294
0.7,0.01,stochunif,singlepoint,uniform,2,11.411764705882351
0.7,0.01,stochunif,singlepoint,uniform,3,10.215686274509803
0.7,0.01,stochunif,singlepoint,uniform,4,9.901960784313724
0.7,0.01,stochunif,singlepoint,uniform,5,11.764705882352942
0.7,0.01,stochunif,singlepoint,uniform,6,10.843137254901961
0.7,0.01,stochunif,singlepoint,uniform,7,11.607843137254902
0.7,0.01,stochunif,singlepoint,uniform,8,11.156862745098037
0.7,0.01,stochunif,singlepoint,uniform,9,11.705882352941176
0.7,0.01,stochunif,singlepoint,uniform,10,11.156862745098037
0.7,0.01,stochunif,singlepoint,block,1,11.0
0.7,0.01,stochunif,singlepoint,block,2,11.823529411764708
0.7,0.01,stochunif,singlepoint,block,3,11.058823529411764
0.7,0.01,stochunif,singlepoint,block,4,11.607843137254902
0.7,0.01,stochunif,singlepoint,block,5,11.509803921568627
0.7,0.01,stochunif,singlepoint,block,6,9.784313725490195
0.7,0.01,stochunif,singlepoint,block,7,12.588235294117647
0.7,0.01,stochunif,singlepoint,block,8,9.921568627450979
0.7,0.01,stochunif,singlepoint,block,9,10.745098039215685
0.7,0.01,stochunif,singlepoint,block,10,11.686274509803921
0.7,0.01,stochunif,singlepoint,scramble,1,11.450980392156865
0.7,0.01,stochunif,singlepoint,scramble,2,10.84313725490196
0.7,0.01,stochunif,singlepoint,scramble,3,11.215686274509801
0.7,0.01,stochunif,singlepoint,scramble,4,13.72549019607843
0.7,0.01,stochunif,singlepoint,scramble,5,12.03921568627451
0.7,0.01,stochunif,singlepoint,scramble,6,11.764705882352942
0.7,0.01,stochunif,singlepoint,scramble,7,12.43137254901961
0.7,0.01,stochunif,singlepoint,scramble,8,11.921568627450979
0.7,0.01,stochunif,singlepoint,scramble,9,12.117647058823527
0.7,0.01,stochunif,singlepoint,scramble,10,11.03921568627451
0.7,0.01,stochunif,singlepoint,swap,1,11.568627450980392
0.7,0.01,stochunif,singlepoint,swap,2,10.980392156862743
0.7,0.01,stochunif,singlepoint,swap,3,11.215686274509803
0.7,0.01,stochunif,singlepoint,swap,4,13.96078431372549
0.7,0.01,stochunif,singlepoint,swap,5,11.156862745098037
0.7,0.01,stochunif,singlepoint,swap,6,11.235294117647058
0.7,0.01,stochunif,singlepoint,swap,7,10.156862745098039
0.7,0.01,stochunif,singlepoint,swap,8,12.19607843137255
0.7,0.01,stochunif,singlepoint,swap,9,13.352941176470587
0.7,0.01,stochunif,singlepoint,swap,10,12.411764705882353
0.7,0.01,stochunif,singlepoint,frequency,1,11.509803921568627
0.7,0.01,stochunif,singlepoint,frequency,2,12.509803921568627
0.7,0.01,stochunif,singlepoint,frequency,3,9.254901960784313
0.7,0.01,stochunif,singlepoint,frequency,4,11.372549019607842
0.7,0.01,stochunif,singlepoint,frequency,5,9.254901960784313
0.7,0.01,stochunif,singlepoint,frequency,6,10.764705882352942
0.7,0.01,stochunif,singlepoint,frequency,7,9.823529411764707
0.7,0.01,stochunif,singlepoint,frequency,8,11.254901960784315
0.7,0.01,stochunif,singlepoint,frequency,9,11.607843137254902
0.7,0.01,stochunif,singlepoint,frequency,10,11.274509803921568
0.7,0.01,stochunif,twopoint,uniform,1,12.117647058823527
0.7,0.01,stochunif,twopoint,uniform,2,9.705882352941174
0.7,0.01,stochunif,twopoint,uniform,3,9.999999999999998
0.7,0.01,stochunif,twopoint,uniform,4,9.666666666666666
0.7,0.01,stochunif,twopoint,uniform,5,10.058823529411764
0.7,0.01,stochunif,twopoint,uniform,6,10.19607843137255
0.7,0.01,stochunif,twopoint,uniform,7,10.372549019607842
0.7,0.01,stochunif,twopoint,uniform,8,10.549019607843135
0.7,0.01,stochunif,twopoint,uniform,9,11.411764705882353
0.7,0.01,stochunif,twopoint,uniform,10,10.941176470588236
0.7,0.01,stochunif,twopoint,block,1,9.254901960784313
0.7,0.01,stochunif,twopoint,block,2,9.980392156862745
0.7,0.01,stochunif,twopoint,block,3,10.803921568627448
0.7,0.01,stochunif,twopoint,block,4,10.33333333333333
0.7,0.01,stochunif,twopoint,block,5,10.019607843137253
0.7,0.01,stochunif,twopoint,block,6,9.686274509803921
0.7,0.01,stochunif,twopoint,block,7,12.215686274509803
0.7,0.01,stochunif,twopoint,block,8,10.80392156862745
0.7,0.01,stochunif,twopoint,block,9,10.431372549019606
0.7,0.01,stochunif,twopoint,block,10,11.176470588235292
0.7,0.01,stochunif,twopoint,scramble,1,11.019607843137253
0.7,0.01,stochunif,twopoint,scramble,2,11.019607843137253
0.7,0.01,stochunif,twopoint,scramble,3,10.392156862745097
0.7,0.01,stochunif,twopoint,scramble,4,9.294117647058822
0.7,0.01,stochunif,twopoint,scramble,5,10.627450980392156
0.7,0.01,stochunif,twopoint,scramble,6,10.470588235294118
0.7,0.01,stochunif,twopoint,scramble,7,9.254901960784313
0.7,0.01,stochunif,twopoint,scramble,8,11.450980392156861
0.7,0.01,stochunif,twopoint,scramble,9,10.254901960784311
0.7,0.01,stochunif,twopoint,scramble,10,10.705882352941176
0.7,0.01,stochunif,twopoint,swap,1,10.49019607843137
0.7,0.01,stochunif,twopoint,swap,2,9.960784313725489
0.7,0.01,stochunif,twopoint,swap,3,9.862745098039213
0.7,0.01,stochunif,twopoint,swap,4,10.68627450980392
0.7,0.01,stochunif,twopoint,swap,5,12.098039215686274
0.7,0.01,stochunif,twopoint,swap,6,11.509803921568626
0.7,0.01,stochunif,twopoint,swap,7,11.019607843137255
0.7,0.01,stochunif,twopoint,swap,8,11.07843137254902
0.7,0.01,stochunif,twopoint,swap,9,11.019607843137255
0.7,0.01,stochunif,twopoint,swap,10,11.960784313725489
0.7,0.01,stochunif,twopoint,frequency,1,10.607843137254902
0.7,0.01,stochunif,twopoint,frequency,2,9.941176470588234
0.7,0.01,stochunif,twopoint,frequency,3,9.76470588235294
0.7,0.01,stochunif,twopoint,frequency,4,11.588235294117645
0.7,0.01,stochunif,twopoint,frequency,5,10.058823529411764
0.7,0.01,stochunif,twopoint,frequency,6,10.431372549019606
0.7,0.01,stochunif,twopoint,frequency,7,10.058823529411763
0.7,0.01,stochunif,twopoint,frequency,8,11.058823529411766
0.7,0.01,stochunif,twopoint,frequency,9,10.215686274509803
0.7,0.01,stochunif,twopoint,frequency,10,12.666666666666666
0.7,0.01,roulette,scattered,uniform,1,10.72549019607843
0.7,0.01,roulette,scattered,uniform,2,10.03921568627451
0.7,0.01,roulette,scattered,uniform,3,9.803921568627448
0.7,0.01,roulette,scattered,uniform,4,10.117647058823529
0.7,0.01,roulette,scattered,uniform,5,10.058823529411763
0.7,0.01,roulette,scattered,uniform,6,9.980392156862745
0.7,0.01,roulette,scattered,uniform,7,10.019607843137253
0.7,0.01,roulette,scattered,uniform,8,9.76470588235294
0.7,0.01,roulette,scattered,uniform,9,9.901960784313724
0.7,0.01,roulette,scattered,uniform,10,9.333333333333332
0.7,0.01,roulette,scattered,block,1,10.058823529411764
0.7,0.01,roulette,scattered,block,2,9.80392156862745
0.7,0.01,roulette,scattered,block,3,10.921568627450979
0.7,0.01,roulette,scattered,block,4,9.686274509803921
0.7,0.01,roulette,scattered,block,5,9.666666666666668
0.7,0.01,roulette,scattered,block,6,9.705882352941176
0.7,0.01,roulette,scattered,block,7,9.294117647058822
0.7,0.01,roulette,scattered,block,8,9.686274509803921
0.7,0.01,roulette,scattered,block,9,9.941176470588234
0.7,0.01,roulette,scattered,block,10,10.058823529411764
0.7,0.01,roulette,scattered,scramble,1,9.960784313725489
0.7,0.01,roulette,scattered,scramble,2,11.862745098039214
0.7,0.01,roulette,scattered,scramble,3,9.509803921568627
0.7,0.01,roulette,scattered,scramble,4,9.254901960784313
0.7,0.01,roulette,scattered,scramble,5,9.980392156862745
0.7,0.01,roulette,scattered,scramble,6,10.431372549019606
0.7,0.01,roulette,scattered,scramble,7,11.784313725490197
0.7,0.01,roulette,scattered,scramble,8,10.745098039215687
0.7,0.01,roulette,scattered,scramble,9,9.254901960784313
0.7,0.01,roulette,scattered,scramble,10,9.294117647058824
0.7,0.01,roulette,scattered,swap,1,10.098039215686274
0.7,0.01,roulette,scattered,swap,2,10.352941176470587
0.7,0.01,roulette,scattered,swap,3,9.705882352941176
0.7,0.01,roulette,scattered,swap,4,10.03921568627451
0.7,0.01,roulette,scattered,swap,5,9.705882352941176
0.7,0.01,roulette,scattered,swap,6,10.372549019607842
0.7,0.01,roulette,scattered,swap,7,9.372549019607844
0.7,0.01,roulette,scattered,swap,8,9.823529411764705
0.7,0.01,roulette,scattered,swap,9,10.431372549019608
0.7,0.01,roulette,scattered,swap,10,11.980392156862745
0.7,0.01,roulette,scattered,frequency,1,12.196078431372548
0.7,0.01,roulette,scattered,frequency,2,9.64705882352941
0.7,0.01,roulette,scattered,frequency,3,10.058823529411764
0.7,0.01,roulette,scattered,frequency,4,10.352941176470589
0.7,0.01,roulette,scattered,frequency,5,9.294117647058822
0.7,0.01,roulette,scattered,frequency,6,9.254901960784313
0.7,0.01,roulette,scattered,frequency,7,9.254901960784313
0.7,0.01,roulette,scattered,frequency,8,11.098039215686274
0.7,0.01,roulette,scattered,frequency,9,9.49019607843137
0.7,0.01,roulette,scattered,frequency,10,9.705882352941176
0.7,0.01,roulette,singlepoint,uniform,1,10.52941176470588
0.7,0.01,roulette,singlepoint,uniform,2,12.313725490196077
0.7,0.01,roulette,singlepoint,uniform,3,11.823529411764708
0.7,0.01,roulette,singlepoint,uniform,4,10.627450980392158
0.7,0.01,roulette,singlepoint,uniform,5,9.823529411764705
0.7,0.01,roulette,singlepoint,uniform,6,10.294117647058824
0.7,0.01,roulette,singlepoint,uniform,7,10.823529411764707
0.7,0.01,roulette,singlepoint,uniform,8,10.235294117647058
0.7,0.01,roulette,singlepoint,uniform,9,12.6078431372549
0.7,0.01,roulette,singlepoint,uniform,10,11.549019607843137
0.7,0.01,roulette,singlepoint,block,1,12.03921568627451
0.7,0.01,roulette,singlepoint,block,2,13.254901960784313
0.7,0.01,roulette,singlepoint,block,3,10.019607843137253
0.7,0.01,roulette,singlepoint,block,4,12.882352941176473
0.7,0.01,roulette,singlepoint,block,5,11.156862745098039
0.7,0.01,roulette,singlepoint,block,6,11.392156862745098
0.7,0.01,roulette,singlepoint,block,7,10.823529411764705
0.7,0.01,roulette,singlepoint,block,8,11.137254901960784
0.7,0.01,roulette,singlepoint,block,9,12.431372549019606
0.7,0.01,roulette,singlepoint,block,10,11.84313725490196
0.7,0.01,roulette,singlepoint,scramble,1,11.333333333333332
0.7,0.01,roulette,singlepoint,scramble,2,11.117647058823529
0.7,0.01,roulette,singlepoint,scramble,3,12.372549019607842
0.7,0.01,roulette,singlepoint,scramble,4,13.274509803921566
0.7,0.01,roulette,singlepoint,scramble,5,10.882352941176471
0.7,0.01,roulette,singlepoint,scramble,6,11.392156862745098
0.7,0.01,roulette,singlepoint,scramble,7,9.784313725490195
0.7,0.01,roulette,singlepoint,scramble,8,11.647058823529413
0.7,0.01,roulette,singlepoint,scramble,9,14.137254901960787
0.7,0.01,roulette,singlepoint,scramble,10,11.07843137254902
0.7,0.01,roulette,singlepoint,swap,1,9.803921568627448
0.7,0.01,roulette,singlepoint,swap,2,13.15686274509804
0.7,0.01,roulette,singlepoint,swap,3,10.529411764705882
0.7,0.01,roulette,singlepoint,swap,4,10.49019607843137
0.7,0.01,roulette,singlepoint,swap,5,11.666666666666666
0.7,0.01,roulette,singlepoint,swap,6,12.176470588235292
0.7,0.01,roulette,singlepoint,swap,7,11.823529411764707
0.7,0.01,roulette,singlepoint,swap,8,12.0
0.7,0.01,roulette,singlepoint,swap,9,13.470588235294116
0.7,0.01,roulette,singlepoint,swap,10,11.215686274509801
0.7,0.01,roulette,singlepoint,frequency,1,11.411764705882355
0.7,0.01,roulette,singlepoint,frequency,2,10.274509803921568
0.7,0.01,roulette,singlepoint,frequency,3,11.84313725490196
0.7,0.01,roulette,singlepoint,frequency,4,9.294117647058824
0.7,0.01,roulette,singlepoint,frequency,5,10.117647058823529
0.7,0.01,roulette,singlepoint,frequency,6,9.333333333333332
0.7,0.01,roulette,singlepoint,frequency,7,10.88235294117647
0.7,0.01,roulette,singlepoint,frequency,8,11.705882352941176
0.7,0.01,roulette,singlepoint,frequency,9,11.823529411764708
0.7,0.01,roulette,singlepoint,frequency,10,12.509803921568626
0.7,0.01,roulette,twopoint,uniform,1,11.784313725490197
0.7,0.01,roulette,twopoint,uniform,2,9.823529411764705
0.7,0.01,roulette,twopoint,uniform,3,10.313725490196077
0.7,0.01,roulette,twopoint,uniform,4,11.666666666666668
0.7,0.01,roulette,twopoint,uniform,5,10.627450980392155
0.7,0.01,roulette,twopoint,uniform,6,11.392156862745098
0.7,0.01,roulette,twopoint,uniform,7,10.117647058823529
0.7,0.01,roulette,twopoint,uniform,8,9.960784313725489
0.7,0.01,roulette,twopoint,uniform,9,9.333333333333332
0.7,0.01,roulette,twopoint,uniform,10,10.72549019607843
0.7,0.01,roulette,twopoint,block,1,9.372549019607842
0.7,0.01,roulette,twopoint,block,2,11.19607843137255
0.7,0.01,roulette,twopoint,block,3,12.058823529411764
0.7,0.01,roulette,twopoint,block,4,11.549019607843137
0.7,0.01,roulette,twopoint,block,5,11.294117647058822
0.7,0.01,roulette,twopoint,block,6,10.92156862745098
0.7,0.01,roulette,twopoint,block,7,10.49019607843137
0.7,0.01,roulette,twopoint,block,8,12.03921568627451
0.7,0.01,roulette,twopoint,block,9,10.156862745098037
0.7,0.01,roulette,twopoint,block,10,10.686274509803921
0.7,0.01,roulette,twopoint,scramble,1,10.058823529411763
0.7,0.01,roulette,twopoint,scramble,2,10.352941176470587
0.7,0.01,roulette,twopoint,scramble,3,10.392156862745097
0.7,0.01,roulette,twopoint,scramble,4,11.823529411764708
0.7,0.01,roulette,twopoint,scramble,5,11.470588235294116
0.7,0.01,roulette,twopoint,scramble,6,12.019607843137255
0.7,0.01,roulette,twopoint,scramble,7,9.509803921568627
0.7,0.01,roulette,twopoint,scramble,8,11.137254901960784
0.7,0.01,roulette,twopoint,scramble,9,9.76470588235294
0.7,0.01,roulette,twopoint,scramble,10,9.254901960784313
0.7,0.01,roulette,twopoint,swap,1,10.666666666666666
0.7,0.01,roulette,twopoint,swap,2,10.882352941176471
0.7,0.01,roulette,twopoint,swap,3,12.29411764705882
0.7,0.01,roulette,twopoint,swap,4,9.823529411764705
0.7,0.01,roulette,twopoint,swap,5,11.196078431372548
0.7,0.01,roulette,twopoint,swap,6,10.823529411764707
0.7,0.01,roulette,twopoint,swap,7,11.49019607843137
0.7,0.01,roulette,twopoint,swap,8,11.196078431372548
0.7,0.01,roulette,twopoint,swap,9,10.627450980392155
0.7,0.01,roulette,twopoint,swap,10,10.470588235294118
0.7,0.01,roulette,twopoint,frequency,1,11.058823529411766
0.7,0.01,roulette,twopoint,frequency,2,12.49019607843137
0.7,0.01,roulette,twopoint,frequency,3,9.52941176470588
0.7,0.01,roulette,twopoint,frequency,4,9.823529411764705
0.7,0.01,roulette,twopoint,frequency,5,10.333333333333332
0.7,0.01,roulette,twopoint,frequency,6,12.411764705882351
0.7,0.01,roulette,twopoint,frequency,7,9.823529411764707
0.7,0.01,roulette,twopoint,frequency,8,9.294117647058822
0.7,0.01,roulette,twopoint,frequency,9,9.64705882352941
0.7,0.01,roulette,twopoint,frequency,10,12.49019607843137
0.7,0.01,tournament,scattered,uniform,1,10.313725490196079
0.7,0.01,tournament,scattered,uniform,2,9.254901960784313
0.7,0.01,tournament,scattered,uniform,3,9.294117647058822
0.7,0.01,tournament,scattered,uniform,4,9.294117647058822
0.7,0.01,tournament,scattered,uniform,5,9.960784313725489
0.7,0.01,tournament,scattered,uniform,6,9.254901960784313
0.7,0.01,tournament,scattered,uniform,7,9.64705882352941
0.7,0.01,tournament,scattered,uniform,8,9.960784313725489
0.7,0.01,tournament,scattered,uniform,9,9.254901960784313
0.7,0.01,tournament,scattered,uniform,10,9.254901960784313
0.7,0.01,tournament,scattered,block,1,10.333333333333332
0.7,0.01,tournament,scattered,block,2,9.705882352941178
0.7,0.01,tournament,scattered,block,3,9.294117647058824
0.7,0.01,tournament,scattered,block,4,9.254901960784313
0.7,0.01,tournament,scattered,block,5,10.333333333333332
0.7,0.01,tournament,scattered,block,6,10.03921568627451
0.7,0.01,tournament,scattered,block,7,10.333333333333332
0.7,0.01,tournament,scattered,block,8,9.254901960784313
0.7,0.01,tournament,scattered,block,9,9.294117647058824
0.7,0.01,tournament,scattered,block,10,9.64705882352941
0.7,0.01,tournament,scattered,scramble,1,9.666666666666666
0.7,0.01,tournament,scattered,scramble,2,9.960784313725489
0.7,0.01,tournament,scattered,scramble,3,9.294117647058822
0.7,0.01,tournament,scattered,scramble,4,10.058823529411764
0.7,0.01,tournament,scattered,scramble,5,9.294117647058822
0.7,0.01,tournament,scattered,scramble,6,9.294117647058822
0.7,0.01,tournament,scattered,scramble,7,9.294117647058824
0.7,0.01,tournament,scattered,scramble,8,9.294117647058822
0.7,0.01,tournament,scattered,scramble,9,9.294117647058824
0.7,0.01,tournament,scattered,scramble,10,9.49019607843137
0.7,0.01,tournament,scattered,swap,1,9.509803921568627
0.7,0.01,tournament,scattered,swap,2,10.450980392156863
0.7,0.01,tournament,scattered,swap,3,9.254901960784313
0.7,0.01,tournament,scattered,swap,4,9.705882352941174
0.7,0.01,tournament,scattered,swap,5,9.294117647058822
0.7,0.01,tournament,scattered,swap,6,9.666666666666668
0.7,0.01,tournament,scattered,swap,7,9.666666666666668
0.7,0.01,tournament,scattered,swap,8,9.294117647058824
0.7,0.01,tournament,scattered,swap,9,9.64705882352941
0.7,0.01,tournament,scattered,swap,10,9.960784313725489
0.7,0.01,tournament,scattered,frequency,1,9.294117647058824
0.7,0.01,tournament,scattered,frequency,2,9.80392156862745
0.7,0.01,tournament,scattered,frequency,3,9.254901960784313
0.7,0.01,tournament,scattered,frequency,4,9.254901960784313
0.7,0.01,tournament,scattered,frequency,5,9.803921568627448
0.7,0.01,tournament,scattered,frequency,6,9.960784313725489
0.7,0.01,tournament,scattered,frequency,7,9.294117647058822
0.7,0.01,tournament,scattered,frequency,8,9.254901960784313
0.7,0.01,tournament,scattered,frequency,9,9.294117647058824
0.7,0.01,tournament,scattered,frequency,10,9.294117647058822
0.7,0.01,tournament,singlepoint,uniform,1,9.666666666666668
0.7,0.01,tournament,singlepoint,uniform,2,10.235294117647058
0.7,0.01,tournament,singlepoint,uniform,3,11.92156862745098
0.7,0.01,tournament,singlepoint,uniform,4,9.823529411764707
0.7,0.01,tournament,singlepoint,uniform,5,10.84313725490196
0.7,0.01,tournament,singlepoint,uniform,6,10.117647058823529
0.7,0.01,tournament,singlepoint,uniform,7,10.117647058823529
0.7,0.01,tournament,singlepoint,uniform,8,10.392156862745097
0.7,0.01,tournament,singlepoint,uniform,9,9.294117647058822
0.7,0.01,tournament,singlepoint,uniform,10,9.823529411764707
0.7,0.01,tournament,singlepoint,block,1,11.882352941176471
0.7,0.01,tournament,singlepoint,block,2,12.84313725490196
0.7,0.01,tournament,singlepoint,block,3,10.862745098039214
0.7,0.01,tournament,singlepoint,block,4,9.254901960784313
0.7,0.01,tournament,singlepoint,block,5,9.666666666666668
0.7,0.01,tournament,singlepoint,block,6,11.823529411764705
0.7,0.01,tournament,singlepoint,block,7,10.901960784313726
0.7,0.01,tournament,singlepoint,block,8,9.64705882352941
0.7,0.01,tournament,singlepoint,block,9,9.372549019607842
0.7,0.01,tournament,singlepoint,block,10,10.549019607843135
0.7,0.01,tournament,singlepoint,scramble,1,9.88235294117647
0.7,0.01,tournament,singlepoint,scramble,2,11.745098039215684
0.7,0.01,tournament,singlepoint,scramble,3,11.156862745098039
0.7,0.01,tournament,singlepoint,scramble,4,11.470588235294116
0.7,0.01,tournament,singlepoint,scramble,5,12.372549019607842
0.7,0.01,tournament,singlepoint,scramble,6,10.215686274509803
0.7,0.01,tournament,singlepoint,scramble,7,10.941176470588236
0.7,0.01,tournament,singlepoint,scramble,8,10.529411764705882
0.7,0.01,tournament,singlepoint,scramble,9,9.294117647058822
0.7,0.01,tournament,singlepoint,scramble,10,9.666666666666666
0.7,0.01,tournament,singlepoint,swap,1,9.254901960784313
0.7,0.01,tournament,singlepoint,swap,2,9.960784313725492
0.7,0.01,tournament,singlepoint,swap,3,11.549019607843135
0.7,0.01,tournament,singlepoint,swap,4,10.686274509803921
0.7,0.01,tournament,singlepoint,swap,5,11.098039215686272
0.7,0.01,tournament,singlepoint,swap,6,9.294117647058822
0.7,0.01,tournament,singlepoint,swap,7,11.019607843137253
0.7,0.01,tournament,singlepoint,swap,8,10.137254901960786
0.7,0.01,tournament,singlepoint,swap,9,11.313725490196077
0.7,0.01,tournament,singlepoint,swap,10,9.294117647058822
0.7,0.01,tournament,singlepoint,frequency,1,9.254901960784313
0.7,0.01,tournament,singlepoint,frequency,2,9.294117647058824
0.7,0.01,tournament,singlepoint,frequency,3,9.80392156862745
0.7,0.01,tournament,singlepoint,frequency,4,9.294117647058822
0.7,0.01,tournament,singlepoint,frequency,5,10.588235294117645
0.7,0.01,tournament,singlepoint,frequency,6,10.19607843137255
0.7,0.01,tournament,singlepoint,frequency,7,10.47058823529412
0.7,0.01,tournament,singlepoint,frequency,8,9.294117647058824
0.7,0.01,tournament,singlepoint,frequency,9,10.431372549019606
0.7,0.01,tournament,singlepoint,frequency,10,9.254901960784313
0.7,0.01,tournament,twopoint,uniform,1,10.019607843137253
0.7,0.01,tournament,twopoint,uniform,2,9.294117647058822
0.7,0.01,tournament,twopoint,uniform,3,9.64705882352941
0.7,0.01,tournament,twopoint,uniform,4,9.294117647058822
0.7,0.01,tournament,twopoint,uniform,5,10.117647058823527
0.7,0.01,tournament,twopoint,uniform,6,9.254901960784313
0.7,0.01,tournament,twopoint,uniform,7,9.509803921568627
0.7,0.01,tournament,twopoint,uniform,8,9.666666666666668
0.7,0.01,tournament,twopoint,uniform,9,9.705882352941176
0.7,0.01,tournament,twopoint,uniform,10,9.941176470588236
0.7,0.01,tournament,twopoint,block,1,9.294117647058822
0.7,0.01,tournament,twopoint,block,2,9.823529411764705
0.7,0.01,tournament,twopoint,block,3,9.64705882352941
0.7,0.01,tournament,twopoint,block,4,10.450980392156863
0.7,0.01,tournament,twopoint,block,5,10.862745098039214
0.7,0.01,tournament,twopoint,block,6,9.705882352941174
0.7,0.01,tournament,twopoint,block,7,9.509803921568627
0.7,0.01,tournament,twopoint,block,8,10.470588235294116
0.7,0.01,tournament,twopoint,block,9,10.686274509803921
0.7,0.01,tournament,twopoint,block,10,10.84313725490196
0.7,0.01,tournament,twopoint,scramble,1,9.549019607843137
0.7,0.01,tournament,twopoint,scramble,2,11.509803921568627
0.7,0.01,tournament,twopoint,scramble,3,9.254901960784313
0.7,0.01,tournament,twopoint,scramble,4,11.666666666666668
0.7,0.01,tournament,twopoint,scramble,5,9.294117647058824
0.7,0.01,tournament,twopoint,scramble,6,9.941176470588234
0.7,0.01,tournament,twopoint,scramble,7,9.705882352941174
0.7,0.01,tournament,twopoint,scramble,8,10.705882352941174
0.7,0.01,tournament,twopoint,scramble,9,9.254901960784313
0.7,0.01,tournament,twopoint,scramble,10,9.254901960784313
0.7,0.01,tournament,twopoint,swap,1,9.705882352941174
0.7,0.01,tournament,twopoint,swap,2,9.294117647058824
0.7,0.01,tournament,twopoint,swap,3,9.960784313725489
0.7,0.01,tournament,twopoint,swap,4,9.980392156862745
0.7,0.01,tournament,twopoint,swap,5,10.411764705882351
0.7,0.01,tournament,twopoint,swap,6,9.372549019607844
0.7,0.01,tournament,twopoint,swap,7,10.333333333333334
0.7,0.01,tournament,twopoint,swap,8,10.862745098039214
0.7,0.01,tournament,twopoint,swap,9,10.215686274509803
0.7,0.01,tournament,twopoint,swap,10,9.823529411764707
0.7,0.01,tournament,twopoint,frequency,1,10.450980392156863
0.7,0.01,tournament,twopoint,frequency,2,9.705882352941174
0.7,0.01,tournament,twopoint,frequency,3,9.294117647058824
0.7,0.01,tournament,twopoint,frequency,4,9.705882352941174
0.7,0.01,tournament,twopoint,frequency,5,10.058823529411763
0.7,0.01,tournament,twopoint,frequency,6,10.196078431372548
0.7,0.01,tournament,twopoint,frequency,7,10.176470588235292
0.7,0.01,tournament,twopoint,frequency,8,9.705882352941176
0.7,0.01,tournament,twopoint,frequency,9,10.450980392156861
0.7,0.01,tournament,twopoint,frequency,10,9.254901960784313
0.7,0.02,stochunif,scattered,uniform,1,9.64705882352941
0.7,0.02,stochunif,scattered,uniform,2,11.176470588235293
0.7,0.02,stochunif,scattered,uniform,3,10.392156862745097
0.7,0.02,stochunif,scattered,uniform,4,9.960784313725489
0.7,0.02,stochunif,scattered,uniform,5,10.431372549019606
0.7,0.02,stochunif,scattered,uniform,6,9.705882352941176
0.7,0.02,stochunif,scattered,uniform,7,10.764705882352942
0.7,0.02,stochunif,scattered,uniform,8,10.549019607843139
0.7,0.02,stochunif,scattered,uniform,9,9.294117647058822
0.7,0.02,stochunif,scattered,uniform,10,9.745098039215685
0.7,0.02,stochunif,scattered,block,1,10.509803921568627
0.7,0.02,stochunif,scattered,block,2,10.862745098039216
0.7,0.02,stochunif,scattered,block,3,9.705882352941174
0.7,0.02,stochunif,scattered,block,4,9.666666666666666
0.7,0.02,stochunif,scattered,block,5,9.941176470588234
0.7,0.02,stochunif,scattered,block,6,11.745098039215685
0.7,0.02,stochunif,scattered,block,7,10.019607843137253
0.7,0.02,stochunif,scattered,block,8,10.333333333333332
0.7,0.02,stochunif,scattered,block,9,10.176470588235292
0.7,0.02,stochunif,scattered,block,10,9.64705882352941
0.7,0.02,stochunif,scattered,scramble,1,9.509803921568627
0.7,0.02,stochunif,scattered,scramble,2,10.058823529411764
0.7,0.02,stochunif,scattered,scramble,3,11.019607843137255
0.7,0.02,stochunif,scattered,scramble,4,9.666666666666668
0.7,0.02,stochunif,scattered,scramble,5,9.705882352941174
0.7,0.02,stochunif,scattered,scramble,6,9.294117647058822
0.7,0.02,stochunif,scattered,scramble,7,9.666666666666666
0.7,0.02,stochunif,scattered,scramble,8,9.803921568627448
0.7,0.02,stochunif,scattered,scramble,9,10.549019607843135
0.7,0.02,stochunif,scattered,scramble,10,9.941176470588236
0.7,0.02,stochunif,scattered,swap,1,10.274509803921568
0.7,0.02,stochunif,scattered,swap,2,10.725490196078432
0.7,0.02,stochunif,scattered,swap,3,9.76470588235294
0.7,0.02,stochunif,scattered,swap,4,9.254901960784313
0.7,0.02,stochunif,scattered,swap,5,9.372549019607844
0.7,0.02,stochunif,scattered,swap,6,10.470588235294116
0.7,0.02,stochunif,scattered,swap,7,10.941176470588236
0.7,0.02,stochunif,scattered,swap,8,10.058823529411763
0.7,0.02,stochunif,scattered,swap,9,9.294117647058824
0.7,0.02,stochunif,scattered,swap,10,9.254901960784313
0.7,0.02,stochunif,scattered,frequency,1,10.235294117647056
0.7,0.02,stochunif,scattered,frequency,2,10.254901960784311
0.7,0.02,stochunif,scattered,frequency,3,10.058823529411764
0.7,0.02,stochunif,scattered,frequency,4,9.294117647058822
0.7,0.02,stochunif,scattered,frequency,5,9.686274509803921
0.7,0.02,stochunif,scattered,frequency,6,11.058823529411766
0.7,0.02,stochunif,scattered,frequency,7,9.76470588235294
0.7,0.02,stochunif,scattered,frequency,8,9.294117647058822
0.7,0.02,stochunif,scattered,frequency,9,9.294117647058822
0.7,0.02,stochunif,scattered,frequency,10,9.254901960784313
0.7,0.02,stochunif,singlepoint,uniform,1,9.254901960784313
0.7,0.02,stochunif,singlepoint,uniform,2,12.098039215686276
0.7,0.02,stochunif,singlepoint,uniform,3,10.686274509803921
0.7,0.02,stochunif,singlepoint,uniform,4,11.274509803921566
0.7,0.02,stochunif,singlepoint,uniform,5,10.64705882352941
0.7,0.02,stochunif,singlepoint,uniform,6,10.784313725490197
0.7,0.02,stochunif,singlepoint,uniform,7,10.999999999999998
0.7,0.02,stochunif,singlepoint,uniform,8,10.352941176470589
0.7,0.02,stochunif,singlepoint,uniform,9,10.058823529411764
0.7,0.02,stochunif,singlepoint,uniform,10,10.941176470588237
0.7,0.02,stochunif,singlepoint,block,1,11.176470588235295
0.7,0.02,stochunif,singlepoint,block,2,11.764705882352942
0.7,0.02,stochunif,singlepoint,block,3,10.76470588235294
0.7,0.02,stochunif,singlepoint,block,4,9.784313725490195
0.7,0.02,stochunif,singlepoint,block,5,13.07843137254902
0.7,0.02,stochunif,singlepoint,block,6,9.941176470588237
0.7,0.02,stochunif,singlepoint,block,7,10.470588235294116
0.7,0.02,stochunif,singlepoint,block,8,10.588235294117649
0.7,0.02,stochunif,singlepoint,block,9,12.137254901960787
0.7,0.02,stochunif,singlepoint,block,10,10.941176470588236
0.7,0.02,stochunif,singlepoint,scramble,1,10.745098039215685
0.7,0.02,stochunif,singlepoint,scramble,2,13.039215686274506
0.7,0.02,stochunif,singlepoint,scramble,3,12.96078431372549
0.7,0.02,stochunif,singlepoint,scramble,4,11.96078431372549
0.7,0.02,stochunif,singlepoint,scramble,5,10.803921568627448
0.7,0.02,stochunif,singlepoint,scramble,6,11.64705882352941
0.7,0.02,stochunif,singlepoint,scramble,7,11.333333333333332
0.7,0.02,stochunif,singlepoint,scramble,8,11.176470588235293
0.7,0.02,stochunif,singlepoint,scramble,9,12.549019607843135
0.7,0.02,stochunif,singlepoint,scramble,10,12.607843137254903
0.7,0.02,stochunif,singlepoint,swap,1,11.823529411764708
0.7,0.02,stochunif,singlepoint,swap,2,9.705882352941178
0.7,0.02,stochunif,singlepoint,swap,3,10.098039215686272
0.7,0.02,stochunif,singlepoint,swap,4,9.784313725490199
0.7,0.02,stochunif,singlepoint,swap,5,11.392156862745097
0.7,0.02,stochunif,singlepoint,swap,6,12.882352941176471
0.7,0.02,stochunif,singlepoint,swap,7,12.196078431372548
0.7,0.02,stochunif,singlepoint,swap,8,10.941176470588236
0.7,0.02,stochunif,singlepoint,swap,9,12.49019607843137
0.7,0.02,stochunif,singlepoint,swap,10,10.823529411764707
0.7,0.02,stochunif,singlepoint,frequency,1,9.294117647058824
0.7,0.02,stochunif,singlepoint,frequency,2,10.235294117647058
0.7,0.02,stochunif,singlepoint,frequency,3,11.07843137254902
0.7,0.02,stochunif,singlepoint,frequency,4,11.980392156862743
0.7,0.02,stochunif,singlepoint,frequency,5,9.823529411764707
0.7,0.02,stochunif,singlepoint,frequency,6,10.352941176470587
0.7,0.02,stochunif,singlepoint,frequency,7,9.941176470588236
0.7,0.02,stochunif,singlepoint,frequency,8,10.313725490196076
0.7,0.02,stochunif,singlepoint,frequency,9,11.411764705882351
0.7,0.02,stochunif,singlepoint,frequency,10,9.509803921568627
0.7,0.02,stochunif,twopoint,uniform,1,9.80392156862745
0.7,0.02,stochunif,twopoint,uniform,2,10.254901960784311
0.7,0.02,stochunif,twopoint,uniform,3,10.392156862745097
0.7,0.02,stochunif,twopoint,uniform,4,10.176470588235292
0.7,0.02,stochunif,twopoint,uniform,5,11.196078431372548
0.7,0.02,stochunif,twopoint,uniform,6,9.647058823529411
0.7,0.02,stochunif,twopoint,uniform,7,10.313725490196077
0.7,0.02,stochunif,twopoint,uniform,8,9.294117647058824
0.7,0.02,stochunif,twopoint,uniform,9,10.03921568627451
0.7,0.02,stochunif,twopoint,uniform,10,9.901960784313724
0.7,0.02,stochunif,twopoint,block,1,11.215686274509801
0.7,0.02,stochunif,twopoint,block,2,10.745098039215684
0.7,0.02,stochunif,twopoint,block,3,10.117647058823529
0.7,0.02,stochunif,twopoint,block,4,12.901960784313726
0.7,0.02,stochunif,twopoint,block,5,12.705882352941176
0.7,0.02,stochunif,twopoint,block,6,11.568627450980392
0.7,0.02,stochunif,twopoint,block,7,10.862745098039214
0.7,0.02,stochunif,twopoint,block,8,10.117647058823529
0.7,0.02,stochunif,twopoint,block,9,10.19607843137255
0.7,0.02,stochunif,twopoint,block,10,11.313725490196079
0.7,0.02,stochunif,twopoint,scramble,1,11.607843137254902
0.7,0.02,stochunif,twopoint,scramble,2,10.745098039215685
0.7,0.02,stochunif,twopoint,scramble,3,10.784313725490195
0.7,0.02,stochunif,twopoint,scramble,4,10.627450980392156
0.7,0.02,stochunif,twopoint,scramble,5,10.92156862745098
0.7,0.02,stochunif,twopoint,scramble,6,12.294117647058824
0.7,0.02,stochunif,twopoint,scramble,7,11.019607843137255
0.7,0.02,stochunif,twopoint,scramble,8,11.745098039215687
0.7,0.02,stochunif,twopoint,scramble,9,9.666666666666668
0.7,0.02,stochunif,twopoint,scramble,10,12.098039215686274
0.7,0.02,stochunif,twopoint,swap,1,10.058823529411763
0.7,0.02,stochunif,twopoint,swap,2,11.137254901960787
0.7,0.02,stochunif,twopoint,swap,3,10.686274509803924
0.7,0.02,stochunif,twopoint,swap,4,9.705882352941176
0.7,0.02,stochunif,twopoint,swap,5,10.372549019607844
0.7,0.02,stochunif,twopoint,swap,6,11.176470588235292
0.7,0.02,stochunif,twopoint,swap,7,10.117647058823529
0.7,0.02,stochunif,twopoint,swap,8,9.529411764705882
0.7,0.02,stochunif,twopoint,swap,9,10.058823529411763
0.7,0.02,stochunif,twopoint,swap,10,10.941176470588236
0.7,0.02,stochunif,twopoint,frequency,1,10.19607843137255
0.7,0.02,stochunif,twopoint,frequency,2,11.058823529411766
0.7,0.02,stochunif,twopoint,frequency,3,9.254901960784313
0.7,0.02,stochunif,twopoint,frequency,4,10.215686274509801
0.7,0.02,stochunif,twopoint,frequency,5,11.35294117647059
0.7,0.02,stochunif,twopoint,frequency,6,11.078431372549021
0.7,0.02,stochunif,twopoint,frequency,7,10.23529411764706
0.7,0.02,stochunif,twopoint,frequency,8,10.470588235294116
0.7,0.02,stochunif,twopoint,frequency,9,9.254901960784313
0.7,0.02,stochunif,twopoint,frequency,10,9.372549019607842
0.7,0.02,roulette,scattered,uniform,1,10.03921568627451
0.7,0.02,roulette,scattered,uniform,2,10.03921568627451
0.7,0.02,roulette,scattered,uniform,3,9.72549019607843
0.7,0.02,roulette,scattered,uniform,4,11.058823529411766
0.7,0.02,roulette,scattered,uniform,5,10.470588235294116
0.7,0.02,roulette,scattered,uniform,6,10.823529411764708
0.7,0.02,roulette,scattered,uniform,7,11.196078431372548
0.7,0.02,roulette,scattered,uniform,8,11.313725490196077
0.7,0.02,roulette,scattered,uniform,9,10.215686274509801
0.7,0.02,roulette,scattered,uniform,10,9.294117647058822
0.7,0.02,roulette,scattered,block,1,9.333333333333332
0.7,0.02,roulette,scattered,block,2,11.411764705882353
0.7,0.02,roulette,scattered,block,3,9.76470588235294
0.7,0.02,roulette,scattered,block,4,9.549019607843137
0.7,0.02,roulette,scattered,block,5,9.294117647058822
0.7,0.02,roulette,scattered,block,6,11.235294117647058
0.7,0.02,roulette,scattered,block,7,10.11764705882353
0.7,0.02,roulette,scattered,block,8,9.823529411764705
0.7,0.02,roulette,scattered,block,9,10.450980392156861
0.7,0.02,roulette,scattered,block,10,11.07843137254902
0.7,0.02,roulette,scattered,scramble,1,10.058823529411764
0.7,0.02,roulette,scattered,scramble,2,9.705882352941176
0.7,0.02,roulette,scattered,scramble,3,10.607843137254902
0.7,0.02,roulette,scattered,scramble,4,9.64705882352941
0.7,0.02,roulette,scattered,scramble,5,10.76470588235294
0.7,0.02,roulette,scattered,scramble,6,10.392156862745097
0.7,0.02,roulette,scattered,scramble,7,10.686274509803921
0.7,0.02,roulette,scattered,scramble,8,11.137254901960786
0.7,0.02,roulette,scattered,scramble,9,10.333333333333332
0.7,0.02,roulette,scattered,scramble,10,10.80392156862745
0.7,0.02,roulette,scattered,swap,1,9.901960784313724
0.7,0.02,roulette,scattered,swap,2,10.627450980392156
0.7,0.02,roulette,scattered,swap,3,9.960784313725489
0.7,0.02,roulette,scattered,swap,4,11.196078431372548
0.7,0.02,roulette,scattered,swap,5,10.588235294117645
0.7,0.02,roulette,scattered,swap,6,10.588235294117647
0.7,0.02,roulette,scattered,swap,7,11.745098039215685
0.7,0.02,roulette,scattered,swap,8,10.372549019607844
0.7,0.02,roulette,scattered,swap,9,11.137254901960784
0.7,0.02,roulette,scattered,swap,10,9.980392156862745
0.7,0.02,roulette,scattered,frequency,1,10.176470588235293
0.7,0.02,roulette,scattered,frequency,2,9.294117647058824
0.7,0.02,roulette,scattered,frequency,3,9.666666666666666
0.7,0.02,roulette,scattered,frequency,4,9.666666666666668
0.7,0.02,roulette,scattered,frequency,5,10.196078431372548
0.7,0.02,roulette,scattered,frequency,6,10.294117647058826
0.7,0.02,roulette,scattered,frequency,7,9.980392156862745
0.7,0.02,roulette,scattered,frequency,8,10.84313725490196
0.7,0.02,roulette,scattered,frequency,9,10.117647058823529
0.7,0.02,roulette,scattered,frequency,10,9.254901960784313
0.7,0.02,roulette,singlepoint,uniform,1,10.176470588235292
0.7,0.02,roulette,singlepoint,uniform,2,11.588235294117645
0.7,0.02,roulette,singlepoint,uniform,3,12.078431372549021
0.7,0.02,roulette,singlepoint,uniform,4,9.980392156862745
0.7,0.02,roulette,singlepoint,uniform,5,11.372549019607842
0.7,0.02,roulette,singlepoint,uniform,6,10.352941176470585
0.7,0.02,roulette,singlepoint,uniform,7,10.117647058823529
0.7,0.02,roulette,singlepoint,uniform,8,10.745098039215684
0.7,0.02,roulette,singlepoint,uniform,9,11.549019607843135
0.7,0.02,roulette,singlepoint,uniform,10,12.549019607843135
0.7,0.02,roulette,singlepoint,block,1,10.686274509803921
0.7,0.02,roulette,singlepoint,block,2,12.882352941176471
0.7,0.02,roulette,singlepoint,block,3,10.15686274509804
0.7,0.02,roulette,singlepoint,block,4,12.392156862745097
0.7,0.02,roulette,singlepoint,block,5,10.862745098039214
0.7,0.02,roulette,singlepoint,block,6,12.03921568627451
0.7,0.02,roulette,singlepoint,block,7,12.686274509803923
0.7,0.02,roulette,singlepoint,block,8,12.176470588235292
0.7,0.02,roulette,singlepoint,block,9,12.529411764705882
0.7,0.02,roulette,singlepoint,block,10,11.27450980392157
0.7,0.02,roulette,singlepoint,scramble,1,12.6078431372549
0.7,0.02,roulette,singlepoint,scramble,2,13.039215686274511
0.7,0.02,roulette,singlepoint,scramble,3,9.901960784313724
0.7,0.02,roulette,singlepoint,scramble,4,11.313725490196077
0.7,0.02,roulette,singlepoint,scramble,5,12.117647058823527
0.7,0.02,roulette,singlepoint,scramble,6,11.745098039215685
0.7,0.02,roulette,singlepoint,scramble,7,11.15686274509804
0.7,0.02,roulette,singlepoint,scramble,8,10.431372549019606
0.7,0.02,roulette,singlepoint,scramble,9,11.88235294117647
0.7,0.02,roulette,singlepoint,scramble,10,11.098039215686276
0.7,0.02,roulette,singlepoint,swap,1,11.03921568627451
0.7,0.02,roulette,singlepoint,swap,2,11.627450980392156
0.7,0.02,roulette,singlepoint,swap,3,11.764705882352942
0.7,0.02,roulette,singlepoint,swap,4,12.058823529411764
0.7,0.02,roulette,singlepoint,swap,5,11.058823529411764
0.7,0.02,roulette,singlepoint,swap,6,10.372549019607842
0.7,0.02,roulette,singlepoint,swap,7,10.705882352941176
0.7,0.02,roulette,singlepoint,swap,8,11.901960784313726
0.7,0.02,roulette,singlepoint,swap,9,12.196078431372547
0.7,0.02,roulette,singlepoint,swap,10,11.666666666666668
0.7,0.02,roulette,singlepoint,frequency,1,11.823529411764705
0.7,0.02,roulette,singlepoint,frequency,2,11.07843137254902
0.7,0.02,roulette,singlepoint,frequency,3,10.705882352941178
0.7,0.02,roulette,singlepoint,frequency,4,9.784313725490195
0.7,0.02,roulette,singlepoint,frequency,5,10.235294117647058
0.7,0.02,roulette,singlepoint,frequency,6,10.529411764705884
0.7,0.02,roulette,singlepoint,frequency,7,11.725490196078432
0.7,0.02,roulette,singlepoint,frequency,8,11.862745098039214
0.7,0.02,roulette,singlepoint,frequency,9,11.764705882352942
0.7,0.02,roulette,singlepoint,frequency,10,11.27450980392157
0.7,0.02,roulette,twopoint,uniform,1,11.52941176470588
0.7,0.02,roulette,twopoint,uniform,2,10.098039215686272
0.7,0.02,roulette,twopoint,uniform,3,10.450980392156861
0.7,0.02,roulette,twopoint,uniform,4,10.725490196078432
0.7,0.02,roulette,twopoint,uniform,5,10.705882352941176
0.7,0.02,roulette,twopoint,uniform,6,10.11764705882353
0.7,0.02,roulette,twopoint,uniform,7,10.68627450980392
0.7,0.02,roulette,twopoint,uniform,8,10.215686274509803
0.7,0.02,roulette,twopoint,uniform,9,10.411764705882351
0.7,0.02,roulette,twopoint,uniform,10,10.313725490196077
0.7,0.02,roulette,twopoint,block,1,11.019607843137253
0.7,0.02,roulette,twopoint,block,2,11.03921568627451
0.7,0.02,roulette,twopoint,block,3,13.549019607843137
0.7,0.02,roulette,twopoint,block,4,10.627450980392156
0.7,0.02,roulette,twopoint,block,5,10.999999999999998
0.7,0.02,roulette,twopoint,block,6,9.254901960784313
0.7,0.02,roulette,twopoint,block,7,10.76470588235294
0.7,0.02,roulette,twopoint,block,8,10.058823529411764
0.7,0.02,roulette,twopoint,block,9,10.058823529411763
0.7,0.02,roulette,twopoint,block,10,10.901960784313724
0.7,0.02,roulette,twopoint,scramble,1,10.333333333333334
0.7,0.02,roulette,twopoint,scramble,2,10.901960784313724
0.7,0.02,roulette,twopoint,scramble,3,10.156862745098037
0.7,0.02,roulette,twopoint,scramble,4,10.450980392156863
0.7,0.02,roulette,twopoint,scramble,5,11.901960784313726
0.7,0.02,roulette,twopoint,scramble,6,11.862745098039216
0.7,0.02,roulette,twopoint,scramble,7,11.823529411764705
0.7,0.02,roulette,twopoint,scramble,8,9.823529411764707
0.7,0.02,roulette,twopoint,scramble,9,10.333333333333332
0.7,0.02,roulette,twopoint,scramble,10,11.529411764705882
0.7,0.02,roulette,twopoint,swap,1,12.392156862745098
0.7,0.02,roulette,twopoint,swap,2,12.588235294117647
0.7,0.02,roulette,twopoint,swap,3,10.823529411764708
0.7,0.02,roulette,twopoint,swap,4,10.56862745098039
0.7,0.02,roulette,twopoint,swap,5,10.509803921568627
0.7,0.02,roulette,twopoint,swap,6,12.294117647058824
0.7,0.02,roulette,twopoint,swap,7,9.901960784313726
0.7,0.02,roulette,twopoint,swap,8,11.392156862745098
0.7,0.02,roulette,twopoint,swap,9,10.450980392156861
0.7,0.02,roulette,twopoint,swap,10,11.823529411764705
0.7,0.02,roulette,twopoint,frequency,1,10.156862745098037
0.7,0.02,roulette,twopoint,frequency,2,10.313725490196079
0.7,0.02,roulette,twopoint,frequency,3,10.666666666666666
0.7,0.02,roulette,twopoint,frequency,4,10.27450980392157
0.7,0.02,roulette,twopoint,frequency,5,9.862745098039214
0.7,0.02,roulette,twopoint,frequency,6,9.705882352941176
0.7,0.02,roulette,twopoint,frequency,7,9.254901960784313
0.7,0.02,roulette,twopoint,frequency,8,10.313725490196079
0.7,0.02,roulette,twopoint,frequency,9,10.15686274509804
0.7,0.02,roulette,twopoint,frequency,10,9.509803921568627
0.7,0.02,tournament,scattered,uniform,1,9.294117647058822
0.7,0.02,tournament,scattered,uniform,2,9.980392156862745
0.7,0.02,tournament,scattered,uniform,3,9.705882352941174
0.7,0.02,tournament,scattered,uniform,4,9.823529411764707
0.7,0.02,tournament,scattered,uniform,5,10.313725490196079
0.7,0.02,tournament,scattered,uniform,6,9.254901960784313
0.7,0.02,tournament,scattered,uniform,7,9.666666666666666
0.7,0.02,tournament,scattered,uniform,8,9.294117647058824
0.7,0.02,tournament,scattered,uniform,9,9.254901960784313
0.7,0.02,tournament,scattered,uniform,10,9.294117647058824
0.7,0.02,tournament,scattered,block,1,9.705882352941178
0.7,0.02,tournament,scattered,block,2,9.64705882352941
0.7,0.02,tournament,scattered,block,3,9.294117647058822
0.7,0.02,tournament,scattered,block,4,9.784313725490195
0.7,0.02,tournament,scattered,block,5,10.882352941176471
0.7,0.02,tournament,scattered,block,6,9.254901960784313
0.7,0.02,tournament,scattered,block,7,9.666666666666668
0.7,0.02,tournament,scattered,block,8,9.960784313725489
0.7,0.02,tournament,scattered,block,9,9.64705882352941
0.7,0.02,tournament,scattered,block,10,9.254901960784313
0.7,0.02,tournament,scattered,scramble,1,9.72549019607843
0.7,0.02,tournament,scattered,scramble,2,10.215686274509803
0.7,0.02,tournament,scattered,scramble,3,9.294117647058824
0.7,0.02,tournament,scattered,scramble,4,9.294117647058822
0.7,0.02,tournament,scattered,scramble,5,10.019607843137253
0.7,0.02,tournament,scattered,scramble,6,9.705882352941176
0.7,0.02,tournament,scattered,scramble,7,10.333333333333332
0.7,0.02,tournament,scattered,scramble,8,9.294117647058824
0.7,0.02,tournament,scattered,scramble,9,9.705882352941174
0.7,0.02,tournament,scattered,scramble,10,9.294117647058822
0.7,0.02,tournament,scattered,swap,1,9.254901960784313
0.7,0.02,tournament,scattered,swap,2,9.254901960784313
0.7,0.02,tournament,scattered,swap,3,9.647058823529411
0.7,0.02,tournament,scattered,swap,4,10.058823529411764
0.7,0.02,tournament,scattered,swap,5,9.333333333333332
0.7,0.02,tournament,scattered,swap,6,9.294117647058822
0.7,0.02,tournament,scattered,swap,7,9.254901960784313
0.7,0.02,tournament,scattered,swap,8,9.254901960784313
0.7,0.02,tournament,scattered,swap,9,9.294117647058822
0.7,0.02,tournament,scattered,swap,10,10.07843137254902
0.7,0.02,tournament,scattered,frequency,1,9.705882352941176
0.7,0.02,tournament,scattered,frequency,2,9.705882352941174
0.7,0.02,tournament,scattered,frequency,3,9.72549019607843
0.7,0.02,tournament,scattered,frequency,4,9.254901960784313
0.7,0.02,tournament,scattered,frequency,5,9.980392156862747
0.7,0.02,tournament,scattered,frequency,6,9.254901960784313
0.7,0.02,tournament,scattered,frequency,7,9.666666666666668
0.7,0.02,tournament,scattered,frequency,8,9.254901960784313
0.7,0.02,tournament,scattered,frequency,9,9.254901960784313
0.7,0.02,tournament,scattered,frequency,10,9.294117647058822
0.7,0.02,tournament,singlepoint,uniform,1,10.686274509803924
0.7,0.02,tournament,singlepoint,uniform,2,9.254901960784313
0.7,0.02,tournament,singlepoint,uniform,3,9.49019607843137
0.7,0.02,tournament,singlepoint,uniform,4,10.627450980392156
0.7,0.02,tournament,singlepoint,uniform,5,10.058823529411764
0.7,0.02,tournament,singlepoint,uniform,6,9.666666666666668
0.7,0.02,tournament,singlepoint,uniform,7,9.705882352941174
0.7,0.02,tournament,singlepoint,uniform,8,10.72549019607843
0.7,0.02,tournament,singlepoint,uniform,9,11.137254901960786
0.7,0.02,tournament,singlepoint,uniform,10,10.313725490196079
0.7,0.02,tournament,singlepoint,block,1,11.392156862745097
0.7,0.02,tournament,singlepoint,block,2,10.392156862745097
0.7,0.02,tournament,singlepoint,block,3,9.80392156862745
0.7,0.02,tournament,singlepoint,block,4,9.372549019607842
0.7,0.02,tournament,singlepoint,block,5,9.72549019607843
0.7,0.02,tournament,singlepoint,block,6,11.19607843137255
0.7,0.02,tournament,singlepoint,block,7,11.274509803921568
0.7,0.02,tournament,singlepoint,block,8,10.450980392156863
0.7,0.02,tournament,singlepoint,block,9,11.03921568627451
0.7,0.02,tournament,singlepoint,block,10,11.019607843137255
0.7,0.02,tournament,singlepoint,scramble,1,9.960784313725492
0.7,0.02,tournament,singlepoint,scramble,2,10.03921568627451
0.7,0.02,tournament,singlepoint,scramble,3,10.627450980392158
0.7,0.02,tournament,singlepoint,scramble,4,11.176470588235292
0.7,0.02,tournament,singlepoint,scramble,5,9.254901960784313
0.7,0.02,tournament,singlepoint,scramble,6,10.196078431372548
0.7,0.02,tournament,singlepoint,scramble,7,10.294117647058824
0.7,0.02,tournament,singlepoint,scramble,8,10.960784313725489
0.7,0.02,tournament,singlepoint,scramble,9,11.156862745098039
0.7,0.02,tournament,singlepoint,scramble,10,10.0
0.7,0.02,tournament,singlepoint,swap,1,11.470588235294118
0.7,0.02,tournament,singlepoint,swap,2,9.64705882352941
0.7,0.02,tournament,singlepoint,swap,3,10.196078431372548
0.7,0.02,tournament,singlepoint,swap,4,9.254901960784313
0.7,0.02,tournament,singlepoint,swap,5,10.823529411764705
0.7,0.02,tournament,singlepoint,swap,6,12.235294117647058
0.7,0.02,tournament,singlepoint,swap,7,11.901960784313726
0.7,0.02,tournament,singlepoint,swap,8,10.686274509803921
0.7,0.02,tournament,singlepoint,swap,9,10.03921568627451
0.7,0.02,tournament,singlepoint,swap,10,10.156862745098037
0.7,0.02,tournament,singlepoint,frequency,1,9.64705882352941
0.7,0.02,tournament,singlepoint,frequency,2,9.941176470588234
0.7,0.02,tournament,singlepoint,frequency,3,10.980392156862747
0.7,0.02,tournament,singlepoint,frequency,4,10.568627450980392
0.7,0.02,tournament,singlepoint,frequency,5,9.254901960784313
0.7,0.02,tournament,singlepoint,frequency,6,10.176470588235292
0.7,0.02,tournament,singlepoint,frequency,7,9.666666666666666
0.7,0.02,tournament,singlepoint,frequency,8,9.294117647058824
0.7,0.02,tournament,singlepoint,frequency,9,9.254901960784313
0.7,0.02,tournament,singlepoint,frequency,10,11.098039215686276
0.7,0.02,tournament,twopoint,uniform,1,9.294117647058824
0.7,0.02,tournament,twopoint,uniform,2,9.254901960784313
0.7,0.02,tournament,twopoint,uniform,3,10.058823529411764
0.7,0.02,tournament,twopoint,uniform,4,10.392156862745098
0.7,0.02,tournament,twopoint,uniform,5,9.705882352941174
0.7,0.02,tournament,twopoint,uniform,6,10.76470588235294
0.7,0.02,tournament,twopoint,uniform,7,9.294117647058822
0.7,0.02,tournament,twopoint,uniform,8,10.176470588235292
0.7,0.02,tournament,twopoint,uniform,9,9.803921568627448
0.7,0.02,tournament,twopoint,uniform,10,9.254901960784313
0.7,0.02,tournament,twopoint,block,1,10.03921568627451
0.7,0.02,tournament,twopoint,block,2,10.019607843137253
0.7,0.02,tournament,twopoint,block,3,9.705882352941174
0.7,0.02,tournament,twopoint,block,4,9.686274509803921
0.7,0.02,tournament,twopoint,block,5,10.392156862745098
0.7,0.02,tournament,twopoint,block,6,10.568627450980392
0.7,0.02,tournament,twopoint,block,7,10.725490196078432
0.7,0.02,tournament,twopoint,block,8,9.823529411764705
0.7,0.02,tournament,twopoint,block,9,9.64705882352941
0.7,0.02,tournament,twopoint,block,10,10.529411764705882
0.7,0.02,tournament,twopoint,scramble,1,9.64705882352941
0.7,0.02,tournament,twopoint,scramble,2,10.07843137254902
0.7,0.02,tournament,twopoint,scramble,3,9.294117647058824
0.7,0.02,tournament,twopoint,scramble,4,9.294117647058822
0.7,0.02,tournament,twopoint,scramble,5,10.058823529411763
0.7,0.02,tournament,twopoint,scramble,6,9.294117647058822
0.7,0.02,tournament,twopoint,scramble,7,11.07843137254902
0.7,0.02,tournament,twopoint,scramble,8,9.647058823529411
0.7,0.02,tournament,twopoint,scramble,9,9.823529411764705
0.7,0.02,tournament,twopoint,scramble,10,9.49019607843137
0.7,0.02,tournament,twopoint,swap,1,10.686274509803924
0.7,0.02,tournament,twopoint,swap,2,9.862745098039213
0.7,0.02,tournament,twopoint,swap,3,9.588235294117647
0.7,0.02,tournament,twopoint,swap,4,11.68627450980392
0.7,0.02,tournament,twopoint,swap,5,9.294117647058824
0.7,0.02,tournament,twopoint,swap,6,10.333333333333332
0.7,0.02,tournament,twopoint,swap,7,9.254901960784313
0.7,0.02,tournament,twopoint,swap,8,11.470588235294116
0.7,0.02,tournament,twopoint,swap,9,10.058823529411764
0.7,0.02,tournament,twopoint,swap,10,9.705882352941176
0.7,0.02,tournament,twopoint,frequency,1,9.64705882352941
0.7,0.02,tournament,twopoint,frequency,2,9.705882352941176
0.7,0.02,tournament,twopoint,frequency,3,10.372549019607845
0.7,0.02,tournament,twopoint,frequency,4,9.64705882352941
0.7,0.02,tournament,twopoint,frequency,5,10.745098039215684
0.7,0.02,tournament,twopoint,frequency,6,9.294117647058824
0.7,0.02,tournament,twopoint,frequency,7,9.72549019607843
0.7,0.02,tournament,twopoint,frequency,8,9.294117647058824
0.7,0.02,tournament,twopoint,frequency,9,9.76470588235294
0.7,0.02,tournament,twopoint,frequency,10,9.294117647058822
0.7,0.05,stochunif,scattered,uniform,1,9.294117647058822
0.7,0.05,stochunif,scattered,uniform,2,9.72549019607843
0.7,0.05,stochunif,scattered,uniform,3,9.980392156862745
0.7,0.05,stochunif,scattered,uniform,4,10.313725490196079
0.7,0.05,stochunif,scattered,uniform,5,9.980392156862747
0.7,0.05,stochunif,scattered,uniform,6,9.254901960784313
0.7,0.05,stochunif,scattered,uniform,7,10.19607843137255
0.7,0.05,stochunif,scattered,uniform,8,10.392156862745097
0.7,0.05,stochunif,scattered,uniform,9,9.294117647058822
0.7,0.05,stochunif,scattered,uniform,10,10.176470588235293
0.7,0.05,stochunif,scattered,block,1,9.254901960784313
0.7,0.05,stochunif,scattered,block,2,9.372549019607844
0.7,0.05,stochunif,scattered,block,3,9.705882352941174
0.7,0.05,stochunif,scattered,block,4,9.666666666666668
0.7,0.05,stochunif,scattered,block,5,9.705882352941178
0.7,0.05,stochunif,scattered,block,6,9.960784313725489
0.7,0.05,stochunif,scattered,block,7,9.64705882352941
0.7,0.05,stochunif,scattered,block,8,9.294117647058824
0.7,0.05,stochunif,scattered,block,9,9.372549019607842
0.7,0.05,stochunif,scattered,block,10,9.901960784313724
0.7,0.05,stochunif,scattered,scramble,1,9.509803921568627
0.7,0.05,stochunif,scattered,scramble,2,9.509803921568627
0.7,0.05,stochunif,scattered,scramble,3,10.411764705882351
0.7,0.05,stochunif,scattered,scramble,4,10.215686274509801
0.7,0.05,stochunif,scattered,scramble,5,11.235294117647058
0.7,0.05,stochunif,scattered,scramble,6,9.941176470588236
0.7,0.05,stochunif,scattered,scramble,7,9.72549019607843
0.7,0.05,stochunif,scattered,scramble,8,9.64705882352941
0.7,0.05,stochunif,scattered,scramble,9,9.666666666666668
0.7,0.05,stochunif,scattered,scramble,10,9.254901960784313
0.7,0.05,stochunif,scattered,swap,1,10.862745098039214
0.7,0.05,stochunif,scattered,swap,2,10.80392156862745
0.7,0.05,stochunif,scattered,swap,3,9.72549019607843
0.7,0.05,stochunif,scattered,swap,4,10.313725490196077
0.7,0.05,stochunif,scattered,swap,5,9.705882352941176
0.7,0.05,stochunif,scattered,swap,6,9.294117647058822
0.7,0.05,stochunif,scattered,swap,7,10.196078431372548
0.7,0.05,stochunif,scattered,swap,8,9.960784313725489
0.7,0.05,stochunif,scattered,swap,9,9.803921568627448
0.7,0.05,stochunif,scattered,swap,10,9.254901960784313
0.7,0.05,stochunif,scattered,frequency,1,9.294117647058822
0.7,0.05,stochunif,scattered,frequency,2,9.254901960784313
0.7,0.05,stochunif,scattered,frequency,3,9.705882352941174
0.7,0.05,stochunif,scattered,frequency,4,9.254901960784313
0.7,0.05,stochunif,scattered,frequency,5,9.254901960784313
0.7,0.05,stochunif,scattered,frequency,6,9.705882352941176
0.7,0.05,stochunif,scattered,frequency,7,9.509803921568627
0.7,0.05,stochunif,scattered,frequency,8,9.254901960784313
0.7,0.05,stochunif,scattered,frequency,9,10.176470588235293
0.7,0.05,stochunif,scattered,frequency,10,10.333333333333332
0.7,0.05,stochunif,singlepoint,uniform,1,9.666666666666668
0.7,0.05,stochunif,singlepoint,uniform,2,12.058823529411766
0.7,0.05,stochunif,singlepoint,uniform,3,9.941176470588234
0.7,0.05,stochunif,singlepoint,uniform,4,9.64705882352941
0.7,0.05,stochunif,singlepoint,uniform,5,12.254901960784313
0.7,0.05,stochunif,singlepoint,uniform,6,9.823529411764705
0.7,0.05,stochunif,singlepoint,uniform,7,9.254901960784313
0.7,0.05,stochunif,singlepoint,uniform,8,10.058823529411764
0.7,0.05,stochunif,singlepoint,uniform,9,9.294117647058824
0.7,0.05,stochunif,singlepoint,uniform,10,9.784313725490199
0.7,0.05,stochunif,singlepoint,block,1,12.254901960784315
0.7,0.05,stochunif,singlepoint,block,2,10.901960784313724
0.7,0.05,stochunif,singlepoint,block,3,13.098039215686274
0.7,0.05,stochunif,singlepoint,block,4,12.333333333333332
0.7,0.05,stochunif,singlepoint,block,5,12.764705882352942
0.7,0.05,stochunif,singlepoint,block,6,12.176470588235293
0.7,0.05,stochunif,singlepoint,block,7,10.450980392156863
0.7,0.05,stochunif,singlepoint,block,8,11.196078431372548
0.7,0.05,stochunif,singlepoint,block,9,11.568627450980392
0.7,0.05,stochunif,singlepoint,block,10,11.666666666666668
0.7,0.05,stochunif,singlepoint,scramble,1,10.431372549019608
0.7,0.05,stochunif,singlepoint,scramble,2,10.372549019607844
0.7,0.05,stochunif,singlepoint,scramble,3,11.117647058823527
0.7,0.05,stochunif,singlepoint,scramble,4,11.490196078431373
0.7,0.05,stochunif,singlepoint,scramble,5,11.49019607843137
0.7,0.05,stochunif,singlepoint,scramble,6,12.098039215686274
0.7,0.05,stochunif,singlepoint,scramble,7,12.901960784313724
0.7,0.05,stochunif,singlepoint,scramble,8,13.07843137254902
0.7,0.05,stochunif,singlepoint,scramble,9,10.72549019607843
0.7,0.05,stochunif,singlepoint,scramble,10,11.705882352941176
0.7,0.05,stochunif,singlepoint,swap,1,10.352941176470589
0.7,0.05,stochunif,singlepoint,swap,2,10.156862745098037
0.7,0.05,stochunif,singlepoint,swap,3,12.098039215686274
0.7,0.05,stochunif,singlepoint,swap,4,9.294117647058822
0.7,0.05,stochunif,singlepoint,swap,5,11.999999999999998
0.7,0.05,stochunif,singlepoint,swap,6,10.588235294117645
0.7,0.05,stochunif,singlepoint,swap,7,11.333333333333334
0.7,0.05,stochunif,singlepoint,swap,8,11.607843137254903
0.7,0.05,stochunif,singlepoint,swap,9,11.647058823529413
0.7,0.05,stochunif,singlepoint,swap,10,11.294117647058824
0.7,0.05,stochunif,singlepoint,frequency,1,10.352941176470587
0.7,0.05,stochunif,singlepoint,frequency,2,9.64705882352941
0.7,0.05,stochunif,singlepoint,frequency,3,9.666666666666668
0.7,0.05,stochunif,singlepoint,frequency,4,12.666666666666666
0.7,0.05,stochunif,singlepoint,frequency,5,11.941176470588237
0.7,0.05,stochunif,singlepoint,frequency,6,10.686274509803921
0.7,0.05,stochunif,singlepoint,frequency,7,10.03921568627451
0.7,0.05,stochunif,singlepoint,frequency,8,11.137254901960784
0.7,0.05,stochunif,singlepoint,frequency,9,9.705882352941176
0.7,0.05,stochunif,singlepoint,frequency,10,9.88235294117647
0.7,0.05,stochunif,twopoint,uniform,1,9.509803921568627
0.7,0.05,stochunif,twopoint,uniform,2,10.509803921568627
0.7,0.05,stochunif,twopoint,uniform,3,10.529411764705884
0.7,0.05,stochunif,twopoint,uniform,4,9.823529411764705
0.7,0.05,stochunif,twopoint,uniform,5,10.647058823529411
0.7,0.05,stochunif,twopoint,uniform,6,9.254901960784313
0.7,0.05,stochunif,twopoint,uniform,7,9.254901960784313
0.7,0.05,stochunif,twopoint,uniform,8,10.274509803921568
0.7,0.05,stochunif,twopoint,uniform,9,13.450980392156861
0.7,0.05,stochunif,twopoint,uniform,10,9.941176470588236
0.7,0.05,stochunif,twopoint,block,1,11.039215686274511
0.7,0.05,stochunif,twopoint,block,2,11.980392156862747
0.7,0.05,stochunif,twopoint,block,3,11.627450980392156
0.7,0.05,stochunif,twopoint,block,4,9.88235294117647
0.7,0.05,stochunif,twopoint,block,5,10.411764705882351
0.7,0.05,stochunif,twopoint,block,6,9.784313725490195
0.7,0.05,stochunif,twopoint,block,7,10.72549019607843
0.7,0.05,stochunif,twopoint,block,8,10.88235294117647
0.7,0.05,stochunif,twopoint,block,9,9.980392156862745
0.7,0.05,stochunif,twopoint,block,10,9.666666666666668
0.7,0.05,stochunif,twopoint,scramble,1,9.980392156862745
0.7,0.05,stochunif,twopoint,scramble,2,12.117647058823529
0.7,0.05,stochunif,twopoint,scramble,3,10.509803921568627
0.7,0.05,stochunif,twopoint,scramble,4,9.76470588235294
0.7,0.05,stochunif,twopoint,scramble,5,12.450980392156863
0.7,0.05,stochunif,twopoint,scramble,6,9.64705882352941
0.7,0.05,stochunif,twopoint,scramble,7,10.470588235294118
0.7,0.05,stochunif,twopoint,scramble,8,10.764705882352942
0.7,0.05,stochunif,twopoint,scramble,9,11.509803921568627
0.7,0.05,stochunif,twopoint,scramble,10,9.705882352941174
0.7,0.05,stochunif,twopoint,swap,1,10.627450980392156
0.7,0.05,stochunif,twopoint,swap,2,9.76470588235294
0.7,0.05,stochunif,twopoint,swap,3,11.156862745098037
0.7,0.05,stochunif,twopoint,swap,4,11.333333333333334
0.7,0.05,stochunif,twopoint,swap,5,10.64705882352941
0.7,0.05,stochunif,twopoint,swap,6,12.294117647058822
0.7,0.05,stochunif,twopoint,swap,7,10.137254901960784
0.7,0.05,stochunif,twopoint,swap,8,12.450980392156861
0.7,0.05,stochunif,twopoint,swap,9,13.72549019607843
0.7,0.05,stochunif,twopoint,swap,10,10.862745098039213
0.7,0.05,stochunif,twopoint,frequency,1,10.19607843137255
0.7,0.05,stochunif,twopoint,frequency,2,10.019607843137253
0.7,0.05,stochunif,twopoint,frequency,3,10.47058823529412
0.7,0.05,stochunif,twopoint,frequency,4,10.137254901960784
0.7,0.05,stochunif,twopoint,frequency,5,9.686274509803921
0.7,0.05,stochunif,twopoint,frequency,6,9.254901960784313
0.7,0.05,stochunif,twopoint,frequency,7,9.254901960784313
0.7,0.05,stochunif,twopoint,frequency,8,9.294117647058822
0.7,0.05,stochunif,twopoint,frequency,9,9.784313725490195
0.7,0.05,stochunif,twopoint,frequency,10,9.705882352941176
0.7,0.05,roulette,scattered,uniform,1,9.941176470588234
0.7,0.05,roulette,scattered,uniform,2,9.980392156862745
0.7,0.05,roulette,scattered,uniform,3,10.686274509803923
0.7,0.05,roulette,scattered,uniform,4,9.960784313725489
0.7,0.05,roulette,scattered,uniform,5,10.392156862745097
0.7,0.05,roulette,scattered,uniform,6,9.980392156862747
0.7,0.05,roulette,scattered,uniform,7,9.254901960784313
0.7,0.05,roulette,scattered,uniform,8,9.980392156862745
0.7,0.05,roulette,scattered,uniform,9,10.705882352941176
0.7,0.05,roulette,scattered,uniform,10,9.705882352941176
0.7,0.05,roulette,scattered,block,1,10.098039215686276
0.7,0.05,roulette,scattered,block,2,10.372549019607844
0.7,0.05,roulette,scattered,block,3,11.784313725490195
0.7,0.05,roulette,scattered,block,4,9.294117647058822
0.7,0.05,roulette,scattered,block,5,10.117647058823529
0.7,0.05,roulette,scattered,block,6,10.0
0.7,0.05,roulette,scattered,block,7,10.352941176470589
0.7,0.05,roulette,scattered,block,8,10.88235294117647
0.7,0.05,roulette,scattered,block,9,9.294117647058822
0.7,0.05,roulette,scattered,block,10,9.76470588235294
0.7,0.05,roulette,scattered,scramble,1,10.039215686274508
0.7,0.05,roulette,scattered,scramble,2,9.64705882352941
0.7,0.05,roulette,scattered,scramble,3,10.549019607843135
0.7,0.05,roulette,scattered,scramble,4,9.823529411764707
0.7,0.05,roulette,scattered,scramble,5,10.313725490196077
0.7,0.05,roulette,scattered,scramble,6,9.254901960784313
0.7,0.05,roulette,scattered,scramble,7,9.509803921568627
0.7,0.05,roulette,scattered,scramble,8,9.784313725490195
0.7,0.05,roulette,scattered,scramble,9,9.333333333333332
0.7,0.05,roulette,scattered,scramble,10,10.019607843137253
0.7,0.05,roulette,scattered,swap,1,10.058823529411766
0.7,0.05,roulette,scattered,swap,2,9.294117647058824
0.7,0.05,roulette,scattered,swap,3,10.235294117647058
0.7,0.05,roulette,scattered,swap,4,9.76470588235294
0.7,0.05,roulette,scattered,swap,5,10.03921568627451
0.7,0.05,roulette,scattered,swap,6,11.411764705882351
0.7,0.05,roulette,scattered,swap,7,9.509803921568627
0.7,0.05,roulette,scattered,swap,8,10.137254901960786
0.7,0.05,roulette,scattered,swap,9,9.784313725490195
0.7,0.05,roulette,scattered,swap,10,10.254901960784316
0.7,0.05,roulette,scattered,frequency,1,9.823529411764705
0.7,0.05,roulette,scattered,frequency,2,10.313725490196079
0.7,0.05,roulette,scattered,frequency,3,9.980392156862745
0.7,0.05,roulette,scattered,frequency,4,9.294117647058824
0.7,0.05,roulette,scattered,frequency,5,9.666666666666668
0.7,0.05,roulette,scattered,frequency,6,9.666666666666668
0.7,0.05,roulette,scattered,frequency,7,9.64705882352941
0.7,0.05,roulette,scattered,frequency,8,9.64705882352941
0.7,0.05,roulette,scattered,frequency,9,10.137254901960786
0.7,0.05,roulette,scattered,frequency,10,9.254901960784313
0.7,0.05,roulette,singlepoint,uniform,1,9.64705882352941
0.7,0.05,roulette,singlepoint,uniform,2,9.254901960784313
0.7,0.05,roulette,singlepoint,uniform,3,10.03921568627451
0.7,0.05,roulette,singlepoint,uniform,4,9.901960784313724
0.7,0.05,roulette,singlepoint,uniform,5,11.274509803921566
0.7,0.05,roulette,singlepoint,uniform,6,12.450980392156865
0.7,0.05,roulette,singlepoint,uniform,7,9.980392156862745
0.7,0.05,roulette,singlepoint,uniform,8,11.764705882352942
0.7,0.05,roulette,singlepoint,uniform,9,9.901960784313726
0.7,0.05,roulette,singlepoint,uniform,10,10.941176470588236
0.7,0.05,roulette,singlepoint,block,1,11.07843137254902
0.7,0.05,roulette,singlepoint,block,2,12.862745098039216
0.7,0.05,roulette,singlepoint,block,3,11.588235294117645
0.7,0.05,roulette,singlepoint,block,4,11.254901960784315
0.7,0.05,roulette,singlepoint,block,5,10.117647058823529
0.7,0.05,roulette,singlepoint,block,6,9.901960784313726
0.7,0.05,roulette,singlepoint,block,7,11.137254901960786
0.7,0.05,roulette,singlepoint,block,8,10.19607843137255
0.7,0.05,roulette,singlepoint,block,9,11.156862745098037
0.7,0.05,roulette,singlepoint,block,10,12.960784313725489
0.7,0.05,roulette,singlepoint,scramble,1,12.0
0.7,0.05,roulette,singlepoint,scramble,2,11.862745098039214
0.7,0.05,roulette,singlepoint,scramble,3,10.980392156862743
0.7,0.05,roulette,singlepoint,scramble,4,12.11764705882353
0.7,0.05,roulette,singlepoint,scramble,5,10.019607843137253
0.7,0.05,roulette,singlepoint,scramble,6,11.098039215686274
0.7,0.05,roulette,singlepoint,scramble,7,10.274509803921564
0.7,0.05,roulette,singlepoint,scramble,8,11.117647058823529
0.7,0.05,roulette,singlepoint,scramble,9,12.352941176470587
0.7,0.05,roulette,singlepoint,scramble,10,9.509803921568627
0.7,0.05,roulette,singlepoint,swap,1,11.431372549019608
0.7,0.05,roulette,singlepoint,swap,2,12.37254901960784
0.7,0.05,roulette,singlepoint,swap,3,11.627450980392156
0.7,0.05,roulette,singlepoint,swap,4,9.784313725490195
0.7,0.05,roulette,singlepoint,swap,5,11.098039215686274
0.7,0.05,roulette,singlepoint,swap,6,11.568627450980392
0.7,0.05,roulette,singlepoint,swap,7,11.901960784313722
0.7,0.05,roulette,singlepoint,swap,8,10.980392156862747
0.7,0.05,roulette,singlepoint,swap,9,12.450980392156861
0.7,0.05,roulette,singlepoint,swap,10,10.431372549019606
0.7,0.05,roulette,singlepoint,frequency,1,11.529411764705882
0.7,0.05,roulette,singlepoint,frequency,2,11.235294117647058
0.7,0.05,roulette,singlepoint,frequency,3,10.333333333333332
0.7,0.05,roulette,singlepoint,frequency,4,11.470588235294118
0.7,0.05,roulette,singlepoint,frequency,5,10.450980392156861
0.7,0.05,roulette,singlepoint,frequency,6,10.03921568627451
0.7,0.05,roulette,singlepoint,frequency,7,9.941176470588236
0.7,0.05,roulette,singlepoint,frequency,8,11.411764705882353
0.7,0.05,roulette,singlepoint,frequency,9,11.11764705882353
0.7,0.05,roulette,singlepoint,frequency,10,9.705882352941176
0.7,0.05,roulette,twopoint,uniform,1,12.039215686274508
0.7,0.05,roulette,twopoint,uniform,2,9.64705882352941
0.7,0.05,roulette,twopoint,uniform,3,9.980392156862745
0.7,0.05,roulette,twopoint,uniform,4,10.117647058823527
0.7,0.05,roulette,twopoint,uniform,5,10.019607843137255
0.7,0.05,roulette,twopoint,uniform,6,10.607843137254902
0.7,0.05,roulette,twopoint,uniform,7,10.64705882352941
0.7,0.05,roulette,twopoint,uniform,8,10.274509803921566
0.7,0.05,roulette,twopoint,uniform,9,9.784313725490197
0.7,0.05,roulette,twopoint,uniform,10,9.980392156862745
0.7,0.05,roulette,twopoint,block,1,10.686274509803921
0.7,0.05,roulette,twopoint,block,2,10.549019607843139
0.7,0.05,roulette,twopoint,block,3,12.568627450980394
0.7,0.05,roulette,twopoint,block,4,9.254901960784313
0.7,0.05,roulette,twopoint,block,5,11.07843137254902
0.7,0.05,roulette,twopoint,block,6,9.784313725490195
0.7,0.05,roulette,twopoint,block,7,10.549019607843135
0.7,0.05,roulette,twopoint,block,8,12.196078431372548
0.7,0.05,roulette,twopoint,block,9,10.372549019607842
0.7,0.05,roulette,twopoint,block,10,9.666666666666666
0.7,0.05,roulette,twopoint,scramble,1,10.882352941176473
0.7,0.05,roulette,twopoint,scramble,2,9.294117647058822
0.7,0.05,roulette,twopoint,scramble,3,9.705882352941176
0.7,0.05,roulette,twopoint,scramble,4,10.470588235294116
0.7,0.05,roulette,twopoint,scramble,5,11.352941176470589
0.7,0.05,roulette,twopoint,scramble,6,11.07843137254902
0.7,0.05,roulette,twopoint,scramble,7,10.196078431372548
0.7,0.05,roulette,twopoint,scramble,8,11.058823529411764
0.7,0.05,roulette,twopoint,scramble,9,11.039215686274508
0.7,0.05,roulette,twopoint,scramble,10,12.352941176470587
0.7,0.05,roulette,twopoint,swap,1,10.11764705882353
0.7,0.05,roulette,twopoint,swap,2,10.058823529411764
0.7,0.05,roulette,twopoint,swap,3,9.999999999999998
0.7,0.05,roulette,twopoint,swap,4,10.607843137254902
0.7,0.05,roulette,twopoint,swap,5,12.549019607843135
0.7,0.05,roulette,twopoint,swap,6,9.333333333333332
0.7,0.05,roulette,twopoint,swap,7,10.49019607843137
0.7,0.05,roulette,twopoint,swap,8,10.058823529411763
0.7,0.05,roulette,twopoint,swap,9,10.392156862745098
0.7,0.05,roulette,twopoint,swap,10,12.137254901960786
0.7,0.05,roulette,twopoint,frequency,1,9.64705882352941
0.7,0.05,roulette,twopoint,frequency,2,10.999999999999998
0.7,0.05,roulette,twopoint,frequency,3,9.254901960784313
0.7,0.05,roulette,twopoint,frequency,4,10.117647058823529
0.7,0.05,roulette,twopoint,frequency,5,10.254901960784316
0.7,0.05,roulette,twopoint,frequency,6,9.72549019607843
0.7,0.05,roulette,twopoint,frequency,7,9.80392156862745
0.7,0.05,roulette,twopoint,frequency,8,10.137254901960786
0.7,0.05,roulette,twopoint,frequency,9,10.549019607843135
0.7,0.05,roulette,twopoint,frequency,10,11.666666666666668
0.7,0.05,tournament,scattered,uniform,1,9.72549019607843
0.7,0.05,tournament,scattered,uniform,2,9.254901960784313
0.7,0.05,tournament,scattered,uniform,3,9.294117647058822
0.7,0.05,tournament,scattered,uniform,4,9.294117647058824
0.7,0.05,tournament,scattered,uniform,5,9.254901960784313
0.7,0.05,tournament,scattered,uniform,6,9.254901960784313
0.7,0.05,tournament,scattered,uniform,7,9.254901960784313
0.7,0.05,tournament,scattered,uniform,8,9.294117647058822
0.7,0.05,tournament,scattered,uniform,9,9.254901960784313
0.7,0.05,tournament,scattered,uniform,10,9.980392156862745
0.7,0.05,tournament,scattered,block,1,10.058823529411766
0.7,0.05,tournament,scattered,block,2,9.254901960784313
0.7,0.05,tournament,scattered,block,3,9.372549019607844
0.7,0.05,tournament,scattered,block,4,9.254901960784313
0.7,0.05,tournament,scattered,block,5,9.254901960784313
0.7,0.05,tournament,scattered,block,6,10.03921568627451
0.7,0.05,tournament,scattered,block,7,9.254901960784313
0.7,0.05,tournament,scattered,block,8,9.980392156862745
0.7,0.05,tournament,scattered,block,9,9.254901960784313
0.7,0.05,tournament,scattered,block,10,9.372549019607842
0.7,0.05,tournament,scattered,scramble,1,9.705882352941174
0.7,0.05,tournament,scattered,scramble,2,9.980392156862745
0.7,0.05,tournament,scattered,scramble,3,9.980392156862749
0.7,0.05,tournament,scattered,scramble,4,10.372549019607842
0.7,0.05,tournament,scattered,scramble,5,9.294117647058822
0.7,0.05,tournament,scattered,scramble,6,9.254901960784313
0.7,0.05,tournament,scattered,scramble,7,9.294117647058824
0.7,0.05,tournament,scattered,scramble,8,10.058823529411764
0.7,0.05,tournament,scattered,scramble,9,9.294117647058822
0.7,0.05,tournament,scattered,scramble,10,9.705882352941176
0.7,0.05,tournament,scattered,swap,1,9.705882352941176
0.7,0.05,tournament,scattered,swap,2,9.254901960784313
0.7,0.05,tournament,scattered,swap,3,10.705882352941174
0.7,0.05,tournament,scattered,swap,4,9.803921568627448
0.7,0.05,tournament,scattered,swap,5,9.254901960784313
0.7,0.05,tournament,scattered,swap,6,9.529411764705882
0.7,0.05,tournament,scattered,swap,7,9.64705882352941
0.7,0.05,tournament,scattered,swap,8,9.254901960784313
0.7,0.05,tournament,scattered,swap,9,9.254901960784313
0.7,0.05,tournament,scattered,swap,10,10.431372549019606
0.7,0.05,tournament,scattered,frequency,1,9.294117647058824
0.7,0.05,tournament,scattered,frequency,2,10.666666666666668
0.7,0.05,tournament,scattered,frequency,3,9.980392156862747
0.7,0.05,tournament,scattered,frequency,4,9.294117647058824
0.7,0.05,tournament,scattered,frequency,5,9.254901960784313
0.7,0.05,tournament,scattered,frequency,6,9.294117647058822
0.7,0.05,tournament,scattered,frequency,7,9.254901960784313
0.7,0.05,tournament,scattered,frequency,8,9.294117647058824
0.7,0.05,tournament,scattered,frequency,9,9.294117647058822
0.7,0.05,tournament,scattered,frequency,10,9.294117647058824
0.7,0.05,tournament,singlepoint,uniform,1,9.64705882352941
0.7,0.05,tournament,singlepoint,uniform,2,9.254901960784313
0.7,0.05,tournament,singlepoint,uniform,3,9.705882352941178
0.7,0.05,tournament,singlepoint,uniform,4,9.294117647058822
0.7,0.05,tournament,singlepoint,uniform,5,9.254901960784313
0.7,0.05,tournament,singlepoint,uniform,6,9.980392156862747
0.7,0.05,tournament,singlepoint,uniform,7,9.52941176470588
0.7,0.05,tournament,singlepoint,uniform,8,10.725490196078432
0.7,0.05,tournament,singlepoint,uniform,9,9.686274509803921
0.7,0.05,tournament,singlepoint,uniform,10,9.705882352941176
0.7,0.05,tournament,singlepoint,block,1,11.03921568627451
0.7,0.05,tournament,singlepoint,block,2,10.568627450980392
0.7,0.05,tournament,singlepoint,block,3,10.725490196078432
0.7,0.05,tournament,singlepoint,block,4,9.372549019607844
0.7,0.05,tournament,singlepoint,block,5,10.549019607843135
0.7,0.05,tournament,singlepoint,block,6,11.549019607843135
0.7,0.05,tournament,singlepoint,block,7,9.294117647058824
0.7,0.05,tournament,singlepoint,block,8,10.019607843137255
0.7,0.05,tournament,singlepoint,block,9,10.80392156862745
0.7,0.05,tournament,singlepoint,block,10,10.431372549019606
0.7,0.05,tournament,singlepoint,scramble,1,10.450980392156863
0.7,0.05,tournament,singlepoint,scramble,2,9.901960784313724
0.7,0.05,tournament,singlepoint,scramble,3,10.431372549019606
0.7,0.05,tournament,singlepoint,scramble,4,9.72549019607843
0.7,0.05,tournament,singlepoint,scramble,5,10.19607843137255
0.7,0.05,tournament,singlepoint,scramble,6,9.254901960784313
0.7,0.05,tournament,singlepoint,scramble,7,10.392156862745097
0.7,0.05,tournament,singlepoint,scramble,8,10.019607843137253
0.7,0.05,tournament,singlepoint,scramble,9,11.352941176470587
0.7,0.05,tournament,singlepoint,scramble,10,11.294117647058822
0.7,0.05,tournament,singlepoint,swap,1,11.294117647058822
0.7,0.05,tournament,singlepoint,swap,2,10.058823529411763
0.7,0.05,tournament,singlepoint,swap,3,11.72549019607843
0.7,0.05,tournament,singlepoint,swap,4,10.450980392156865
0.7,0.05,tournament,singlepoint,swap,5,9.80392156862745
0.7,0.05,tournament,singlepoint,swap,6,10.450980392156863
0.7,0.05,tournament,singlepoint,swap,7,11.03921568627451
0.7,0.05,tournament,singlepoint,swap,8,9.705882352941176
0.7,0.05,tournament,singlepoint,swap,9,10.0
0.7,0.05,tournament,singlepoint,swap,10,10.03921568627451
0.7,0.05,tournament,singlepoint,frequency,1,9.294117647058822
0.7,0.05,tournament,singlepoint,frequency,2,9.294117647058824
0.7,0.05,tournament,singlepoint,frequency,3,9.294117647058824
0.7,0.05,tournament,singlepoint,frequency,4,9.64705882352941
0.7,0.05,tournament,singlepoint,frequency,5,9.705882352941176
0.7,0.05,tournament,singlepoint,frequency,6,10.313725490196079
0.7,0.05,tournament,singlepoint,frequency,7,9.294117647058822
0.7,0.05,tournament,singlepoint,frequency,8,9.80392156862745
0.7,0.05,tournament,singlepoint,frequency,9,9.784313725490195
0.7,0.05,tournament,singlepoint,frequency,10,9.901960784313724
0.7,0.05,tournament,twopoint,uniform,1,9.941176470588236
0.7,0.05,tournament,twopoint,uniform,2,9.294117647058824
0.7,0.05,tournament,twopoint,uniform,3,9.254901960784313
0.7,0.05,tournament,twopoint,uniform,4,9.901960784313724
0.7,0.05,tournament,twopoint,uniform,5,10.549019607843137
0.7,0.05,tournament,twopoint,uniform,6,9.509803921568627
0.7,0.05,tournament,twopoint,uniform,7,9.666666666666668
0.7,0.05,tournament,twopoint,uniform,8,9.294117647058822
0.7,0.05,tournament,twopoint,uniform,9,10.431372549019606
0.7,0.05,tournament,twopoint,uniform,10,9.705882352941174
0.7,0.05,tournament,twopoint,block,1,10.019607843137253
0.7,0.05,tournament,twopoint,block,2,10.588235294117647
0.7,0.05,tournament,twopoint,block,3,10.980392156862745
0.7,0.05,tournament,twopoint,block,4,10.764705882352942
0.7,0.05,tournament,twopoint,block,5,10.235294117647058
0.7,0.05,tournament,twopoint,block,6,9.294117647058822
0.7,0.05,tournament,twopoint,block,7,9.80392156862745
0.7,0.05,tournament,twopoint,block,8,11.64705882352941
0.7,0.05,tournament,twopoint,block,9,9.294117647058822
0.7,0.05,tournament,twopoint,block,10,9.588235294117647
0.7,0.05,tournament,twopoint,scramble,1,10.470588235294116
0.7,0.05,tournament,twopoint,scramble,2,9.372549019607842
0.7,0.05,tournament,twopoint,scramble,3,10.52941176470588
0.7,0.05,tournament,twopoint,scramble,4,9.666666666666666
0.7,0.05,tournament,twopoint,scramble,5,10.823529411764707
0.7,0.05,tournament,twopoint,scramble,6,9.294117647058824
0.7,0.05,tournament,twopoint,scramble,7,10.392156862745097
0.7,0.05,tournament,twopoint,scramble,8,10.960784313725489
0.7,0.05,tournament,twopoint,scramble,9,9.705882352941174
0.7,0.05,tournament,twopoint,scramble,10,10.215686274509803
0.7,0.05,tournament,twopoint,swap,1,10.137254901960786
0.7,0.05,tournament,twopoint,swap,2,10.117647058823527
0.7,0.05,tournament,twopoint,swap,3,10.372549019607844
0.7,0.05,tournament,twopoint,swap,4,10.705882352941174
0.7,0.05,tournament,twopoint,swap,5,9.294117647058822
0.7,0.05,tournament,twopoint,swap,6,9.72549019607843
0.7,0.05,tournament,twopoint,swap,7,10.215686274509801
0.7,0.05,tournament,twopoint,swap,8,9.333333333333332
0.7,0.05,tournament,twopoint,swap,9,10.52941176470588
0.7,0.05,tournament,twopoint,swap,10,10.72549019607843
0.7,0.05,tournament,twopoint,frequency,1,9.294117647058824
0.7,0.05,tournament,twopoint,frequency,2,9.333333333333332
0.7,0.05,tournament,twopoint,frequency,3,9.980392156862747
0.7,0.05,tournament,twopoint,frequency,4,10.274509803921568
0.7,0.05,tournament,twopoint,frequency,5,9.254901960784313
0.7,0.05,tournament,twopoint,frequency,6,10.352941176470589
0.7,0.05,tournament,twopoint,frequency,7,9.294117647058822
0.7,0.05,tournament,twopoint,frequency,8,10.019607843137253
0.7,0.05,tournament,twopoint,frequency,9,9.294117647058822
0.7,0.05,tournament,twopoint,frequency,10,9.294117647058822
0.7,0.1,stochunif,scattered,uniform,1,9.254901960784313
0.7,0.1,stochunif,scattered,uniform,2,9.294117647058822
0.7,0.1,stochunif,scattered,uniform,3,10.019607843137255
0.7,0.1,stochunif,scattered,uniform,4,9.372549019607844
0.7,0.1,stochunif,scattered,uniform,5,9.980392156862747
0.7,0.1,stochunif,scattered,uniform,6,9.294117647058824
0.7,0.1,stochunif,scattered,uniform,7,9.294117647058822
0.7,0.1,stochunif,scattered,uniform,8,9.823529411764705
0.7,0.1,stochunif,scattered,uniform,9,9.705882352941176
0.7,0.1,stochunif,scattered,uniform,10,9.76470588235294
0.7,0.1,stochunif,scattered,block,1,9.294117647058824
0.7,0.1,stochunif,scattered,block,2,10.47058823529412
0.7,0.1,stochunif,scattered,block,3,10.941176470588237
0.7,0.1,stochunif,scattered,block,4,10.156862745098039
0.7,0.1,stochunif,scattered,block,5,9.254901960784313
0.7,0.1,stochunif,scattered,block,6,10.117647058823529
0.7,0.1,stochunif,scattered,block,7,9.294117647058824
0.7,0.1,stochunif,scattered,block,8,9.76470588235294
0.7,0.1,stochunif,scattered,block,9,11.333333333333332
0.7,0.1,stochunif,scattered,block,10,11.803921568627452
0.7,0.1,stochunif,scattered,scramble,1,10.862745098039214
0.7,0.1,stochunif,scattered,scramble,2,9.666666666666668
0.7,0.1,stochunif,scattered,scramble,3,9.254901960784313
0.7,0.1,stochunif,scattered,scramble,4,11.882352941176473
0.7,0.1,stochunif,scattered,scramble,5,10.725490196078432
0.7,0.1,stochunif,scattered,scramble,6,9.941176470588234
0.7,0.1,stochunif,scattered,scramble,7,9.666666666666668
0.7,0.1,stochunif,scattered,scramble,8,9.980392156862747
0.7,0.1,stochunif,scattered,scramble,9,10.235294117647058
0.7,0.1,stochunif,scattered,scramble,10,9.254901960784313
0.7,0.1,stochunif,scattered,swap,1,10.76470588235294
0.7,0.1,stochunif,scattered,swap,2,10.058823529411764
0.7,0.1,stochunif,scattered,swap,3,10.941176470588237
0.7,0.1,stochunif,scattered,swap,4,9.294117647058822
0.7,0.1,stochunif,scattered,swap,5,10.235294117647058
0.7,0.1,stochunif,scattered,swap,6,10.568627450980392
0.7,0.1,stochunif,scattered,swap,7,10.215686274509803
0.7,0.1,stochunif,scattered,swap,8,9.509803921568627
0.7,0.1,stochunif,scattered,swap,9,10.058823529411763
0.7,0.1,stochunif,scattered,swap,10,9.76470588235294
0.7,0.1,stochunif,scattered,frequency,1,9.254901960784313
0.7,0.1,stochunif,scattered,frequency,2,9.980392156862749
0.7,0.1,stochunif,scattered,frequency,3,9.254901960784313
0.7,0.1,stochunif,scattered,frequency,4,9.294117647058822
0.7,0.1,stochunif,scattered,frequency,5,9.666666666666668
0.7,0.1,stochunif,scattered,frequency,6,9.803921568627448
0.7,0.1,stochunif,scattered,frequency,7,9.254901960784313
0.7,0.1,stochunif,scattered,frequency,8,9.980392156862747
0.7,0.1,stochunif,scattered,frequency,9,10.980392156862747
0.7,0.1,stochunif,scattered,frequency,10,9.294117647058824
0.7,0.1,stochunif,singlepoint,uniform,1,11.509803921568627
0.7,0.1,stochunif,singlepoint,uniform,2,10.450980392156865
0.7,0.1,stochunif,singlepoint,uniform,3,9.294117647058824
0.7,0.1,stochunif,singlepoint,uniform,4,9.372549019607844
0.7,0.1,stochunif,singlepoint,uniform,5,9.254901960784313
0.7,0.1,stochunif,singlepoint,uniform,6,9.372549019607842
0.7,0.1,stochunif,singlepoint,uniform,7,10.64705882352941
0.7,0.1,stochunif,singlepoint,uniform,8,9.823529411764705
0.7,0.1,stochunif,singlepoint,uniform,9,9.862745098039213
0.7,0.1,stochunif,singlepoint,uniform,10,9.901960784313724
0.7,0.1,stochunif,singlepoint,block,1,11.117647058823529
0.7,0.1,stochunif,singlepoint,block,2,10.235294117647056
0.7,0.1,stochunif,singlepoint,block,3,10.862745098039213
0.7,0.1,stochunif,singlepoint,block,4,10.431372549019606
0.7,0.1,stochunif,singlepoint,block,5,10.196078431372548
0.7,0.1,stochunif,singlepoint,block,6,11.058823529411766
0.7,0.1,stochunif,singlepoint,block,7,11.901960784313726
0.7,0.1,stochunif,singlepoint,block,8,10.72549019607843
0.7,0.1,stochunif,singlepoint,block,9,12.33333333333333
0.7,0.1,stochunif,singlepoint,block,10,10.901960784313724
0.7,0.1,stochunif,singlepoint,scramble,1,11.196078431372548
0.7,0.1,stochunif,singlepoint,scramble,2,10.470588235294116
0.7,0.1,stochunif,singlepoint,scramble,3,9.372549019607842
0.7,0.1,stochunif,singlepoint,scramble,4,12.666666666666666
0.7,0.1,stochunif,singlepoint,scramble,5,12.156862745098039
0.7,0.1,stochunif,singlepoint,scramble,6,12.058823529411764
0.7,0.1,stochunif,singlepoint,scramble,7,11.039215686274511
0.7,0.1,stochunif,singlepoint,scramble,8,11.450980392156861
0.7,0.1,stochunif,singlepoint,scramble,9,10.980392156862747
0.7,0.1,stochunif,singlepoint,scramble,10,10.92156862745098
0.7,0.1,stochunif,singlepoint,swap,1,9.549019607843137
0.7,0.1,stochunif,singlepoint,swap,2,10.470588235294118
0.7,0.1,stochunif,singlepoint,swap,3,13.627450980392156
0.7,0.1,stochunif,singlepoint,swap,4,10.431372549019606
0.7,0.1,stochunif,singlepoint,swap,5,13.509803921568626
0.7,0.1,stochunif,singlepoint,swap,6,11.313725490196077
0.7,0.1,stochunif,singlepoint,swap,7,10.941176470588236
0.7,0.1,stochunif,singlepoint,swap,8,12.294117647058822
0.7,0.1,stochunif,singlepoint,swap,9,12.274509803921568
0.7,0.1,stochunif,singlepoint,swap,10,10.64705882352941
0.7,0.1,stochunif,singlepoint,frequency,1,9.862745098039214
0.7,0.1,stochunif,singlepoint,frequency,2,9.254901960784313
0.7,0.1,stochunif,singlepoint,frequency,3,9.64705882352941
0.7,0.1,stochunif,singlepoint,frequency,4,10.019607843137253
0.7,0.1,stochunif,singlepoint,frequency,5,11.07843137254902
0.7,0.1,stochunif,singlepoint,frequency,6,9.980392156862747
0.7,0.1,stochunif,singlepoint,frequency,7,10.96078431372549
0.7,0.1,stochunif,singlepoint,frequency,8,9.980392156862747
0.7,0.1,stochunif,singlepoint,frequency,9,9.509803921568627
0.7,0.1,stochunif,singlepoint,frequency,10,10.72549019607843
0.7,0.1,stochunif,twopoint,uniform,1,9.294117647058824
0.7,0.1,stochunif,twopoint,uniform,2,11.039215686274511
0.7,0.1,stochunif,twopoint,uniform,3,10.03921568627451
0.7,0.1,stochunif,twopoint,uniform,4,9.294117647058824
0.7,0.1,stochunif,twopoint,uniform,5,11.333333333333332
0.7,0.1,stochunif,twopoint,uniform,6,11.901960784313726
0.7,0.1,stochunif,twopoint,uniform,7,9.666666666666668
0.7,0.1,stochunif,twopoint,uniform,8,9.294117647058824
0.7,0.1,stochunif,twopoint,uniform,9,10.03921568627451
0.7,0.1,stochunif,twopoint,uniform,10,9.941176470588236
0.7,0.1,stochunif,twopoint,block,1,9.254901960784313
0.7,0.1,stochunif,twopoint,block,2,10.274509803921568
0.7,0.1,stochunif,twopoint,block,3,12.607843137254902
0.7,0.1,stochunif,twopoint,block,4,10.470588235294118
0.7,0.1,stochunif,twopoint,block,5,12.411764705882353
0.7,0.1,stochunif,twopoint,block,6,10.705882352941176
0.7,0.1,stochunif,twopoint,block,7,10.627450980392156
0.7,0.1,stochunif,twopoint,block,8,11.470588235294116
0.7,0.1,stochunif,twopoint,block,9,10.11764705882353
0.7,0.1,stochunif,twopoint,block,10,9.980392156862745
0.7,0.1,stochunif,twopoint,scramble,1,13.176470588235295
0.7,0.1,stochunif,twopoint,scramble,2,9.862745098039213
0.7,0.1,stochunif,twopoint,scramble,3,11.0
0.7,0.1,stochunif,twopoint,scramble,4,11.35294117647059
0.7,0.1,stochunif,twopoint,scramble,5,10.686274509803921
0.7,0.1,stochunif,twopoint,scramble,6,9.823529411764707
0.7,0.1,stochunif,twopoint,scramble,7,9.941176470588234
0.7,0.1,stochunif,twopoint,scramble,8,10.56862745098039
0.7,0.1,stochunif,twopoint,scramble,9,10.294117647058824
0.7,0.1,stochunif,twopoint,scramble,10,9.333333333333332
0.7,0.1,stochunif,twopoint,swap,1,11.372549019607842
0.7,0.1,stochunif,twopoint,swap,2,12.431372549019608
0.7,0.1,stochunif,twopoint,swap,3,11.627450980392155
0.7,0.1,stochunif,twopoint,swap,4,10.941176470588236
0.7,0.1,stochunif,twopoint,swap,5,11.66666666666667
0.7,0.1,stochunif,twopoint,swap,6,12.70588235294118
0.7,0.1,stochunif,twopoint,swap,7,12.607843137254902
0.7,0.1,stochunif,twopoint,swap,8,9.64705882352941
0.7,0.1,stochunif,twopoint,swap,9,10.470588235294116
0.7,0.1,stochunif,twopoint,swap,10,12.03921568627451
0.7,0.1,stochunif,twopoint,frequency,1,9.803921568627448
0.7,0.1,stochunif,twopoint,frequency,2,10.607843137254903
0.7,0.1,stochunif,twopoint,frequency,3,9.254901960784313
0.7,0.1,stochunif,twopoint,frequency,4,9.372549019607842
0.7,0.1,stochunif,twopoint,frequency,5,10.058823529411764
0.7,0.1,stochunif,twopoint,frequency,6,9.254901960784313
0.7,0.1,stochunif,twopoint,frequency,7,9.705882352941176
0.7,0.1,stochunif,twopoint,frequency,8,9.941176470588234
0.7,0.1,stochunif,twopoint,frequency,9,9.254901960784313
0.7,0.1,stochunif,twopoint,frequency,10,9.254901960784313
0.7,0.1,roulette,scattered,uniform,1,9.64705882352941
0.7,0.1,roulette,scattered,uniform,2,9.254901960784313
0.7,0.1,roulette,scattered,uniform,3,9.254901960784313
0.7,0.1,roulette,scattered,uniform,4,10.333333333333332
0.7,0.1,roulette,scattered,uniform,5,10.333333333333332
0.7,0.1,roulette,scattered,uniform,6,9.254901960784313
0.7,0.1,roulette,scattered,uniform,7,9.784313725490195
0.7,0.1,roulette,scattered,uniform,8,9.294117647058822
0.7,0.1,roulette,scattered,uniform,9,10.372549019607842
0.7,0.1,roulette,scattered,uniform,10,10.431372549019608
0.7,0.1,roulette,scattered,block,1,10.88235294117647
0.7,0.1,roulette,scattered,block,2,9.64705882352941
0.7,0.1,roulette,scattered,block,3,11.803921568627452
0.7,0.1,roulette,scattered,block,4,11.450980392156865
0.7,0.1,roulette,scattered,block,5,12.372549019607844
0.7,0.1,roulette,scattered,block,6,10.35294117647059
0.7,0.1,roulette,scattered,block,7,10.058823529411764
0.7,0.1,roulette,scattered,block,8,10.921568627450979
0.7,0.1,roulette,scattered,block,9,10.156862745098037
0.7,0.1,roulette,scattered,block,10,10.03921568627451
0.7,0.1,roulette,scattered,scramble,1,9.647058823529411
0.7,0.1,roulette,scattered,scramble,2,10.76470588235294
0.7,0.1,roulette,scattered,scramble,3,9.705882352941176
0.7,0.1,roulette,scattered,scramble,4,10.725490196078432
0.7,0.1,roulette,scattered,scramble,5,9.76470588235294
0.7,0.1,roulette,scattered,scramble,6,11.431372549019608
0.7,0.1,roulette,scattered,scramble,7,9.254901960784313
0.7,0.1,roulette,scattered,scramble,8,11.07843137254902
0.7,0.1,roulette,scattered,scramble,9,11.07843137254902
0.7,0.1,roulette,scattered,scramble,10,9.862745098039213
0.7,0.1,roulette,scattered,swap,1,9.372549019607842
0.7,0.1,roulette,scattered,swap,2,9.372549019607844
0.7,0.1,roulette,scattered,swap,3,10.196078431372548
0.7,0.1,roulette,scattered,swap,4,10.058823529411764
0.7,0.1,roulette,scattered,swap,5,9.294117647058822
0.7,0.1,roulette,scattered,swap,6,9.64705882352941
0.7,0.1,roulette,scattered,swap,7,9.76470588235294
0.7,0.1,roulette,scattered,swap,8,10.549019607843137
0.7,0.1,roulette,scattered,swap,9,10.627450980392156
0.7,0.1,roulette,scattered,swap,10,9.254901960784313
0.7,0.1,roulette,scattered,frequency,1,9.333333333333332
0.7,0.1,roulette,scattered,frequency,2,9.980392156862747
0.7,0.1,roulette,scattered,frequency,3,10.235294117647058
0.7,0.1,roulette,scattered,frequency,4,9.941176470588234
0.7,0.1,roulette,scattered,frequency,5,9.941176470588236
0.7,0.1,roulette,scattered,frequency,6,9.941176470588234
0.7,0.1,roulette,scattered,frequency,7,9.294117647058822
0.7,0.1,roulette,scattered,frequency,8,9.294117647058822
0.7,0.1,roulette,scattered,frequency,9,9.64705882352941
0.7,0.1,roulette,scattered,frequency,10,9.294117647058824
0.7,0.1,roulette,singlepoint,uniform,1,9.666666666666668
0.7,0.1,roulette,singlepoint,uniform,2,9.705882352941176
0.7,0.1,roulette,singlepoint,uniform,3,12.235294117647058
0.7,0.1,roulette,singlepoint,uniform,4,10.784313725490195
0.7,0.1,roulette,singlepoint,uniform,5,9.333333333333332
0.7,0.1,roulette,singlepoint,uniform,6,12.490196078431373
0.7,0.1,roulette,singlepoint,uniform,7,9.254901960784313
0.7,0.1,roulette,singlepoint,uniform,8,9.294117647058824
0.7,0.1,roulette,singlepoint,uniform,9,10.627450980392156
0.7,0.1,roulette,singlepoint,uniform,10,10.019607843137253
0.7,0.1,roulette,singlepoint,block,1,11.43137254901961
0.7,0.1,roulette,singlepoint,block,2,10.431372549019606
0.7,0.1,roulette,singlepoint,block,3,11.980392156862743
0.7,0.1,roulette,singlepoint,block,4,10.470588235294118
0.7,0.1,roulette,singlepoint,block,5,12.450980392156865
0.7,0.1,roulette,singlepoint,block,6,13.098039215686274
0.7,0.1,roulette,singlepoint,block,7,12.176470588235295
0.7,0.1,roulette,singlepoint,block,8,10.549019607843137
0.7,0.1,roulette,singlepoint,block,9,12.058823529411764
0.7,0.1,roulette,singlepoint,block,10,9.509803921568627
0.7,0.1,roulette,singlepoint,scramble,1,13.745098039215685
0.7,0.1,roulette,singlepoint,scramble,2,11.0
0.7,0.1,roulette,singlepoint,scramble,3,12.607843137254902
0.7,0.1,roulette,singlepoint,scramble,4,11.549019607843135
0.7,0.1,roulette,singlepoint,scramble,5,11.901960784313722
0.7,0.1,roulette,singlepoint,scramble,6,11.019607843137253
0.7,0.1,roulette,singlepoint,scramble,7,11.039215686274511
0.7,0.1,roulette,singlepoint,scramble,8,11.72549019607843
0.7,0.1,roulette,singlepoint,scramble,9,11.372549019607842
0.7,0.1,roulette,singlepoint,scramble,10,10.588235294117647
0.7,0.1,roulette,singlepoint,swap,1,12.372549019607842
0.7,0.1,roulette,singlepoint,swap,2,11.941176470588234
0.7,0.1,roulette,singlepoint,swap,3,11.588235294117647
0.7,0.1,roulette,singlepoint,swap,4,11.176470588235292
0.7,0.1,roulette,singlepoint,swap,5,10.647058823529413
0.7,0.1,roulette,singlepoint,swap,6,11.901960784313722
0.7,0.1,roulette,singlepoint,swap,7,9.294117647058822
0.7,0.1,roulette,singlepoint,swap,8,10.64705882352941
0.7,0.1,roulette,singlepoint,swap,9,12.80392156862745
0.7,0.1,roulette,singlepoint,swap,10,12.666666666666668
0.7,0.1,roulette,singlepoint,frequency,1,10.03921568627451
0.7,0.1,roulette,singlepoint,frequency,2,11.450980392156863
0.7,0.1,roulette,singlepoint,frequency,3,10.52941176470588
0.7,0.1,roulette,singlepoint,frequency,4,9.960784313725489
0.7,0.1,roulette,singlepoint,frequency,5,10.333333333333332
0.7,0.1,roulette,singlepoint,frequency,6,10.137254901960786
0.7,0.1,roulette,singlepoint,frequency,7,10.235294117647058
0.7,0.1,roulette,singlepoint,frequency,8,10.92156862745098
0.7,0.1,roulette,singlepoint,frequency,9,10.019607843137253
0.7,0.1,roulette,singlepoint,frequency,10,9.294117647058824
0.7,0.1,roulette,twopoint,uniform,1,10.294117647058824
0.7,0.1,roulette,twopoint,uniform,2,11.705882352941174
0.7,0.1,roulette,twopoint,uniform,3,10.92156862745098
0.7,0.1,roulette,twopoint,uniform,4,10.627450980392158
0.7,0.1,roulette,twopoint,uniform,5,9.705882352941174
0.7,0.1,roulette,twopoint,uniform,6,10.058823529411764
0.7,0.1,roulette,twopoint,uniform,7,10.117647058823529
0.7,0.1,roulette,twopoint,uniform,8,9.64705882352941
0.7,0.1,roulette,twopoint,uniform,9,9.64705882352941
0.7,0.1,roulette,twopoint,uniform,10,9.980392156862745
0.7,0.1,roulette,twopoint,block,1,10.72549019607843
0.7,0.1,roulette,twopoint,block,2,12.156862745098037
0.7,0.1,roulette,twopoint,block,3,11.431372549019606
0.7,0.1,roulette,twopoint,block,4,9.372549019607844
0.7,0.1,roulette,twopoint,block,5,11.372549019607842
0.7,0.1,roulette,twopoint,block,6,10.862745098039216
0.7,0.1,roulette,twopoint,block,7,11.0
0.7,0.1,roulette,twopoint,block,8,9.80392156862745
0.7,0.1,roulette,twopoint,block,9,10.450980392156863
0.7,0.1,roulette,twopoint,block,10,9.52941176470588
0.7,0.1,roulette,twopoint,scramble,1,10.607843137254902
0.7,0.1,roulette,twopoint,scramble,2,10.52941176470588
0.7,0.1,roulette,twopoint,scramble,3,10.274509803921568
0.7,0.1,roulette,twopoint,scramble,4,10.745098039215687
0.7,0.1,roulette,twopoint,scramble,5,10.352941176470589
0.7,0.1,roulette,twopoint,scramble,6,10.980392156862749
0.7,0.1,roulette,twopoint,scramble,7,9.784313725490197
0.7,0.1,roulette,twopoint,scramble,8,9.92156862745098
0.7,0.1,roulette,twopoint,scramble,9,12.372549019607844
0.7,0.1,roulette,twopoint,scramble,10,11.745098039215684
0.7,0.1,roulette,twopoint,swap,1,11.431372549019606
0.7,0.1,roulette,twopoint,swap,2,9.294117647058824
0.7,0.1,roulette,twopoint,swap,3,11.039215686274511
0.7,0.1,roulette,twopoint,swap,4,12.313725490196077
0.7,0.1,roulette,twopoint,swap,5,12.392156862745097
0.7,0.1,roulette,twopoint,swap,6,10.411764705882353
0.7,0.1,roulette,twopoint,swap,7,11.313725490196076
0.7,0.1,roulette,twopoint,swap,8,10.196078431372548
0.7,0.1,roulette,twopoint,swap,9,10.980392156862747
0.7,0.1,roulette,twopoint,swap,10,9.705882352941178
0.7,0.1,roulette,twopoint,frequency,1,10.196078431372548
0.7,0.1,roulette,twopoint,frequency,2,10.019607843137255
0.7,0.1,roulette,twopoint,frequency,3,9.254901960784313
0.7,0.1,roulette,twopoint,frequency,4,9.64705882352941
0.7,0.1,roulette,twopoint,frequency,5,9.823529411764705
0.7,0.1,roulette,twopoint,frequency,6,9.705882352941174
0.7,0.1,roulette,twopoint,frequency,7,10.274509803921566
0.7,0.1,roulette,twopoint,frequency,8,9.64705882352941
0.7,0.1,roulette,twopoint,frequency,9,10.372549019607844
0.7,0.1,roulette,twopoint,frequency,10,9.254901960784313
0.7,0.1,tournament,scattered,uniform,1,9.294117647058824
0.7,0.1,tournament,scattered,uniform,2,9.294117647058822
0.7,0.1,tournament,scattered,uniform,3,9.76470588235294
0.7,0.1,tournament,scattered,uniform,4,9.294117647058824
0.7,0.1,tournament,scattered,uniform,5,9.294117647058824
0.7,0.1,tournament,scattered,uniform,6,9.705882352941174
0.7,0.1,tournament,scattered,uniform,7,9.254901960784313
0.7,0.1,tournament,scattered,uniform,8,9.294117647058822
0.7,0.1,tournament,scattered,uniform,9,9.294117647058822
0.7,0.1,tournament,scattered,uniform,10,9.705882352941174
0.7,0.1,tournament,scattered,block,1,9.254901960784313
0.7,0.1,tournament,scattered,block,2,9.294117647058824
0.7,0.1,tournament,scattered,block,3,10.058823529411764
0.7,0.1,tournament,scattered,block,4,9.254901960784313
0.7,0.1,tournament,scattered,block,5,9.254901960784313
0.7,0.1,tournament,scattered,block,6,9.666666666666668
0.7,0.1,tournament,scattered,block,7,10.019607843137253
0.7,0.1,tournament,scattered,block,8,9.705882352941178
0.7,0.1,tournament,scattered,block,9,9.588235294117647
0.7,0.1,tournament,scattered,block,10,9.705882352941176
0.7,0.1,tournament,scattered,scramble,1,9.666666666666666
0.7,0.1,tournament,scattered,scramble,2,9.254901960784313
0.7,0.1,tournament,scattered,scramble,3,9.254901960784313
0.7,0.1,tournament,scattered,scramble,4,9.294117647058822
0.7,0.1,tournament,scattered,scramble,5,9.294117647058824
0.7,0.1,tournament,scattered,scramble,6,9.294117647058822
0.7,0.1,tournament,scattered,scramble,7,9.823529411764705
0.7,0.1,tournament,scattered,scramble,8,9.294117647058822
0.7,0.1,tournament,scattered,scramble,9,9.254901960784313
0.7,0.1,tournament,scattered,scramble,10,9.64705882352941
0.7,0.1,tournament,scattered,swap,1,9.549019607843135
0.7,0.1,tournament,scattered,swap,2,9.941176470588234
0.7,0.1,tournament,scattered,swap,3,9.333333333333332
0.7,0.1,tournament,scattered,swap,4,9.666666666666666
0.7,0.1,tournament,scattered,swap,5,9.254901960784313
0.7,0.1,tournament,scattered,swap,6,9.64705882352941
0.7,0.1,tournament,scattered,swap,7,9.294117647058824
0.7,0.1,tournament,scattered,swap,8,9.294117647058822
0.7,0.1,tournament,scattered,swap,9,9.72549019607843
0.7,0.1,tournament,scattered,swap,10,9.294117647058822
0.7,0.1,tournament,scattered,frequency,1,9.254901960784313
0.7,0.1,tournament,scattered,frequency,2,9.294117647058824
0.7,0.1,tournament,scattered,frequency,3,9.294117647058822
0.7,0.1,tournament,scattered,frequency,4,9.254901960784313
0.7,0.1,tournament,scattered,frequency,5,9.64705882352941
0.7,0.1,tournament,scattered,frequency,6,9.254901960784313
0.7,0.1,tournament,scattered,frequency,7,9.294117647058824
0.7,0.1,tournament,scattered,frequency,8,9.254901960784313
0.7,0.1,tournament,scattered,frequency,9,9.980392156862747
0.7,0.1,tournament,scattered,frequency,10,9.294117647058822
0.7,0.1,tournament,singlepoint,uniform,1,9.254901960784313
0.7,0.1,tournament,singlepoint,uniform,2,9.294117647058822
0.7,0.1,tournament,singlepoint,uniform,3,9.294117647058822
0.7,0.1,tournament,singlepoint,uniform,4,9.254901960784313
0.7,0.1,tournament,singlepoint,uniform,5,9.254901960784313
0.7,0.1,tournament,singlepoint,uniform,6,9.980392156862747
0.7,0.1,tournament,singlepoint,uniform,7,9.64705882352941
0.7,0.1,tournament,singlepoint,uniform,8,9.64705882352941
0.7,0.1,tournament,singlepoint,uniform,9,9.686274509803921
0.7,0.1,tournament,singlepoint,uniform,10,9.64705882352941
0.7,0.1,tournament,singlepoint,block,1,10.333333333333332
0.7,0.1,tournament,singlepoint,block,2,9.941176470588236
0.7,0.1,tournament,singlepoint,block,3,10.235294117647058
0.7,0.1,tournament,singlepoint,block,4,11.392156862745098
0.7,0.1,tournament,singlepoint,block,5,10.352941176470587
0.7,0.1,tournament,singlepoint,block,6,9.980392156862747
0.7,0.1,tournament,singlepoint,block,7,10.647058823529411
0.7,0.1,tournament,singlepoint,block,8,10.84313725490196
0.7,0.1,tournament,singlepoint,block,9,11.607843137254902
0.7,0.1,tournament,singlepoint,block,10,9.254901960784313
0.7,0.1,tournament,singlepoint,scramble,1,10.745098039215685
0.7,0.1,tournament,singlepoint,scramble,2,10.372549019607844
0.7,0.1,tournament,singlepoint,scramble,3,10.372549019607842
0.7,0.1,tournament,singlepoint,scramble,4,9.294117647058822
0.7,0.1,tournament,singlepoint,scramble,5,10.235294117647058
0.7,0.1,tournament,singlepoint,scramble,6,11.411764705882351
0.7,0.1,tournament,singlepoint,scramble,7,9.294117647058822
0.7,0.1,tournament,singlepoint,scramble,8,9.294117647058824
0.7,0.1,tournament,singlepoint,scramble,9,9.745098039215685
0.7,0.1,tournament,singlepoint,scramble,10,10.431372549019606
0.7,0.1,tournament,singlepoint,swap,1,9.294117647058822
0.7,0.1,tournament,singlepoint,swap,2,11.07843137254902
0.7,0.1,tournament,singlepoint,swap,3,10.117647058823529
0.7,0.1,tournament,singlepoint,swap,4,10.745098039215685
0.7,0.1,tournament,singlepoint,swap,5,10.568627450980392
0.7,0.1,tournament,singlepoint,swap,6,10.411764705882353
0.7,0.1,tournament,singlepoint,swap,7,10.352941176470587
0.7,0.1,tournament,singlepoint,swap,8,10.549019607843137
0.7,0.1,tournament,singlepoint,swap,9,10.56862745098039
0.7,0.1,tournament,singlepoint,swap,10,10.627450980392156
0.7,0.1,tournament,singlepoint,frequency,1,9.509803921568627
0.7,0.1,tournament,singlepoint,frequency,2,9.784313725490197
0.7,0.1,tournament,singlepoint,frequency,3,9.254901960784313
0.7,0.1,tournament,singlepoint,frequency,4,10.274509803921568
0.7,0.1,tournament,singlepoint,frequency,5,9.294117647058822
0.7,0.1,tournament,singlepoint,frequency,6,10.431372549019608
0.7,0.1,tournament,singlepoint,frequency,7,9.72549019607843
0.7,0.1,tournament,singlepoint,frequency,8,10.313725490196079
0.7,0.1,tournament,singlepoint,frequency,9,9.666666666666666
0.7,0.1,tournament,singlepoint,frequency,10,10.137254901960784
0.7,0.1,tournament,twopoint,uniform,1,9.980392156862745
0.7,0.1,tournament,twopoint,uniform,2,9.294117647058822
0.7,0.1,tournament,twopoint,uniform,3,9.980392156862747
0.7,0.1,tournament,twopoint,uniform,4,10.313725490196079
0.7,0.1,tournament,twopoint,uniform,5,9.80392156862745
0.7,0.1,tournament,twopoint,uniform,6,9.862745098039213
0.7,0.1,tournament,twopoint,uniform,7,11.03921568627451
0.7,0.1,tournament,twopoint,uniform,8,9.294117647058822
0.7,0.1,tournament,twopoint,uniform,9,9.294117647058822
0.7,0.1,tournament,twopoint,uniform,10,10.333333333333332
0.7,0.1,tournament,twopoint,block,1,10.56862745098039
0.7,0.1,tournament,twopoint,block,2,9.999999999999998
0.7,0.1,tournament,twopoint,block,3,10.235294117647056
0.7,0.1,tournament,twopoint,block,4,10.27450980392157
0.7,0.1,tournament,twopoint,block,5,9.333333333333332
0.7,0.1,tournament,twopoint,block,6,11.588235294117645
0.7,0.1,tournament,twopoint,block,7,9.705882352941174
0.7,0.1,tournament,twopoint,block,8,9.254901960784313
0.7,0.1,tournament,twopoint,block,9,9.254901960784313
0.7,0.1,tournament,twopoint,block,10,9.901960784313724
0.7,0.1,tournament,twopoint,scramble,1,9.705882352941176
0.7,0.1,tournament,twopoint,scramble,2,10.862745098039213
0.7,0.1,tournament,twopoint,scramble,3,9.294117647058822
0.7,0.1,tournament,twopoint,scramble,4,11.098039215686276
0.7,0.1,tournament,twopoint,scramble,5,9.666666666666666
0.7,0.1,tournament,twopoint,scramble,6,9.705882352941174
0.7,0.1,tournament,twopoint,scramble,7,10.686274509803921
0.7,0.1,tournament,twopoint,scramble,8,9.941176470588236
0.7,0.1,tournament,twopoint,scramble,9,11.058823529411766
0.7,0.1,tournament,twopoint,scramble,10,9.64705882352941
0.7,0.1,tournament,twopoint,swap,1,9.52941176470588
0.7,0.1,tournament,twopoint,swap,2,9.64705882352941
0.7,0.1,tournament,twopoint,swap,3,9.862745098039214
0.7,0.1,tournament,twopoint,swap,4,9.705882352941178
0.7,0.1,tournament,twopoint,swap,5,9.647058823529411
0.7,0.1,tournament,twopoint,swap,6,10.098039215686272
0.7,0.1,tournament,twopoint,swap,7,9.294117647058824
0.7,0.1,tournament,twopoint,swap,8,10.215686274509803
0.7,0.1,tournament,twopoint,swap,9,10.372549019607844
0.7,0.1,tournament,twopoint,swap,10,9.705882352941174
0.7,0.1,tournament,twopoint,frequency,1,9.254901960784313
0.7,0.1,tournament,twopoint,frequency,2,10.019607843137253
0.7,0.1,tournament,twopoint,frequency,3,9.254901960784313
0.7,0.1,tournament,twopoint,frequency,4,9.76470588235294
0.7,0.1,tournament,twopoint,frequency,5,9.254901960784313
0.7,0.1,tournament,twopoint,frequency,6,9.64705882352941
0.7,0.1,tournament,twopoint,frequency,7,9.294117647058822
0.7,0.1,tournament,twopoint,frequency,8,9.254901960784313
0.7,0.1,tournament,twopoint,frequency,9,9.64705882352941
0.7,0.1,tournament,twopoint,frequency,10,9.64705882352941
0.7,0.2,stochunif,scattered,uniform,1,9.64705882352941
0.7,0.2,stochunif,scattered,uniform,2,11.058823529411766
0.7,0.2,stochunif,scattered,uniform,3,9.784313725490197
0.7,0.2,stochunif,scattered,uniform,4,9.294117647058822
0.7,0.2,stochunif,scattered,uniform,5,9.294117647058824
0.7,0.2,stochunif,scattered,uniform,6,9.666666666666668
0.7,0.2,stochunif,scattered,uniform,7,9.294117647058822
0.7,0.2,stochunif,scattered,uniform,8,9.333333333333332
0.7,0.2,stochunif,scattered,uniform,9,10.058823529411764
0.7,0.2,stochunif,scattered,uniform,10,9.254901960784313
0.7,0.2,stochunif,scattered,block,1,9.862745098039213
0.7,0.2,stochunif,scattered,block,2,9.666666666666668
0.7,0.2,stochunif,scattered,block,3,9.705882352941174
0.7,0.2,stochunif,scattered,block,4,9.76470588235294
0.7,0.2,stochunif,scattered,block,5,9.333333333333332
0.7,0.2,stochunif,scattered,block,6,9.823529411764705
0.7,0.2,stochunif,scattered,block,7,10.666666666666668
0.7,0.2,stochunif,scattered,block,8,9.980392156862747
0.7,0.2,stochunif,scattered,block,9,10.392156862745097
0.7,0.2,stochunif,scattered,block,10,9.76470588235294
0.7,0.2,stochunif,scattered,scramble,1,9.294117647058822
0.7,0.2,stochunif,scattered,scramble,2,9.803921568627448
0.7,0.2,stochunif,scattered,scramble,3,9.666666666666668
0.7,0.2,stochunif,scattered,scramble,4,9.294117647058824
0.7,0.2,stochunif,scattered,scramble,5,9.705882352941174
0.7,0.2,stochunif,scattered,scramble,6,10.627450980392158
0.7,0.2,stochunif,scattered,scramble,7,10.52941176470588
0.7,0.2,stochunif,scattered,scramble,8,10.058823529411764
0.7,0.2,stochunif,scattered,scramble,9,10.019607843137253
0.7,0.2,stochunif,scattered,scramble,10,9.705882352941174
0.7,0.2,stochunif,scattered,swap,1,9.294117647058824
0.7,0.2,stochunif,scattered,swap,2,9.254901960784313
0.7,0.2,stochunif,scattered,swap,3,9.49019607843137
0.7,0.2,stochunif,scattered,swap,4,9.76470588235294
0.7,0.2,stochunif,scattered,swap,5,10.27450980392157
0.7,0.2,stochunif,scattered,swap,6,9.333333333333332
0.7,0.2,stochunif,scattered,swap,7,9.254901960784313
0.7,0.2,stochunif,scattered,swap,8,11.627450980392156
0.7,0.2,stochunif,scattered,swap,9,9.588235294117647
0.7,0.2,stochunif,scattered,swap,10,9.254901960784313
0.7,0.2,stochunif,scattered,frequency,1,9.254901960784313
0.7,0.2,stochunif,scattered,frequency,2,9.666666666666668
0.7,0.2,stochunif,scattered,frequency,3,9.666666666666668
0.7,0.2,stochunif,scattered,frequency,4,9.294117647058822
0.7,0.2,stochunif,scattered,frequency,5,10.019607843137253
0.7,0.2,stochunif,scattered,frequency,6,9.372549019607842
0.7,0.2,stochunif,scattered,frequency,7,9.980392156862749
0.7,0.2,stochunif,scattered,frequency,8,9.980392156862747
0.7,0.2,stochunif,scattered,frequency,9,9.254901960784313
0.7,0.2,stochunif,scattered,frequency,10,9.254901960784313
0.7,0.2,stochunif,singlepoint,uniform,1,9.901960784313724
0.7,0.2,stochunif,singlepoint,uniform,2,9.941176470588236
0.7,0.2,stochunif,singlepoint,uniform,3,10.725490196078432
0.7,0.2,stochunif,singlepoint,uniform,4,9.76470588235294
0.7,0.2,stochunif,singlepoint,uniform,5,11.235294117647058
0.7,0.2,stochunif,singlepoint,uniform,6,10.196078431372547
0.7,0.2,stochunif,singlepoint,uniform,7,10.882352941176471
0.7,0.2,stochunif,singlepoint,uniform,8,10.666666666666668
0.7,0.2,stochunif,singlepoint,uniform,9,10.725490196078432
0.7,0.2,stochunif,singlepoint,uniform,10,10.176470588235292
0.7,0.2,stochunif,singlepoint,block,1,11.294117647058826
0.7,0.2,stochunif,singlepoint,block,2,11.352941176470587
0.7,0.2,stochunif,singlepoint,block,3,10.313725490196077
0.7,0.2,stochunif,singlepoint,block,4,11.803921568627452
0.7,0.2,stochunif,singlepoint,block,5,10.627450980392156
0.7,0.2,stochunif,singlepoint,block,6,10.92156862745098
0.7,0.2,stochunif,singlepoint,block,7,11.862745098039216
0.7,0.2,stochunif,singlepoint,block,8,9.784313725490195
0.7,0.2,stochunif,singlepoint,block,9,10.980392156862745
0.7,0.2,stochunif,singlepoint,block,10,11.392156862745098
0.7,0.2,stochunif,singlepoint,scramble,1,9.784313725490195
0.7,0.2,stochunif,singlepoint,scramble,2,11.352941176470589
0.7,0.2,stochunif,singlepoint,scramble,3,9.862745098039214
0.7,0.2,stochunif,singlepoint,scramble,4,10.509803921568627
0.7,0.2,stochunif,singlepoint,scramble,5,11.666666666666668
0.7,0.2,stochunif,singlepoint,scramble,6,11.76470588235294
0.7,0.2,stochunif,singlepoint,scramble,7,11.80392156862745
0.7,0.2,stochunif,singlepoint,scramble,8,10.745098039215685
0.7,0.2,stochunif,singlepoint,scramble,9,12.058823529411766
0.7,0.2,stochunif,singlepoint,scramble,10,9.901960784313724
0.7,0.2,stochunif,singlepoint,swap,1,10.941176470588234
0.7,0.2,stochunif,singlepoint,swap,2,10.862745098039216
0.7,0.2,stochunif,singlepoint,swap,3,10.352941176470589
0.7,0.2,stochunif,singlepoint,swap,4,10.49019607843137
0.7,0.2,stochunif,singlepoint,swap,5,11.450980392156863
0.7,0.2,stochunif,singlepoint,swap,6,9.372549019607844
0.7,0.2,stochunif,singlepoint,swap,7,11.254901960784313
0.7,0.2,stochunif,singlepoint,swap,8,10.549019607843137
0.7,0.2,stochunif,singlepoint,swap,9,10.196078431372547
0.7,0.2,stochunif,singlepoint,swap,10,10.392156862745097
0.7,0.2,stochunif,singlepoint,frequency,1,9.294117647058824
0.7,0.2,stochunif,singlepoint,frequency,2,9.294117647058822
0.7,0.2,stochunif,singlepoint,frequency,3,10.607843137254902
0.7,0.2,stochunif,singlepoint,frequency,4,9.686274509803921
0.7,0.2,stochunif,singlepoint,frequency,5,9.980392156862749
0.7,0.2,stochunif,singlepoint,frequency,6,9.705882352941178
0.7,0.2,stochunif,singlepoint,frequency,7,10.745098039215685
0.7,0.2,stochunif,singlepoint,frequency,8,9.294117647058822
0.7,0.2,stochunif,singlepoint,frequency,9,9.372549019607844
0.7,0.2,stochunif,singlepoint,frequency,10,9.372549019607844
0.7,0.2,stochunif,twopoint,uniform,1,9.666666666666666
0.7,0.2,stochunif,twopoint,uniform,2,9.980392156862749
0.7,0.2,stochunif,twopoint,uniform,3,9.980392156862749
0.7,0.2,stochunif,twopoint,uniform,4,12.117647058823527
0.7,0.2,stochunif,twopoint,uniform,5,10.235294117647058
0.7,0.2,stochunif,twopoint,uniform,6,9.509803921568627
0.7,0.2,stochunif,twopoint,uniform,7,11.392156862745098
0.7,0.2,stochunif,twopoint,uniform,8,11.607843137254903
0.7,0.2,stochunif,twopoint,uniform,9,10.156862745098037
0.7,0.2,stochunif,twopoint,uniform,10,9.294117647058822
0.7,0.2,stochunif,twopoint,block,1,11.117647058823529
0.7,0.2,stochunif,twopoint,block,2,9.64705882352941
0.7,0.2,stochunif,twopoint,block,3,10.470588235294116
0.7,0.2,stochunif,twopoint,block,4,10.745098039215685
0.7,0.2,stochunif,twopoint,block,5,11.27450980392157
0.7,0.2,stochunif,twopoint,block,6,11.294117647058822
0.7,0.2,stochunif,twopoint,block,7,11.431372549019606
0.7,0.2,stochunif,twopoint,block,8,10.901960784313724
0.7,0.2,stochunif,twopoint,block,9,10.549019607843137
0.7,0.2,stochunif,twopoint,block,10,10.470588235294118
0.7,0.2,stochunif,twopoint,scramble,1,9.666666666666666
0.7,0.2,stochunif,twopoint,scramble,2,12.627450980392156
0.7,0.2,stochunif,twopoint,scramble,3,11.764705882352942
0.7,0.2,stochunif,twopoint,scramble,4,9.784313725490199
0.7,0.2,stochunif,twopoint,scramble,5,10.803921568627452
0.7,0.2,stochunif,twopoint,scramble,6,11.058823529411766
0.7,0.2,stochunif,twopoint,scramble,7,11.68627450980392
0.7,0.2,stochunif,twopoint,scramble,8,10.431372549019608
0.7,0.2,stochunif,twopoint,scramble,9,10.88235294117647
0.7,0.2,stochunif,twopoint,scramble,10,12.333333333333332
0.7,0.2,stochunif,twopoint,swap,1,10.88235294117647
0.7,0.2,stochunif,twopoint,swap,2,10.784313725490193
0.7,0.2,stochunif,twopoint,swap,3,10.117647058823529
0.7,0.2,stochunif,twopoint,swap,4,10.117647058823529
0.7,0.2,stochunif,twopoint,swap,5,10.607843137254902
0.7,0.2,stochunif,twopoint,swap,6,11.019607843137255
0.7,0.2,stochunif,twopoint,swap,7,10.92156862745098
0.7,0.2,stochunif,twopoint,swap,8,10.254901960784313
0.7,0.2,stochunif,twopoint,swap,9,13.196078431372548
0.7,0.2,stochunif,twopoint,swap,10,10.137254901960784
0.7,0.2,stochunif,twopoint,frequency,1,9.941176470588234
0.7,0.2,stochunif,twopoint,frequency,2,9.294117647058824
0.7,0.2,stochunif,twopoint,frequency,3,9.64705882352941
0.7,0.2,stochunif,twopoint,frequency,4,10.117647058823529
0.7,0.2,stochunif,twopoint,frequency,5,9.254901960784313
0.7,0.2,stochunif,twopoint,frequency,6,9.76470588235294
0.7,0.2,stochunif,twopoint,frequency,7,11.07843137254902
0.7,0.2,stochunif,twopoint,frequency,8,9.64705882352941
0.7,0.2,stochunif,twopoint,frequency,9,9.254901960784313
0.7,0.2,stochunif,twopoint,frequency,10,9.705882352941174
0.7,0.2,roulette,scattered,uniform,1,9.64705882352941
0.7,0.2,roulette,scattered,uniform,2,9.823529411764705
0.7,0.2,roulette,scattered,uniform,3,9.666666666666668
0.7,0.2,roulette,scattered,uniform,4,9.941176470588234
0.7,0.2,roulette,scattered,uniform,5,9.294117647058824
0.7,0.2,roulette,scattered,uniform,6,9.705882352941176
0.7,0.2,roulette,scattered,uniform,7,9.254901960784313
0.7,0.2,roulette,scattered,uniform,8,10.294117647058822
0.7,0.2,roulette,scattered,uniform,9,10.137254901960786
0.7,0.2,roulette,scattered,uniform,10,10.549019607843135
0.7,0.2,roulette,scattered,block,1,9.64705882352941
0.7,0.2,roulette,scattered,block,2,10.196078431372547
0.7,0.2,roulette,scattered,block,3,9.76470588235294
0.7,0.2,roulette,scattered,block,4,9.705882352941176
0.7,0.2,roulette,scattered,block,5,9.960784313725489
0.7,0.2,roulette,scattered,block,6,10.117647058823529
0.7,0.2,roulette,scattered,block,7,9.254901960784313
0.7,0.2,roulette,scattered,block,8,10.666666666666668
0.7,0.2,roulette,scattered,block,9,10.882352941176471
0.7,0.2,roulette,scattered,block,10,9.901960784313724
0.7,0.2,roulette,scattered,scramble,1,10.019607843137255
0.7,0.2,roulette,scattered,scramble,2,9.372549019607842
0.7,0.2,roulette,scattered,scramble,3,10.215686274509803
0.7,0.2,roulette,scattered,scramble,4,9.705882352941174
0.7,0.2,roulette,scattered,scramble,5,9.254901960784313
0.7,0.2,roulette,scattered,scramble,6,10.529411764705882
0.7,0.2,roulette,scattered,scramble,7,10.274509803921568
0.7,0.2,roulette,scattered,scramble,8,10.019607843137253
0.7,0.2,roulette,scattered,scramble,9,10.823529411764708
0.7,0.2,roulette,scattered,scramble,10,9.294117647058822
0.7,0.2,roulette,scattered,swap,1,10.509803921568627
0.7,0.2,roulette,scattered,swap,2,9.705882352941176
0.7,0.2,roulette,scattered,swap,3,10.392156862745097
0.7,0.2,roulette,scattered,swap,4,9.960784313725489
0.7,0.2,roulette,scattered,swap,5,10.137254901960786
0.7,0.2,roulette,scattered,swap,6,10.03921568627451
0.7,0.2,roulette,scattered,swap,7,9.254901960784313
0.7,0.2,roulette,scattered,swap,8,9.254901960784313
0.7,0.2,roulette,scattered,swap,9,9.509803921568627
0.7,0.2,roulette,scattered,swap,10,9.666666666666668
0.7,0.2,roulette,scattered,frequency,1,9.254901960784313
0.7,0.2,roulette,scattered,frequency,2,9.254901960784313
0.7,0.2,roulette,scattered,frequency,3,9.980392156862747
0.7,0.2,roulette,scattered,frequency,4,9.294117647058822
0.7,0.2,roulette,scattered,frequency,5,9.666666666666668
0.7,0.2,roulette,scattered,frequency,6,10.372549019607844
0.7,0.2,roulette,scattered,frequency,7,9.294117647058822
0.7,0.2,roulette,scattered,frequency,8,9.294117647058822
0.7,0.2,roulette,scattered,frequency,9,9.294117647058824
0.7,0.2,roulette,scattered,frequency,10,10.333333333333332
0.7,0.2,roulette,singlepoint,uniform,1,10.215686274509803
0.7,0.2,roulette,singlepoint,uniform,2,9.647058823529411
0.7,0.2,roulette,singlepoint,uniform,3,9.823529411764707
0.7,0.2,roulette,singlepoint,uniform,4,11.470588235294118
0.7,0.2,roulette,singlepoint,uniform,5,9.64705882352941
0.7,0.2,roulette,singlepoint,uniform,6,10.588235294117645
0.7,0.2,roulette,singlepoint,uniform,7,9.941176470588234
0.7,0.2,roulette,singlepoint,uniform,8,10.019607843137255
0.7,0.2,roulette,singlepoint,uniform,9,10.647058823529411
0.7,0.2,roulette,singlepoint,uniform,10,10.019607843137253
0.7,0.2,roulette,singlepoint,block,1,11.137254901960786
0.7,0.2,roulette,singlepoint,block,2,11.294117647058822
0.7,0.2,roulette,singlepoint,block,3,10.647058823529411
0.7,0.2,roulette,singlepoint,block,4,11.960784313725489
0.7,0.2,roulette,singlepoint,block,5,10.411764705882353
0.7,0.2,roulette,singlepoint,block,6,10.03921568627451
0.7,0.2,roulette,singlepoint,block,7,10.980392156862743
0.7,0.2,roulette,singlepoint,block,8,13.47058823529412
0.7,0.2,roulette,singlepoint,block,9,12.705882352941174
0.7,0.2,roulette,singlepoint,block,10,11.450980392156863
0.7,0.2,roulette,singlepoint,scramble,1,12.196078431372548
0.7,0.2,roulette,singlepoint,scramble,2,11.411764705882353
0.7,0.2,roulette,singlepoint,scramble,3,10.862745098039213
0.7,0.2,roulette,singlepoint,scramble,4,11.352941176470589
0.7,0.2,roulette,singlepoint,scramble,5,11.72549019607843
0.7,0.2,roulette,singlepoint,scramble,6,11.64705882352941
0.7,0.2,roulette,singlepoint,scramble,7,11.137254901960784
0.7,0.2,roulette,singlepoint,scramble,8,10.686274509803923
0.7,0.2,roulette,singlepoint,scramble,9,10.705882352941176
0.7,0.2,roulette,singlepoint,scramble,10,12.039215686274511
0.7,0.2,roulette,singlepoint,swap,1,10.882352941176471
0.7,0.2,roulette,singlepoint,swap,2,11.450980392156863
0.7,0.2,roulette,singlepoint,swap,3,10.098039215686272
0.7,0.2,roulette,singlepoint,swap,4,11.450980392156865
0.7,0.2,roulette,singlepoint,swap,5,10.313725490196077
0.7,0.2,roulette,singlepoint,swap,6,10.56862745098039
0.7,0.2,roulette,singlepoint,swap,7,10.215686274509803
0.7,0.2,roulette,singlepoint,swap,8,10.627450980392156
0.7,0.2,roulette,singlepoint,swap,9,12.88235294117647
0.7,0.2,roulette,singlepoint,swap,10,13.019607843137253
0.7,0.2,roulette,singlepoint,frequency,1,10.80392156862745
0.7,0.2,roulette,singlepoint,frequency,2,10.235294117647058
0.7,0.2,roulette,singlepoint,frequency,3,9.705882352941176
0.7,0.2,roulette,singlepoint,frequency,4,11.058823529411766
0.7,0.2,roulette,singlepoint,frequency,5,11.137254901960784
0.7,0.2,roulette,singlepoint,frequency,6,9.294117647058822
0.7,0.2,roulette,singlepoint,frequency,7,10.980392156862745
0.7,0.2,roulette,singlepoint,frequency,8,11.745098039215689
0.7,0.2,roulette,singlepoint,frequency,9,11.80392156862745
0.7,0.2,roulette,singlepoint,frequency,10,11.784313725490197
0.7,0.2,roulette,twopoint,uniform,1,9.372549019607844
0.7,0.2,roulette,twopoint,uniform,2,9.705882352941176
0.7,0.2,roulette,twopoint,uniform,3,10.529411764705882
0.7,0.2,roulette,twopoint,uniform,4,9.823529411764705
0.7,0.2,roulette,twopoint,uniform,5,10.80392156862745
0.7,0.2,roulette,twopoint,uniform,6,9.705882352941178
0.7,0.2,roulette,twopoint,uniform,7,9.294117647058822
0.7,0.2,roulette,twopoint,uniform,8,10.745098039215687
0.7,0.2,roulette,twopoint,uniform,9,9.666666666666666
0.7,0.2,roulette,twopoint,uniform,10,10.19607843137255
0.7,0.2,roulette,twopoint,block,1,10.058823529411764
0.7,0.2,roulette,twopoint,block,2,11.352941176470587
0.7,0.2,roulette,twopoint,block,3,11.529411764705882
0.7,0.2,roulette,twopoint,block,4,10.411764705882351
0.7,0.2,roulette,twopoint,block,5,10.019607843137253
0.7,0.2,roulette,twopoint,block,6,10.529411764705882
0.7,0.2,roulette,twopoint,block,7,10.647058823529411
0.7,0.2,roulette,twopoint,block,8,12.882352941176471
0.7,0.2,roulette,twopoint,block,9,10.980392156862743
0.7,0.2,roulette,twopoint,block,10,9.588235294117647
0.7,0.2,roulette,twopoint,scramble,1,9.333333333333332
0.7,0.2,roulette,twopoint,scramble,2,13.078431372549021
0.7,0.2,roulette,twopoint,scramble,3,12.411764705882355
0.7,0.2,roulette,twopoint,scramble,4,10.058823529411763
0.7,0.2,roulette,twopoint,scramble,5,12.588235294117647
0.7,0.2,roulette,twopoint,scramble,6,10.627450980392156
0.7,0.2,roulette,twopoint,scramble,7,11.156862745098039
0.7,0.2,roulette,twopoint,scramble,8,9.294117647058822
0.7,0.2,roulette,twopoint,scramble,9,11.999999999999998
0.7,0.2,roulette,twopoint,scramble,10,10.058823529411764
0.7,0.2,roulette,twopoint,swap,1,10.647058823529411
0.7,0.2,roulette,twopoint,swap,2,10.274509803921568
0.7,0.2,roulette,twopoint,swap,3,10.921568627450979
0.7,0.2,roulette,twopoint,swap,4,9.254901960784313
0.7,0.2,roulette,twopoint,swap,5,9.705882352941178
0.7,0.2,roulette,twopoint,swap,6,10.176470588235292
0.7,0.2,roulette,twopoint,swap,7,10.999999999999998
0.7,0.2,roulette,twopoint,swap,8,9.705882352941178
0.7,0.2,roulette,twopoint,swap,9,9.784313725490195
0.7,0.2,roulette,twopoint,swap,10,10.313725490196077
0.7,0.2,roulette,twopoint,frequency,1,9.294117647058824
0.7,0.2,roulette,twopoint,frequency,2,10.137254901960786
0.7,0.2,roulette,twopoint,frequency,3,9.823529411764707
0.7,0.2,roulette,twopoint,frequency,4,9.372549019607844
0.7,0.2,roulette,twopoint,frequency,5,10.509803921568626
0.7,0.2,roulette,twopoint,frequency,6,9.254901960784313
0.7,0.2,roulette,twopoint,frequency,7,9.294117647058822
0.7,0.2,roulette,twopoint,frequency,8,9.64705882352941
0.7,0.2,roulette,twopoint,frequency,9,9.64705882352941
0.7,0.2,roulette,twopoint,frequency,10,9.254901960784313
0.7,0.2,tournament,scattered,uniform,1,9.64705882352941
0.7,0.2,tournament,scattered,uniform,2,9.64705882352941
0.7,0.2,tournament,scattered,uniform,3,9.980392156862747
0.7,0.2,tournament,scattered,uniform,4,9.254901960784313
0.7,0.2,tournament,scattered,uniform,5,9.254901960784313
0.7,0.2,tournament,scattered,uniform,6,9.254901960784313
0.7,0.2,tournament,scattered,uniform,7,9.254901960784313
0.7,0.2,tournament,scattered,uniform,8,9.294117647058822
0.7,0.2,tournament,scattered,uniform,9,9.803921568627448
0.7,0.2,tournament,scattered,uniform,10,9.254901960784313
0.7,0.2,tournament,scattered,block,1,9.294117647058824
0.7,0.2,tournament,scattered,block,2,9.254901960784313
0.7,0.2,tournament,scattered,block,3,9.803921568627448
0.7,0.2,tournament,scattered,block,4,9.333333333333332
0.7,0.2,tournament,scattered,block,5,9.705882352941176
0.7,0.2,tournament,scattered,block,6,10.058823529411764
0.7,0.2,tournament,scattered,block,7,9.294117647058824
0.7,0.2,tournament,scattered,block,8,9.254901960784313
0.7,0.2,tournament,scattered,block,9,9.254901960784313
0.7,0.2,tournament,scattered,block,10,9.294117647058824
0.7,0.2,tournament,scattered,scramble,1,10.019607843137253
0.7,0.2,tournament,scattered,scramble,2,9.705882352941174
0.7,0.2,tournament,scattered,scramble,3,9.254901960784313
0.7,0.2,tournament,scattered,scramble,4,9.76470588235294
0.7,0.2,tournament,scattered,scramble,5,9.901960784313726
0.7,0.2,tournament,scattered,scramble,6,9.254901960784313
0.7,0.2,tournament,scattered,scramble,7,9.823529411764707
0.7,0.2,tournament,scattered,scramble,8,9.254901960784313
0.7,0.2,tournament,scattered,scramble,9,9.666666666666668
0.7,0.2,tournament,scattered,scramble,10,9.960784313725489
0.7,0.2,tournament,scattered,swap,1,9.372549019607842
0.7,0.2,tournament,scattered,swap,2,9.254901960784313
0.7,0.2,tournament,scattered,swap,3,9.960784313725489
0.7,0.2,tournament,scattered,swap,4,9.254901960784313
0.7,0.2,tournament,scattered,swap,5,9.64705882352941
0.7,0.2,tournament,scattered,swap,6,9.294117647058824
0.7,0.2,tournament,scattered,swap,7,9.294117647058824
0.7,0.2,tournament,scattered,swap,8,9.705882352941174
0.7,0.2,tournament,scattered,swap,9,9.76470588235294
0.7,0.2,tournament,scattered,swap,10,9.294117647058822
0.7,0.2,tournament,scattered,frequency,1,9.980392156862747
0.7,0.2,tournament,scattered,frequency,2,9.254901960784313
0.7,0.2,tournament,scattered,frequency,3,9.294117647058822
0.7,0.2,tournament,scattered,frequency,4,9.254901960784313
0.7,0.2,tournament,scattered,frequency,5,9.294117647058822
0.7,0.2,tournament,scattered,frequency,6,9.705882352941176
0.7,0.2,tournament,scattered,frequency,7,10.058823529411763
0.7,0.2,tournament,scattered,frequency,8,9.254901960784313
0.7,0.2,tournament,scattered,frequency,9,9.254901960784313
0.7,0.2,tournament,scattered,frequency,10,9.705882352941174
0.7,0.2,tournament,singlepoint,uniform,1,9.705882352941174
0.7,0.2,tournament,singlepoint,uniform,2,9.294117647058822
0.7,0.2,tournament,singlepoint,uniform,3,9.941176470588234
0.7,0.2,tournament,singlepoint,uniform,4,9.76470588235294
0.7,0.2,tournament,singlepoint,uniform,5,9.294117647058824
0.7,0.2,tournament,singlepoint,uniform,6,9.64705882352941
0.7,0.2,tournament,singlepoint,uniform,7,9.686274509803921
0.7,0.2,tournament,singlepoint,uniform,8,10.0
0.7,0.2,tournament,singlepoint,uniform,9,9.254901960784313
0.7,0.2,tournament,singlepoint,uniform,10,9.294117647058824
0.7,0.2,tournament,singlepoint,block,1,10.019607843137253
0.7,0.2,tournament,singlepoint,block,2,9.294117647058824
0.7,0.2,tournament,singlepoint,block,3,10.431372549019606
0.7,0.2,tournament,singlepoint,block,4,9.76470588235294
0.7,0.2,tournament,singlepoint,block,5,10.843137254901963
0.7,0.2,tournament,singlepoint,block,6,9.254901960784313
0.7,0.2,tournament,singlepoint,block,7,9.960784313725489
0.7,0.2,tournament,singlepoint,block,8,11.50980392156863
0.7,0.2,tournament,singlepoint,block,9,10.019607843137253
0.7,0.2,tournament,singlepoint,block,10,9.80392156862745
0.7,0.2,tournament,singlepoint,scramble,1,9.901960784313724
0.7,0.2,tournament,singlepoint,scramble,2,10.03921568627451
0.7,0.2,tournament,singlepoint,scramble,3,9.823529411764707
0.7,0.2,tournament,singlepoint,scramble,4,9.372549019607842
0.7,0.2,tournament,singlepoint,scramble,5,9.294117647058822
0.7,0.2,tournament,singlepoint,scramble,6,10.333333333333332
0.7,0.2,tournament,singlepoint,scramble,7,10.50980392156863
0.7,0.2,tournament,singlepoint,scramble,8,9.705882352941174
0.7,0.2,tournament,singlepoint,scramble,9,10.15686274509804
0.7,0.2,tournament,singlepoint,scramble,10,11.627450980392156
0.7,0.2,tournament,singlepoint,swap,1,9.76470588235294
0.7,0.2,tournament,singlepoint,swap,2,9.823529411764705
0.7,0.2,tournament,singlepoint,swap,3,10.176470588235293
0.7,0.2,tournament,singlepoint,swap,4,10.117647058823529
0.7,0.2,tournament,singlepoint,swap,5,9.529411764705882
0.7,0.2,tournament,singlepoint,swap,6,9.823529411764707
0.7,0.2,tournament,singlepoint,swap,7,10.627450980392156
0.7,0.2,tournament,singlepoint,swap,8,9.333333333333332
0.7,0.2,tournament,singlepoint,swap,9,9.705882352941176
0.7,0.2,tournament,singlepoint,swap,10,9.49019607843137
0.7,0.2,tournament,singlepoint,frequency,1,9.372549019607842
0.7,0.2,tournament,singlepoint,frequency,2,9.294117647058822
0.7,0.2,tournament,singlepoint,frequency,3,9.254901960784313
0.7,0.2,tournament,singlepoint,frequency,4,9.64705882352941
0.7,0.2,tournament,singlepoint,frequency,5,9.64705882352941
0.7,0.2,tournament,singlepoint,frequency,6,9.941176470588236
0.7,0.2,tournament,singlepoint,frequency,7,9.686274509803921
0.7,0.2,tournament,singlepoint,frequency,8,9.254901960784313
0.7,0.2,tournament,singlepoint,frequency,9,9.64705882352941
0.7,0.2,tournament,singlepoint,frequency,10,9.254901960784313
0.7,0.2,tournament,twopoint,uniform,1,9.333333333333332
0.7,0.2,tournament,twopoint,uniform,2,9.254901960784313
0.7,0.2,tournament,twopoint,uniform,3,9.254901960784313
0.7,0.2,tournament,twopoint,uniform,4,9.254901960784313
0.7,0.2,tournament,twopoint,uniform,5,9.294117647058822
0.7,0.2,tournament,twopoint,uniform,6,9.64705882352941
0.7,0.2,tournament,twopoint,uniform,7,9.294117647058822
0.7,0.2,tournament,twopoint,uniform,8,9.686274509803921
0.7,0.2,tournament,twopoint,uniform,9,9.49019607843137
0.7,0.2,tournament,twopoint,uniform,10,9.254901960784313
0.7,0.2,tournament,twopoint,block,1,11.117647058823529
0.7,0.2,tournament,twopoint,block,2,9.705882352941176
0.7,0.2,tournament,twopoint,block,3,10.07843137254902
0.7,0.2,tournament,twopoint,block,4,9.666666666666666
0.7,0.2,tournament,twopoint,block,5,10.862745098039213
0.7,0.2,tournament,twopoint,block,6,10.274509803921568
0.7,0.2,tournament,twopoint,block,7,11.117647058823527
0.7,0.2,tournament,twopoint,block,8,9.980392156862745
0.7,0.2,tournament,twopoint,block,9,9.254901960784313
0.7,0.2,tournament,twopoint,block,10,11.313725490196079
0.7,0.2,tournament,twopoint,scramble,1,9.980392156862749
0.7,0.2,tournament,twopoint,scramble,2,9.803921568627448
0.7,0.2,tournament,twopoint,scramble,3,10.333333333333334
0.7,0.2,tournament,twopoint,scramble,4,9.254901960784313
0.7,0.2,tournament,twopoint,scramble,5,10.745098039215685
0.7,0.2,tournament,twopoint,scramble,6,10.705882352941176
0.7,0.2,tournament,twopoint,scramble,7,9.941176470588234
0.7,0.2,tournament,twopoint,scramble,8,9.254901960784313
0.7,0.2,tournament,twopoint,scramble,9,9.254901960784313
0.7,0.2,tournament,twopoint,scramble,10,9.980392156862747
0.7,0.2,tournament,twopoint,swap,1,9.980392156862745
0.7,0.2,tournament,twopoint,swap,2,10.03921568627451
0.7,0.2,tournament,twopoint,swap,3,9.705882352941174
0.7,0.2,tournament,twopoint,swap,4,10.882352941176471
0.7,0.2,tournament,twopoint,swap,5,9.980392156862745
0.7,0.2,tournament,twopoint,swap,6,9.686274509803921
0.7,0.2,tournament,twopoint,swap,7,9.254901960784313
0.7,0.2,tournament,twopoint,swap,8,9.294117647058824
0.7,0.2,tournament,twopoint,swap,9,9.76470588235294
0.7,0.2,tournament,twopoint,swap,10,10.50980392156863
0.7,0.2,tournament,twopoint,frequency,1,9.509803921568627
0.7,0.2,tournament,twopoint,frequency,2,9.294117647058822
0.7,0.2,tournament,twopoint,frequency,3,9.294117647058822
0.7,0.2,tournament,twopoint,frequency,4,9.254901960784313
0.7,0.2,tournament,twopoint,frequency,5,9.254901960784313
0.7,0.2,tournament,twopoint,frequency,6,10.019607843137255
0.7,0.2,tournament,twopoint,frequency,7,9.254901960784313
0.7,0.2,tournament,twopoint,frequency,8,9.294117647058822
0.7,0.2,tournament,twopoint,frequency,9,9.294117647058824
0.7,0.2,tournament,twopoint,frequency,10,9.254901960784313
0.8,0.01,stochunif,scattered,uniform,1,9.254901960784313
0.8,0.01,stochunif,scattered,uniform,2,9.294117647058822
0.8,0.01,stochunif,scattered,uniform,3,9.901960784313724
0.8,0.01,stochunif,scattered,uniform,4,11.431372549019608
0.8,0.01,stochunif,scattered,uniform,5,9.294117647058824
0.8,0.01,stochunif,scattered,uniform,6,9.960784313725489
0.8,0.01,stochunif,scattered,uniform,7,10.196078431372547
0.8,0.01,stochunif,scattered,uniform,8,10.176470588235293
0.8,0.01,stochunif,scattered,uniform,9,10.137254901960786
0.8,0.01,stochunif,scattered,uniform,10,9.254901960784313
0.8,0.01,stochunif,scattered,block,1,9.705882352941174
0.8,0.01,stochunif,scattered,block,2,9.960784313725489
0.8,0.01,stochunif,scattered,block,3,9.96078431372549
0.8,0.01,stochunif,scattered,block,4,9.254901960784313
0.8,0.01,stochunif,scattered,block,5,9.960784313725489
0.8,0.01,stochunif,scattered,block,6,9.294117647058824
0.8,0.01,stochunif,scattered,block,7,9.254901960784313
0.8,0.01,stochunif,scattered,block,8,10.431372549019606
0.8,0.01,stochunif,scattered,block,9,9.294117647058822
0.8,0.01,stochunif,scattered,block,10,9.64705882352941
0.8,0.01,stochunif,scattered,scramble,1,9.294117647058824
0.8,0.01,stochunif,scattered,scramble,2,9.666666666666668
0.8,0.01,stochunif,scattered,scramble,3,9.666666666666666
0.8,0.01,stochunif,scattered,scramble,4,11.235294117647058
0.8,0.01,stochunif,scattered,scramble,5,9.294117647058824
0.8,0.01,stochunif,scattered,scramble,6,10.03921568627451
0.8,0.01,stochunif,scattered,scramble,7,9.254901960784313
0.8,0.01,stochunif,scattered,scramble,8,9.294117647058824
0.8,0.01,stochunif,scattered,scramble,9,10.784313725490195
0.8,0.01,stochunif,scattered,scramble,10,9.372549019607842
0.8,0.01,stochunif,scattered,swap,1,11.117647058823529
0.8,0.01,stochunif,scattered,swap,2,9.509803921568627
0.8,0.01,stochunif,scattered,swap,3,9.294117647058822
0.8,0.01,stochunif,scattered,swap,4,9.705882352941174
0.8,0.01,stochunif,scattered,swap,5,9.960784313725489
0.8,0.01,stochunif,scattered,swap,6,10.411764705882351
0.8,0.01,stochunif,scattered,swap,7,9.254901960784313
0.8,0.01,stochunif,scattered,swap,8,10.588235294117647
0.8,0.01,stochunif,scattered,swap,9,9.705882352941178
0.8,0.01,stochunif,scattered,swap,10,9.76470588235294
0.8,0.01,stochunif,scattered,frequency,1,10.450980392156861
0.8,0.01,stochunif,scattered,frequency,2,9.294117647058822
0.8,0.01,stochunif,scattered,frequency,3,9.80392156862745
0.8,0.01,stochunif,scattered,frequency,4,10.19607843137255
0.8,0.01,stochunif,scattered,frequency,5,9.666666666666666
0.8,0.01,stochunif,scattered,frequency,6,10.941176470588237
0.8,0.01,stochunif,scattered,frequency,7,9.960784313725489
0.8,0.01,stochunif,scattered,frequency,8,10.117647058823529
0.8,0.01,stochunif,scattered,frequency,9,9.705882352941178
0.8,0.01,stochunif,scattered,frequency,10,9.64705882352941
0.8,0.01,stochunif,singlepoint,uniform,1,11.529411764705882
0.8,0.01,stochunif,singlepoint,uniform,2,12.254901960784313
0.8,0.01,stochunif,singlepoint,uniform,3,11.098039215686272
0.8,0.01,stochunif,singlepoint,uniform,4,10.450980392156863
0.8,0.01,stochunif,singlepoint,uniform,5,12.215686274509803
0.8,0.01,stochunif,singlepoint,uniform,6,11.411764705882353
0.8,0.01,stochunif,singlepoint,uniform,7,9.64705882352941
0.8,0.01,stochunif,singlepoint,uniform,8,11.411764705882351
0.8,0.01,stochunif,singlepoint,uniform,9,9.980392156862745
0.8,0.01,stochunif,singlepoint,uniform,10,11.470588235294116
0.8,0.01,stochunif,singlepoint,block,1,9.960784313725489
0.8,0.01,stochunif,singlepoint,block,2,10.352941176470587
0.8,0.01,stochunif,singlepoint,block,3,11.450980392156865
0.8,0.01,stochunif,singlepoint,block,4,10.294117647058824
0.8,0.01,stochunif,singlepoint,block,5,10.686274509803924
0.8,0.01,stochunif,singlepoint,block,6,14.274509803921568
0.8,0.01,stochunif,singlepoint,block,7,12.509803921568631
0.8,0.01,stochunif,singlepoint,block,8,10.431372549019608
0.8,0.01,stochunif,singlepoint,block,9,10.607843137254902
0.8,0.01,stochunif,singlepoint,block,10,11.549019607843137
0.8,0.01,stochunif,singlepoint,scramble,1,10.392156862745097
0.8,0.01,stochunif,singlepoint,scramble,2,11.549019607843135
0.8,0.01,stochunif,singlepoint,scramble,3,10.470588235294118
0.8,0.01,stochunif,singlepoint,scramble,4,11.784313725490197
0.8,0.01,stochunif,singlepoint,scramble,5,12.11764705882353
0.8,0.01,stochunif,singlepoint,scramble,6,10.980392156862747
0.8,0.01,stochunif,singlepoint,scramble,7,9.823529411764707
0.8,0.01,stochunif,singlepoint,scramble,8,10.803921568627448
0.8,0.01,stochunif,singlepoint,scramble,9,12.15686274509804
0.8,0.01,stochunif,singlepoint,scramble,10,11.666666666666666
0.8,0.01,stochunif,singlepoint,swap,1,9.784313725490195
0.8,0.01,stochunif,singlepoint,swap,2,10.529411764705882
0.8,0.01,stochunif,singlepoint,swap,3,11.450980392156863
0.8,0.01,stochunif,singlepoint,swap,4,11.137254901960782
0.8,0.01,stochunif,singlepoint,swap,5,10.50980392156863
0.8,0.01,stochunif,singlepoint,swap,6,9.666666666666666
0.8,0.01,stochunif,singlepoint,swap,7,11.176470588235295
0.8,0.01,stochunif,singlepoint,swap,8,12.0
0.8,0.01,stochunif,singlepoint,swap,9,11.921568627450982
0.8,0.01,stochunif,singlepoint,swap,10,11.117647058823529
0.8,0.01,stochunif,singlepoint,frequency,1,11.215686274509801
0.8,0.01,stochunif,singlepoint,frequency,2,12.52941176470588
0.8,0.01,stochunif,singlepoint,frequency,3,11.313725490196077
0.8,0.01,stochunif,singlepoint,frequency,4,10.980392156862743
0.8,0.01,stochunif,singlepoint,frequency,5,11.058823529411761
0.8,0.01,stochunif,singlepoint,frequency,6,13.17647058823529
0.8,0.01,stochunif,singlepoint,frequency,7,12.294117647058822
0.8,0.01,stochunif,singlepoint,frequency,8,10.666666666666668
0.8,0.01,stochunif,singlepoint,frequency,9,9.686274509803921
0.8,0.01,stochunif,singlepoint,frequency,10,9.901960784313726
0.8,0.01,stochunif,twopoint,uniform,1,10.470588235294116
0.8,0.01,stochunif,twopoint,uniform,2,9.647058823529411
0.8,0.01,stochunif,twopoint,uniform,3,9.999999999999998
0.8,0.01,stochunif,twopoint,uniform,4,10.882352941176471
0.8,0.01,stochunif,twopoint,uniform,5,10.235294117647058
0.8,0.01,stochunif,twopoint,uniform,6,9.64705882352941
0.8,0.01,stochunif,twopoint,uniform,7,10.745098039215687
0.8,0.01,stochunif,twopoint,uniform,8,10.019607843137253
0.8,0.01,stochunif,twopoint,uniform,9,10.058823529411763
0.8,0.01,stochunif,twopoint,uniform,10,9.980392156862745
0.8,0.01,stochunif,twopoint,block,1,11.803921568627446
0.8,0.01,stochunif,twopoint,block,2,9.80392156862745
0.8,0.01,stochunif,twopoint,block,3,9.960784313725489
0.8,0.01,stochunif,twopoint,block,4,9.294117647058824
0.8,0.01,stochunif,twopoint,block,5,11.117647058823529
0.8,0.01,stochunif,twopoint,block,6,12.901960784313726
0.8,0.01,stochunif,twopoint,block,7,12.0
0.8,0.01,stochunif,twopoint,block,8,11.333333333333332
0.8,0.01,stochunif,twopoint,block,9,10.294117647058824
0.8,0.01,stochunif,twopoint,block,10,9.823529411764707
0.8,0.01,stochunif,twopoint,scramble,1,10.058823529411764
0.8,0.01,stochunif,twopoint,scramble,2,11.607843137254902
0.8,0.01,stochunif,twopoint,scramble,3,12.764705882352942
0.8,0.01,stochunif,twopoint,scramble,4,10.941176470588236
0.8,0.01,stochunif,twopoint,scramble,5,11.627450980392156
0.8,0.01,stochunif,twopoint,scramble,6,11.156862745098039
0.8,0.01,stochunif,twopoint,scramble,7,12.235294117647058
0.8,0.01,stochunif,twopoint,scramble,8,10.823529411764707
0.8,0.01,stochunif,twopoint,scramble,9,9.549019607843135
0.8,0.01,stochunif,twopoint,scramble,10,10.11764705882353
0.8,0.01,stochunif,twopoint,swap,1,13.03921568627451
0.8,0.01,stochunif,twopoint,swap,2,9.372549019607844
0.8,0.01,stochunif,twopoint,swap,3,10.196078431372552
0.8,0.01,stochunif,twopoint,swap,4,10.274509803921566
0.8,0.01,stochunif,twopoint,swap,5,10.80392156862745
0.8,0.01,stochunif,twopoint,swap,6,10.411764705882351
0.8,0.01,stochunif,twopoint,swap,7,9.254901960784313
0.8,0.01,stochunif,twopoint,swap,8,10.333333333333332
0.8,0.01,stochunif,twopoint,swap,9,10.529411764705882
0.8,0.01,stochunif,twopoint,swap,10,10.274509803921568
0.8,0.01,stochunif,twopoint,frequency,1,10.313725490196076
0.8,0.01,stochunif,twopoint,frequency,2,10.980392156862743
0.8,0.01,stochunif,twopoint,frequency,3,9.254901960784313
0.8,0.01,stochunif,twopoint,frequency,4,9.333333333333332
0.8,0.01,stochunif,twopoint,frequency,5,10.529411764705882
0.8,0.01,stochunif,twopoint,frequency,6,11.274509803921568
0.8,0.01,stochunif,twopoint,frequency,7,9.72549019607843
0.8,0.01,stochunif,twopoint,frequency,8,11.980392156862743
0.8,0.01,stochunif,twopoint,frequency,9,10.88235294117647
0.8,0.01,stochunif,twopoint,frequency,10,10.03921568627451
0.8,0.01,roulette,scattered,uniform,1,10.862745098039213
0.8,0.01,roulette,scattered,uniform,2,10.019607843137253
0.8,0.01,roulette,scattered,uniform,3,10.019607843137253
0.8,0.01,roulette,scattered,uniform,4,9.823529411764705
0.8,0.01,roulette,scattered,uniform,5,9.960784313725489
0.8,0.01,roulette,scattered,uniform,6,10.666666666666668
0.8,0.01,roulette,scattered,uniform,7,9.294117647058822
0.8,0.01,roulette,scattered,uniform,8,9.254901960784313
0.8,0.01,roulette,scattered,uniform,9,9.294117647058824
0.8,0.01,roulette,scattered,uniform,10,9.294117647058824
0.8,0.01,roulette,scattered,block,1,9.333333333333332
0.8,0.01,roulette,scattered,block,2,10.23529411764706
0.8,0.01,roulette,scattered,block,3,10.019607843137253
0.8,0.01,roulette,scattered,block,4,10.176470588235293
0.8,0.01,roulette,scattered,block,5,9.64705882352941
0.8,0.01,roulette,scattered,block,6,10.058823529411764
0.8,0.01,roulette,scattered,block,7,10.27450980392157
0.8,0.01,roulette,scattered,block,8,10.803921568627452
0.8,0.01,roulette,scattered,block,9,9.76470588235294
0.8,0.01,roulette,scattered,block,10,9.372549019607842
0.8,0.01,roulette,scattered,scramble,1,10.862745098039214
0.8,0.01,roulette,scattered,scramble,2,10.313725490196079
0.8,0.01,roulette,scattered,scramble,3,9.294117647058822
0.8,0.01,roulette,scattered,scramble,4,9.294117647058822
0.8,0.01,roulette,scattered,scramble,5,9.294117647058822
0.8,0.01,roulette,scattered,scramble,6,9.941176470588236
0.8,0.01,roulette,scattered,scramble,7,10.882352941176471
0.8,0.01,roulette,scattered,scramble,8,9.666666666666668
0.8,0.01,roulette,scattered,scramble,9,9.254901960784313
0.8,0.01,roulette,scattered,scramble,10,10.215686274509803
0.8,0.01,roulette,scattered,swap,1,10.745098039215687
0.8,0.01,roulette,scattered,swap,2,9.823529411764707
0.8,0.01,roulette,scattered,swap,3,10.529411764705884
0.8,0.01,roulette,scattered,swap,4,9.372549019607842
0.8,0.01,roulette,scattered,swap,5,9.823529411764707
0.8,0.01,roulette,scattered,swap,6,9.254901960784313
0.8,0.01,roulette,scattered,swap,7,10.450980392156865
0.8,0.01,roulette,scattered,swap,8,9.254901960784313
0.8,0.01,roulette,scattered,swap,9,10.333333333333332
0.8,0.01,roulette,scattered,swap,10,9.294117647058822
0.8,0.01,roulette,scattered,frequency,1,9.705882352941176
0.8,0.01,roulette,scattered,frequency,2,10.627450980392156
0.8,0.01,roulette,scattered,frequency,3,9.705882352941176
0.8,0.01,roulette,scattered,frequency,4,9.823529411764705
0.8,0.01,roulette,scattered,frequency,5,9.333333333333332
0.8,0.01,roulette,scattered,frequency,6,9.666666666666666
0.8,0.01,roulette,scattered,frequency,7,10.019607843137253
0.8,0.01,roulette,scattered,frequency,8,10.882352941176471
0.8,0.01,roulette,scattered,frequency,9,9.294117647058822
0.8,0.01,roulette,scattered,frequency,10,9.72549019607843
0.8,0.01,roulette,singlepoint,uniform,1,9.294117647058822
0.8,0.01,roulette,singlepoint,uniform,2,10.431372549019606
0.8,0.01,roulette,singlepoint,uniform,3,11.15686274509804
0.8,0.01,roulette,singlepoint,uniform,4,10.647058823529411
0.8,0.01,roulette,singlepoint,uniform,5,12.607843137254903
0.8,0.01,roulette,singlepoint,uniform,6,11.80392156862745
0.8,0.01,roulette,singlepoint,uniform,7,10.68627450980392
0.8,0.01,roulette,singlepoint,uniform,8,10.607843137254903
0.8,0.01,roulette,singlepoint,uniform,9,12.117647058823527
0.8,0.01,roulette,singlepoint,uniform,10,12.058823529411764
0.8,0.01,roulette,singlepoint,block,1,13.274509803921568
0.8,0.01,roulette,singlepoint,block,2,11.392156862745097
0.8,0.01,roulette,singlepoint,block,3,10.627450980392156
0.8,0.01,roulette,singlepoint,block,4,11.705882352941174
0.8,0.01,roulette,singlepoint,block,5,12.823529411764708
0.8,0.01,roulette,singlepoint,block,6,11.450980392156861
0.8,0.01,roulette,singlepoint,block,7,12.176470588235293
0.8,0.01,roulette,singlepoint,block,8,10.274509803921568
0.8,0.01,roulette,singlepoint,block,9,11.137254901960787
0.8,0.01,roulette,singlepoint,block,10,11.058823529411766
0.8,0.01,roulette,singlepoint,scramble,1,11.92156862745098
0.8,0.01,roulette,singlepoint,scramble,2,11.80392156862745
0.8,0.01,roulette,singlepoint,scramble,3,11.431372549019608
0.8,0.01,roulette,singlepoint,scramble,4,10.235294117647058
0.8,0.01,roulette,singlepoint,scramble,5,10.431372549019606
0.8,0.01,roulette,singlepoint,scramble,6,10.882352941176471
0.8,0.01,roulette,singlepoint,scramble,7,11.35294117647059
0.8,0.01,roulette,singlepoint,scramble,8,10.411764705882351
0.8,0.01,roulette,singlepoint,scramble,9,12.431372549019605
0.8,0.01,roulette,singlepoint,scramble,10,11.960784313725489
0.8,0.01,roulette,singlepoint,swap,1,10.725490196078429
0.8,0.01,roulette,singlepoint,swap,2,12.96078431372549
0.8,0.01,roulette,singlepoint,swap,3,10.784313725490197
0.8,0.01,roulette,singlepoint,swap,4,10.47058823529412
0.8,0.01,roulette,singlepoint,swap,5,10.588235294117645
0.8,0.01,roulette,singlepoint,swap,6,11.411764705882351
0.8,0.01,roulette,singlepoint,swap,7,11.784313725490197
0.8,0.01,roulette,singlepoint,swap,8,10.176470588235293
0.8,0.01,roulette,singlepoint,swap,9,11.137254901960784
0.8,0.01,roulette,singlepoint,swap,10,10.76470588235294
0.8,0.01,roulette,singlepoint,frequency,1,10.666666666666666
0.8,0.01,roulette,singlepoint,frequency,2,9.784313725490195
0.8,0.01,roulette,singlepoint,frequency,3,9.901960784313724
0.8,0.01,roulette,singlepoint,frequency,4,10.960784313725492
0.8,0.01,roulette,singlepoint,frequency,5,11.07843137254902
0.8,0.01,roulette,singlepoint,frequency,6,11.098039215686276
0.8,0.01,roulette,singlepoint,frequency,7,11.803921568627452
0.8,0.01,roulette,singlepoint,frequency,8,10.862745098039216
0.8,0.01,roulette,singlepoint,frequency,9,10.64705882352941
0.8,0.01,roulette,singlepoint,frequency,10,10.84313725490196
0.8,0.01,roulette,twopoint,uniform,1,11.058823529411766
0.8,0.01,roulette,twopoint,uniform,2,10.019607843137253
0.8,0.01,roulette,twopoint,uniform,3,9.76470588235294
0.8,0.01,roulette,twopoint,uniform,4,11.666666666666668
0.8,0.01,roulette,twopoint,uniform,5,12.058823529411763
0.8,0.01,roulette,twopoint,uniform,6,9.999999999999998
0.8,0.01,roulette,twopoint,uniform,7,9.980392156862747
0.8,0.01,roulette,twopoint,uniform,8,9.294117647058824
0.8,0.01,roulette,twopoint,uniform,9,12.254901960784313
0.8,0.01,roulette,twopoint,uniform,10,10.333333333333332
0.8,0.01,roulette,twopoint,block,1,10.313725490196077
0.8,0.01,roulette,twopoint,block,2,11.588235294117643
0.8,0.01,roulette,twopoint,block,3,9.745098039215685
0.8,0.01,roulette,twopoint,block,4,11.960784313725489
0.8,0.01,roulette,twopoint,block,5,10.76470588235294
0.8,0.01,roulette,twopoint,block,6,9.823529411764705
0.8,0.01,roulette,twopoint,block,7,10.470588235294116
0.8,0.01,roulette,twopoint,block,8,11.274509803921568
0.8,0.01,roulette,twopoint,block,9,11.254901960784313
0.8,0.01,roulette,twopoint,block,10,11.039215686274508
0.8,0.01,roulette,twopoint,scramble,1,12.31372549019608
0.8,0.01,roulette,twopoint,scramble,2,9.862745098039214
0.8,0.01,roulette,twopoint,scramble,3,10.019607843137253
0.8,0.01,roulette,twopoint,scramble,4,11.196078431372548
0.8,0.01,roulette,twopoint,scramble,5,11.725490196078429
0.8,0.01,roulette,twopoint,scramble,6,9.980392156862745
0.8,0.01,roulette,twopoint,scramble,7,10.294117647058824
0.8,0.01,roulette,twopoint,scramble,8,10.862745098039214
0.8,0.01,roulette,twopoint,scramble,9,9.941176470588236
0.8,0.01,roulette,twopoint,scramble,10,9.705882352941174
0.8,0.01,roulette,twopoint,swap,1,10.627450980392156
0.8,0.01,roulette,twopoint,swap,2,10.470588235294116
0.8,0.01,roulette,twopoint,swap,3,9.941176470588237
0.8,0.01,roulette,twopoint,swap,4,13.431372549019606
0.8,0.01,roulette,twopoint,swap,5,9.64705882352941
0.8,0.01,roulette,twopoint,swap,6,10.313725490196077
0.8,0.01,roulette,twopoint,swap,7,9.254901960784313
0.8,0.01,roulette,twopoint,swap,8,9.823529411764707
0.8,0.01,roulette,twopoint,swap,9,11.470588235294116
0.8,0.01,roulette,twopoint,swap,10,11.411764705882351
0.8,0.01,roulette,twopoint,frequency,1,11.529411764705882
0.8,0.01,roulette,twopoint,frequency,2,10.333333333333332
0.8,0.01,roulette,twopoint,frequency,3,9.823529411764707
0.8,0.01,roulette,twopoint,frequency,4,10.705882352941174
0.8,0.01,roulette,twopoint,frequency,5,11.07843137254902
0.8,0.01,roulette,twopoint,frequency,6,11.352941176470587
0.8,0.01,roulette,twopoint,frequency,7,10.294117647058824
0.8,0.01,roulette,twopoint,frequency,8,11.411764705882353
0.8,0.01,roulette,twopoint,frequency,9,10.333333333333332
0.8,0.01,roulette,twopoint,frequency,10,11.313725490196079
0.8,0.01,tournament,scattered,uniform,1,9.64705882352941
0.8,0.01,tournament,scattered,uniform,2,9.76470588235294
0.8,0.01,tournament,scattered,uniform,3,9.254901960784313
0.8,0.01,tournament,scattered,uniform,4,9.686274509803921
0.8,0.01,tournament,scattered,uniform,5,10.549019607843135
0.8,0.01,tournament,scattered,uniform,6,9.294117647058822
0.8,0.01,tournament,scattered,uniform,7,9.254901960784313
0.8,0.01,tournament,scattered,uniform,8,9.294117647058824
0.8,0.01,tournament,scattered,uniform,9,9.294117647058824
0.8,0.01,tournament,scattered,uniform,10,9.254901960784313
0.8,0.01,tournament,scattered,block,1,11.07843137254902
0.8,0.01,tournament,scattered,block,2,10.862745098039214
0.8,0.01,tournament,scattered,block,3,9.294117647058822
0.8,0.01,tournament,scattered,block,4,9.705882352941176
0.8,0.01,tournament,scattered,block,5,9.294117647058822
0.8,0.01,tournament,scattered,block,6,10.392156862745097
0.8,0.01,tournament,scattered,block,7,11.588235294117649
0.8,0.01,tournament,scattered,block,8,9.823529411764705
0.8,0.01,tournament,scattered,block,9,9.294117647058824
0.8,0.01,tournament,scattered,block,10,9.254901960784313
0.8,0.01,tournament,scattered,scramble,1,9.64705882352941
0.8,0.01,tournament,scattered,scramble,2,9.64705882352941
0.8,0.01,tournament,scattered,scramble,3,9.254901960784313
0.8,0.01,tournament,scattered,scramble,4,9.294117647058822
0.8,0.01,tournament,scattered,scramble,5,10.11764705882353
0.8,0.01,tournament,scattered,scramble,6,9.254901960784313
0.8,0.01,tournament,scattered,scramble,7,10.07843137254902
0.8,0.01,tournament,scattered,scramble,8,9.294117647058822
0.8,0.01,tournament,scattered,scramble,9,10.019607843137253
0.8,0.01,tournament,scattered,scramble,10,9.705882352941176
0.8,0.01,tournament,scattered,swap,1,11.058823529411761
0.8,0.01,tournament,scattered,swap,2,9.294117647058822
0.8,0.01,tournament,scattered,swap,3,9.960784313725489
0.8,0.01,tournament,scattered,swap,4,10.117647058823529
0.8,0.01,tournament,scattered,swap,5,9.666666666666668
0.8,0.01,tournament,scattered,swap,6,9.80392156862745
0.8,0.01,tournament,scattered,swap,7,9.666666666666666
0.8,0.01,tournament,scattered,swap,8,11.0
0.8,0.01,tournament,scattered,swap,9,9.294117647058824
0.8,0.01,tournament,scattered,swap,10,11.392156862745098
0.8,0.01,tournament,scattered,frequency,1,9.254901960784313
0.8,0.01,tournament,scattered,frequency,2,9.294117647058824
0.8,0.01,tournament,scattered,frequency,3,9.294117647058824
0.8,0.01,tournament,scattered,frequency,4,9.254901960784313
0.8,0.01,tournament,scattered,frequency,5,9.254901960784313
0.8,0.01,tournament,scattered,frequency,6,9.294117647058824
0.8,0.01,tournament,scattered,frequency,7,10.333333333333332
0.8,0.01,tournament,scattered,frequency,8,9.254901960784313
0.8,0.01,tournament,scattered,frequency,9,9.64705882352941
0.8,0.01,tournament,scattered,frequency,10,9.803921568627448
0.8,0.01,tournament,singlepoint,uniform,1,11.392156862745098
0.8,0.01,tournament,singlepoint,uniform,2,11.07843137254902
0.8,0.01,tournament,singlepoint,uniform,3,10.117647058823529
0.8,0.01,tournament,singlepoint,uniform,4,9.254901960784313
0.8,0.01,tournament,singlepoint,uniform,5,9.254901960784313
0.8,0.01,tournament,singlepoint,uniform,6,10.470588235294116
0.8,0.01,tournament,singlepoint,uniform,7,10.64705882352941
0.8,0.01,tournament,singlepoint,uniform,8,10.176470588235293
0.8,0.01,tournament,singlepoint,uniform,9,10.137254901960784
0.8,0.01,tournament,singlepoint,uniform,10,10.705882352941174
0.8,0.01,tournament,singlepoint,block,1,12.274509803921568
0.8,0.01,tournament,singlepoint,block,2,9.372549019607844
0.8,0.01,tournament,singlepoint,block,3,10.627450980392156
0.8,0.01,tournament,singlepoint,block,4,10.03921568627451
0.8,0.01,tournament,singlepoint,block,5,10.215686274509801
0.8,0.01,tournament,singlepoint,block,6,11.333333333333332
0.8,0.01,tournament,singlepoint,block,7,9.372549019607844
0.8,0.01,tournament,singlepoint,block,8,10.725490196078432
0.8,0.01,tournament,singlepoint,block,9,9.294117647058822
0.8,0.01,tournament,singlepoint,block,10,11.470588235294116
0.8,0.01,tournament,singlepoint,scramble,1,9.254901960784313
0.8,0.01,tournament,singlepoint,scramble,2,10.450980392156863
0.8,0.01,tournament,singlepoint,scramble,3,10.50980392156863
0.8,0.01,tournament,singlepoint,scramble,4,10.627450980392156
0.8,0.01,tournament,singlepoint,scramble,5,9.823529411764707
0.8,0.01,tournament,singlepoint,scramble,6,10.980392156862743
0.8,0.01,tournament,singlepoint,scramble,7,10.19607843137255
0.8,0.01,tournament,singlepoint,scramble,8,10.627450980392156
0.8,0.01,tournament,singlepoint,scramble,9,10.725490196078432
0.8,0.01,tournament,singlepoint,scramble,10,11.686274509803921
0.8,0.01,tournament,singlepoint,swap,1,9.64705882352941
0.8,0.01,tournament,singlepoint,swap,2,11.862745098039213
0.8,0.01,tournament,singlepoint,swap,3,10.019607843137253
0.8,0.01,tournament,singlepoint,swap,4,10.627450980392156
0.8,0.01,tournament,singlepoint,swap,5,10.627450980392156
0.8,0.01,tournament,singlepoint,swap,6,11.549019607843137
0.8,0.01,tournament,singlepoint,swap,7,11.450980392156863
0.8,0.01,tournament,singlepoint,swap,8,9.705882352941178
0.8,0.01,tournament,singlepoint,swap,9,9.294117647058824
0.8,0.01,tournament,singlepoint,swap,10,9.254901960784313
0.8,0.01,tournament,singlepoint,frequency,1,9.76470588235294
0.8,0.01,tournament,singlepoint,frequency,2,12.07843137254902
0.8,0.01,tournament,singlepoint,frequency,3,10.117647058823529
0.8,0.01,tournament,singlepoint,frequency,4,10.058823529411763
0.8,0.01,tournament,singlepoint,frequency,5,10.745098039215685
0.8,0.01,tournament,singlepoint,frequency,6,10.019607843137253
0.8,0.01,tournament,singlepoint,frequency,7,10.117647058823527
0.8,0.01,tournament,singlepoint,frequency,8,10.019607843137253
0.8,0.01,tournament,singlepoint,frequency,9,10.117647058823529
0.8,0.01,tournament,singlepoint,frequency,10,10.647058823529411
0.8,0.01,tournament,twopoint,uniform,1,11.68627450980392
0.8,0.01,tournament,twopoint,uniform,2,11.058823529411766
0.8,0.01,tournament,twopoint,uniform,3,9.803921568627448
0.8,0.01,tournament,twopoint,uniform,4,9.254901960784313
0.8,0.01,tournament,twopoint,uniform,5,9.294117647058824
0.8,0.01,tournament,twopoint,uniform,6,9.294117647058822
0.8,0.01,tournament,twopoint,uniform,7,9.254901960784313
0.8,0.01,tournament,twopoint,uniform,8,9.666666666666666
0.8,0.01,tournament,twopoint,uniform,9,10.901960784313726
0.8,0.01,tournament,twopoint,uniform,10,9.823529411764707
0.8,0.01,tournament,twopoint,block,1,10.156862745098037
0.8,0.01,tournament,twopoint,block,2,10.235294117647058
0.8,0.01,tournament,twopoint,block,3,10.274509803921566
0.8,0.01,tournament,twopoint,block,4,11.117647058823527
0.8,0.01,tournament,twopoint,block,5,10.431372549019606
0.8,0.01,tournament,twopoint,block,6,9.705882352941176
0.8,0.01,tournament,twopoint,block,7,10.117647058823529
0.8,0.01,tournament,twopoint,block,8,9.666666666666666
0.8,0.01,tournament,twopoint,block,9,10.450980392156863
0.8,0.01,tournament,twopoint,block,10,9.980392156862747
0.8,0.01,tournament,twopoint,scramble,1,9.333333333333332
0.8,0.01,tournament,twopoint,scramble,2,10.392156862745097
0.8,0.01,tournament,twopoint,scramble,3,10.117647058823527
0.8,0.01,tournament,twopoint,scramble,4,10.176470588235293
0.8,0.01,tournament,twopoint,scramble,5,9.64705882352941
0.8,0.01,tournament,twopoint,scramble,6,9.823529411764707
0.8,0.01,tournament,twopoint,scramble,7,9.72549019607843
0.8,0.01,tournament,twopoint,scramble,8,10.058823529411764
0.8,0.01,tournament,twopoint,scramble,9,9.823529411764705
0.8,0.01,tournament,twopoint,scramble,10,9.666666666666668
0.8,0.01,tournament,twopoint,swap,1,9.64705882352941
0.8,0.01,tournament,twopoint,swap,2,10.72549019607843
0.8,0.01,tournament,twopoint,swap,3,10.352941176470587
0.8,0.01,tournament,twopoint,swap,4,9.803921568627448
0.8,0.01,tournament,twopoint,swap,5,9.294117647058824
0.8,0.01,tournament,twopoint,swap,6,10.549019607843137
0.8,0.01,tournament,twopoint,swap,7,10.19607843137255
0.8,0.01,tournament,twopoint,swap,8,11.50980392156863
0.8,0.01,tournament,twopoint,swap,9,9.823529411764705
0.8,0.01,tournament,twopoint,swap,10,9.941176470588236
0.8,0.01,tournament,twopoint,frequency,1,9.705882352941178
0.8,0.01,tournament,twopoint,frequency,2,9.509803921568627
0.8,0.01,tournament,twopoint,frequency,3,9.254901960784313
0.8,0.01,tournament,twopoint,frequency,4,9.705882352941176
0.8,0.01,tournament,twopoint,frequency,5,9.64705882352941
0.8,0.01,tournament,twopoint,frequency,6,9.254901960784313
0.8,0.01,tournament,twopoint,frequency,7,9.294117647058822
0.8,0.01,tournament,twopoint,frequency,8,9.705882352941174
0.8,0.01,tournament,twopoint,frequency,9,10.450980392156861
0.8,0.01,tournament,twopoint,frequency,10,9.666666666666668
0.8,0.02,stochunif,scattered,uniform,1,9.941176470588234
0.8,0.02,stochunif,scattered,uniform,2,10.058823529411764
0.8,0.02,stochunif,scattered,uniform,3,9.784313725490195
0.8,0.02,stochunif,scattered,uniform,4,9.705882352941174
0.8,0.02,stochunif,scattered,uniform,5,9.76470588235294
0.8,0.02,stochunif,scattered,uniform,6,9.901960784313724
0.8,0.02,stochunif,scattered,uniform,7,9.64705882352941
0.8,0.02,stochunif,scattered,uniform,8,10.372549019607844
0.8,0.02,stochunif,scattered,uniform,9,9.92156862745098
0.8,0.02,stochunif,scattered,uniform,10,9.294117647058824
0.8,0.02,stochunif,scattered,block,1,9.64705882352941
0.8,0.02,stochunif,scattered,block,2,11.568627450980394
0.8,0.02,stochunif,scattered,block,3,10.019607843137253
0.8,0.02,stochunif,scattered,block,4,9.333333333333332
0.8,0.02,stochunif,scattered,block,5,11.862745098039216
0.8,0.02,stochunif,scattered,block,6,9.254901960784313
0.8,0.02,stochunif,scattered,block,7,10.019607843137255
0.8,0.02,stochunif,scattered,block,8,10.058823529411764
0.8,0.02,stochunif,scattered,block,9,9.254901960784313
0.8,0.02,stochunif,scattered,block,10,9.705882352941176
0.8,0.02,stochunif,scattered,scramble,1,9.705882352941176
0.8,0.02,stochunif,scattered,scramble,2,9.72549019607843
0.8,0.02,stochunif,scattered,scramble,3,10.627450980392156
0.8,0.02,stochunif,scattered,scramble,4,12.039215686274511
0.8,0.02,stochunif,scattered,scramble,5,9.64705882352941
0.8,0.02,stochunif,scattered,scramble,6,11.156862745098039
0.8,0.02,stochunif,scattered,scramble,7,10.92156862745098
0.8,0.02,stochunif,scattered,scramble,8,9.372549019607844
0.8,0.02,stochunif,scattered,scramble,9,10.627450980392156
0.8,0.02,stochunif,scattered,scramble,10,10.372549019607844
0.8,0.02,stochunif,scattered,swap,1,10.156862745098039
0.8,0.02,stochunif,scattered,swap,2,10.313725490196077
0.8,0.02,stochunif,scattered,swap,3,9.254901960784313
0.8,0.02,stochunif,scattered,swap,4,9.76470588235294
0.8,0.02,stochunif,scattered,swap,5,10.156862745098037
0.8,0.02,stochunif,scattered,swap,6,9.823529411764707
0.8,0.02,stochunif,scattered,swap,7,9.254901960784313
0.8,0.02,stochunif,scattered,swap,8,9.333333333333332
0.8,0.02,stochunif,scattered,swap,9,11.058823529411766
0.8,0.02,stochunif,scattered,swap,10,10.313725490196077
0.8,0.02,stochunif,scattered,frequency,1,10.274509803921566
0.8,0.02,stochunif,scattered,frequency,2,10.843137254901961
0.8,0.02,stochunif,scattered,frequency,3,9.294117647058824
0.8,0.02,stochunif,scattered,frequency,4,10.705882352941176
0.8,0.02,stochunif,scattered,frequency,5,10.019607843137253
0.8,0.02,stochunif,scattered,frequency,6,9.705882352941178
0.8,0.02,stochunif,scattered,frequency,7,9.745098039215687
0.8,0.02,stochunif,scattered,frequency,8,11.431372549019608
0.8,0.02,stochunif,scattered,frequency,9,9.941176470588234
0.8,0.02,stochunif,scattered,frequency,10,9.294117647058824
0.8,0.02,stochunif,singlepoint,uniform,1,10.294117647058822
0.8,0.02,stochunif,singlepoint,uniform,2,10.745098039215685
0.8,0.02,stochunif,singlepoint,uniform,3,12.19607843137255
0.8,0.02,stochunif,singlepoint,uniform,4,10.64705882352941
0.8,0.02,stochunif,singlepoint,uniform,5,10.686274509803921
0.8,0.02,stochunif,singlepoint,uniform,6,11.000000000000002
0.8,0.02,stochunif,singlepoint,uniform,7,9.705882352941178
0.8,0.02,stochunif,singlepoint,uniform,8,12.254901960784315
0.8,0.02,stochunif,singlepoint,uniform,9,10.549019607843135
0.8,0.02,stochunif,singlepoint,uniform,10,11.50980392156863
0.8,0.02,stochunif,singlepoint,block,1,10.372549019607844
0.8,0.02,stochunif,singlepoint,block,2,12.058823529411764
0.8,0.02,stochunif,singlepoint,block,3,11.431372549019608
0.8,0.02,stochunif,singlepoint,block,4,11.058823529411761
0.8,0.02,stochunif,singlepoint,block,5,11.64705882352941
0.8,0.02,stochunif,singlepoint,block,6,10.19607843137255
0.8,0.02,stochunif,singlepoint,block,7,11.352941176470587
0.8,0.02,stochunif,singlepoint,block,8,11.176470588235292
0.8,0.02,stochunif,singlepoint,block,9,11.313725490196076
0.8,0.02,stochunif,singlepoint,block,10,9.705882352941176
0.8,0.02,stochunif,singlepoint,scramble,1,10.176470588235293
0.8,0.02,stochunif,singlepoint,scramble,2,10.92156862745098
0.8,0.02,stochunif,singlepoint,scramble,3,9.294117647058822
0.8,0.02,stochunif,singlepoint,scramble,4,11.0
0.8,0.02,stochunif,singlepoint,scramble,5,12.92156862745098
0.8,0.02,stochunif,singlepoint,scramble,6,12.980392156862743
0.8,0.02,stochunif,singlepoint,scramble,7,9.823529411764707
0.8,0.02,stochunif,singlepoint,scramble,8,12.960784313725492
0.8,0.02,stochunif,singlepoint,scramble,9,10.450980392156863
0.8,0.02,stochunif,singlepoint,scramble,10,10.352941176470587
0.8,0.02,stochunif,singlepoint,swap,1,12.823529411764705
0.8,0.02,stochunif,singlepoint,swap,2,10.196078431372552
0.8,0.02,stochunif,singlepoint,swap,3,11.294117647058824
0.8,0.02,stochunif,singlepoint,swap,4,11.411764705882353
0.8,0.02,stochunif,singlepoint,swap,5,12.215686274509805
0.8,0.02,stochunif,singlepoint,swap,6,10.058823529411764
0.8,0.02,stochunif,singlepoint,swap,7,11.117647058823529
0.8,0.02,stochunif,singlepoint,swap,8,10.058823529411764
0.8,0.02,stochunif,singlepoint,swap,9,10.450980392156863
0.8,0.02,stochunif,singlepoint,swap,10,11.333333333333332
0.8,0.02,stochunif,singlepoint,frequency,1,10.019607843137253
0.8,0.02,stochunif,singlepoint,frequency,2,10.33333333333333
0.8,0.02,stochunif,singlepoint,frequency,3,9.294117647058824
0.8,0.02,stochunif,singlepoint,frequency,4,10.156862745098039
0.8,0.02,stochunif,singlepoint,frequency,5,11.03921568627451
0.8,0.02,stochunif,singlepoint,frequency,6,12.470588235294116
0.8,0.02,stochunif,singlepoint,frequency,7,11.745098039215685
0.8,0.02,stochunif,singlepoint,frequency,8,11.333333333333332
0.8,0.02,stochunif,singlepoint,frequency,9,9.980392156862745
0.8,0.02,stochunif,singlepoint,frequency,10,9.64705882352941
0.8,0.02,stochunif,twopoint,uniform,1,9.254901960784313
0.8,0.02,stochunif,twopoint,uniform,2,10.803921568627448
0.8,0.02,stochunif,twopoint,uniform,3,10.019607843137253
0.8,0.02,stochunif,twopoint,uniform,4,9.294117647058822
0.8,0.02,stochunif,twopoint,uniform,5,10.294117647058824
0.8,0.02,stochunif,twopoint,uniform,6,9.80392156862745
0.8,0.02,stochunif,twopoint,uniform,7,10.607843137254903
0.8,0.02,stochunif,twopoint,uniform,8,9.666666666666666
0.8,0.02,stochunif,twopoint,uniform,9,10.64705882352941
0.8,0.02,stochunif,twopoint,uniform,10,9.294117647058822
0.8,0.02,stochunif,twopoint,block,1,10.392156862745097
0.8,0.02,stochunif,twopoint,block,2,10.156862745098037
0.8,0.02,stochunif,twopoint,block,3,10.960784313725489
0.8,0.02,stochunif,twopoint,block,4,10.117647058823527
0.8,0.02,stochunif,twopoint,block,5,9.980392156862745
0.8,0.02,stochunif,twopoint,block,6,10.215686274509801
0.8,0.02,stochunif,twopoint,block,7,9.254901960784313
0.8,0.02,stochunif,twopoint,block,8,11.196078431372548
0.8,0.02,stochunif,twopoint,block,9,9.705882352941176
0.8,0.02,stochunif,twopoint,block,10,9.980392156862745
0.8,0.02,stochunif,twopoint,scramble,1,10.294117647058822
0.8,0.02,stochunif,twopoint,scramble,2,10.960784313725489
0.8,0.02,stochunif,twopoint,scramble,3,10.313725490196079
0.8,0.02,stochunif,twopoint,scramble,4,9.64705882352941
0.8,0.02,stochunif,twopoint,scramble,5,12.098039215686274
0.8,0.02,stochunif,twopoint,scramble,6,9.254901960784313
0.8,0.02,stochunif,twopoint,scramble,7,12.274509803921568
0.8,0.02,stochunif,twopoint,scramble,8,11.03921568627451
0.8,0.02,stochunif,twopoint,scramble,9,9.333333333333332
0.8,0.02,stochunif,twopoint,scramble,10,9.705882352941176
0.8,0.02,stochunif,twopoint,swap,1,10.117647058823527
0.8,0.02,stochunif,twopoint,swap,2,10.019607843137253
0.8,0.02,stochunif,twopoint,swap,3,10.725490196078432
0.8,0.02,stochunif,twopoint,swap,4,9.254901960784313
0.8,0.02,stochunif,twopoint,swap,5,9.76470588235294
0.8,0.02,stochunif,twopoint,swap,6,10.72549019607843
0.8,0.02,stochunif,twopoint,swap,7,10.196078431372548
0.8,0.02,stochunif,twopoint,swap,8,10.882352941176471
0.8,0.02,stochunif,twopoint,swap,9,10.274509803921568
0.8,0.02,stochunif,twopoint,swap,10,10.588235294117645
0.8,0.02,stochunif,twopoint,frequency,1,11.392156862745097
0.8,0.02,stochunif,twopoint,frequency,2,9.705882352941174
0.8,0.02,stochunif,twopoint,frequency,3,10.019607843137253
0.8,0.02,stochunif,twopoint,frequency,4,10.215686274509801
0.8,0.02,stochunif,twopoint,frequency,5,9.294117647058824
0.8,0.02,stochunif,twopoint,frequency,6,10.607843137254902
0.8,0.02,stochunif,twopoint,frequency,7,9.64705882352941
0.8,0.02,stochunif,twopoint,frequency,8,11.019607843137251
0.8,0.02,stochunif,twopoint,frequency,9,10.117647058823527
0.8,0.02,stochunif,twopoint,frequency,10,9.372549019607842
0.8,0.02,roulette,scattered,uniform,1,10.117647058823529
0.8,0.02,roulette,scattered,uniform,2,9.254901960784313
0.8,0.02,roulette,scattered,uniform,3,9.941176470588234
0.8,0.02,roulette,scattered,uniform,4,9.294117647058822
0.8,0.02,roulette,scattered,uniform,5,10.313725490196077
0.8,0.02,roulette,scattered,uniform,6,11.392156862745098
0.8,0.02,roulette,scattered,uniform,7,10.215686274509803
0.8,0.02,roulette,scattered,uniform,8,9.76470588235294
0.8,0.02,roulette,scattered,uniform,9,9.980392156862749
0.8,0.02,roulette,scattered,uniform,10,10.450980392156863
0.8,0.02,roulette,scattered,block,1,10.098039215686272
0.8,0.02,roulette,scattered,block,2,9.254901960784313
0.8,0.02,roulette,scattered,block,3,9.294117647058822
0.8,0.02,roulette,scattered,block,4,9.705882352941176
0.8,0.02,roulette,scattered,block,5,9.72549019607843
0.8,0.02,roulette,scattered,block,6,9.254901960784313
0.8,0.02,roulette,scattered,block,7,10.450980392156863
0.8,0.02,roulette,scattered,block,8,11.019607843137255
0.8,0.02,roulette,scattered,block,9,9.980392156862745
0.8,0.02,roulette,scattered,block,10,11.50980392156863
0.8,0.02,roulette,scattered,scramble,1,9.254901960784313
0.8,0.02,roulette,scattered,scramble,2,9.254901960784313
0.8,0.02,roulette,scattered,scramble,3,9.705882352941174
0.8,0.02,roulette,scattered,scramble,4,9.333333333333332
0.8,0.02,roulette,scattered,scramble,5,9.294117647058824
0.8,0.02,roulette,scattered,scramble,6,9.294117647058822
0.8,0.02,roulette,scattered,scramble,7,10.098039215686274
0.8,0.02,roulette,scattered,scramble,8,9.784313725490195
0.8,0.02,roulette,scattered,scramble,9,9.705882352941178
0.8,0.02,roulette,scattered,scramble,10,9.901960784313724
0.8,0.02,roulette,scattered,swap,1,9.64705882352941
0.8,0.02,roulette,scattered,swap,2,10.313725490196077
0.8,0.02,roulette,scattered,swap,3,9.705882352941174
0.8,0.02,roulette,scattered,swap,4,9.705882352941176
0.8,0.02,roulette,scattered,swap,5,9.705882352941176
0.8,0.02,roulette,scattered,swap,6,9.254901960784313
0.8,0.02,roulette,scattered,swap,7,9.72549019607843
0.8,0.02,roulette,scattered,swap,8,9.960784313725489
0.8,0.02,roulette,scattered,swap,9,11.196078431372548
0.8,0.02,roulette,scattered,swap,10,9.666666666666668
0.8,0.02,roulette,scattered,frequency,1,9.705882352941174
0.8,0.02,roulette,scattered,frequency,2,9.960784313725489
0.8,0.02,roulette,scattered,frequency,3,9.333333333333332
0.8,0.02,roulette,scattered,frequency,4,10.392156862745097
0.8,0.02,roulette,scattered,frequency,5,9.960784313725489
0.8,0.02,roulette,scattered,frequency,6,9.294117647058824
0.8,0.02,roulette,scattered,frequency,7,9.509803921568627
0.8,0.02,roulette,scattered,frequency,8,9.254901960784313
0.8,0.02,roulette,scattered,frequency,9,9.960784313725489
0.8,0.02,roulette,scattered,frequency,10,10.470588235294118
0.8,0.02,roulette,singlepoint,uniform,1,10.019607843137253
0.8,0.02,roulette,singlepoint,uniform,2,11.235294117647058
0.8,0.02,roulette,singlepoint,uniform,3,9.294117647058822
0.8,0.02,roulette,singlepoint,uniform,4,12.215686274509801
0.8,0.02,roulette,singlepoint,uniform,5,10.156862745098037
0.8,0.02,roulette,singlepoint,uniform,6,11.039215686274511
0.8,0.02,roulette,singlepoint,uniform,7,13.431372549019608
0.8,0.02,roulette,singlepoint,uniform,8,10.823529411764705
0.8,0.02,roulette,singlepoint,uniform,9,10.117647058823529
0.8,0.02,roulette,singlepoint,uniform,10,10.607843137254902
0.8,0.02,roulette,singlepoint,block,1,11.07843137254902
0.8,0.02,roulette,singlepoint,block,2,10.509803921568627
0.8,0.02,roulette,singlepoint,block,3,9.960784313725489
0.8,0.02,roulette,singlepoint,block,4,11.470588235294118
0.8,0.02,roulette,singlepoint,block,5,10.88235294117647
0.8,0.02,roulette,singlepoint,block,6,9.294117647058822
0.8,0.02,roulette,singlepoint,block,7,12.549019607843137
0.8,0.02,roulette,singlepoint,block,8,12.529411764705882
0.8,0.02,roulette,singlepoint,block,9,10.352941176470589
0.8,0.02,roulette,singlepoint,block,10,11.588235294117645
0.8,0.02,roulette,singlepoint,scramble,1,10.450980392156863
0.8,0.02,roulette,singlepoint,scramble,2,11.745098039215685
0.8,0.02,roulette,singlepoint,scramble,3,11.117647058823529
0.8,0.02,roulette,singlepoint,scramble,4,10.529411764705884
0.8,0.02,roulette,singlepoint,scramble,5,13.11764705882353
0.8,0.02,roulette,singlepoint,scramble,6,12.823529411764705
0.8,0.02,roulette,singlepoint,scramble,7,11.294117647058826
0.8,0.02,roulette,singlepoint,scramble,8,12.07843137254902
0.8,0.02,roulette,singlepoint,scramble,9,14.019607843137253
0.8,0.02,roulette,singlepoint,scramble,10,11.901960784313726
0.8,0.02,roulette,singlepoint,swap,1,10.450980392156861
0.8,0.02,roulette,singlepoint,swap,2,11.019607843137255
0.8,0.02,roulette,singlepoint,swap,3,10.745098039215685
0.8,0.02,roulette,singlepoint,swap,4,12.450980392156861
0.8,0.02,roulette,singlepoint,swap,5,13.313725490196076
0.8,0.02,roulette,singlepoint,swap,6,10.470588235294118
0.8,0.02,roulette,singlepoint,swap,7,11.333333333333332
0.8,0.02,roulette,singlepoint,swap,8,11.196078431372548
0.8,0.02,roulette,singlepoint,swap,9,9.941176470588234
0.8,0.02,roulette,singlepoint,swap,10,9.784313725490195
0.8,0.02,roulette,singlepoint,frequency,1,10.72549019607843
0.8,0.02,roulette,singlepoint,frequency,2,10.941176470588236
0.8,0.02,roulette,singlepoint,frequency,3,9.333333333333332
0.8,0.02,roulette,singlepoint,frequency,4,11.901960784313726
0.8,0.02,roulette,singlepoint,frequency,5,12.156862745098039
0.8,0.02,roulette,singlepoint,frequency,6,9.666666666666666
0.8,0.02,roulette,singlepoint,frequency,7,11.392156862745097
0.8,0.02,roulette,singlepoint,frequency,8,10.215686274509803
0.8,0.02,roulette,singlepoint,frequency,9,10.529411764705884
0.8,0.02,roulette,singlepoint,frequency,10,11.450980392156863
0.8,0.02,roulette,twopoint,uniform,1,9.80392156862745
0.8,0.02,roulette,twopoint,uniform,2,11.176470588235292
0.8,0.02,roulette,twopoint,uniform,3,9.254901960784313
0.8,0.02,roulette,twopoint,uniform,4,10.784313725490193
0.8,0.02,roulette,twopoint,uniform,5,10.725490196078432
0.8,0.02,roulette,twopoint,uniform,6,9.76470588235294
0.8,0.02,roulette,twopoint,uniform,7,10.333333333333332
0.8,0.02,roulette,twopoint,uniform,8,11.07843137254902
0.8,0.02,roulette,twopoint,uniform,9,11.88235294117647
0.8,0.02,roulette,twopoint,uniform,10,9.823529411764707
0.8,0.02,roulette,twopoint,block,1,10.764705882352942
0.8,0.02,roulette,twopoint,block,2,10.450980392156861
0.8,0.02,roulette,twopoint,block,3,10.19607843137255
0.8,0.02,roulette,twopoint,block,4,10.529411764705882
0.8,0.02,roulette,twopoint,block,5,10.313725490196079
0.8,0.02,roulette,twopoint,block,6,10.64705882352941
0.8,0.02,roulette,twopoint,block,7,9.372549019607844
0.8,0.02,roulette,twopoint,block,8,9.294117647058822
0.8,0.02,roulette,twopoint,block,9,10.862745098039214
0.8,0.02,roulette,twopoint,block,10,11.84313725490196
0.8,0.02,roulette,twopoint,scramble,1,11.84313725490196
0.8,0.02,roulette,twopoint,scramble,2,10.92156862745098
0.8,0.02,roulette,twopoint,scramble,3,10.058823529411764
0.8,0.02,roulette,twopoint,scramble,4,10.725490196078432
0.8,0.02,roulette,twopoint,scramble,5,10.862745098039216
0.8,0.02,roulette,twopoint,scramble,6,11.470588235294116
0.8,0.02,roulette,twopoint,scramble,7,11.80392156862745
0.8,0.02,roulette,twopoint,scramble,8,10.313725490196077
0.8,0.02,roulette,twopoint,scramble,9,11.411764705882353
0.8,0.02,roulette,twopoint,scramble,10,10.725490196078432
0.8,0.02,roulette,twopoint,swap,1,9.705882352941174
0.8,0.02,roulette,twopoint,swap,2,10.470588235294116
0.8,0.02,roulette,twopoint,swap,3,11.07843137254902
0.8,0.02,roulette,twopoint,swap,4,10.372549019607842
0.8,0.02,roulette,twopoint,swap,5,12.607843137254902
0.8,0.02,roulette,twopoint,swap,6,10.117647058823529
0.8,0.02,roulette,twopoint,swap,7,11.450980392156865
0.8,0.02,roulette,twopoint,swap,8,10.019607843137253
0.8,0.02,roulette,twopoint,swap,9,10.607843137254902
0.8,0.02,roulette,twopoint,swap,10,10.862745098039213
0.8,0.02,roulette,twopoint,frequency,1,9.254901960784313
0.8,0.02,roulette,twopoint,frequency,2,10.450980392156863
0.8,0.02,roulette,twopoint,frequency,3,11.03921568627451
0.8,0.02,roulette,twopoint,frequency,4,10.647058823529411
0.8,0.02,roulette,twopoint,frequency,5,10.117647058823529
0.8,0.02,roulette,twopoint,frequency,6,9.64705882352941
0.8,0.02,roulette,twopoint,frequency,7,9.64705882352941
0.8,0.02,roulette,twopoint,frequency,8,9.254901960784313
0.8,0.02,roulette,twopoint,frequency,9,9.980392156862745
0.8,0.02,roulette,twopoint,frequency,10,10.607843137254902
0.8,0.02,tournament,scattered,uniform,1,9.294117647058822
0.8,0.02,tournament,scattered,uniform,2,9.333333333333332
0.8,0.02,tournament,scattered,uniform,3,9.64705882352941
0.8,0.02,tournament,scattered,uniform,4,9.705882352941174
0.8,0.02,tournament,scattered,uniform,5,9.64705882352941
0.8,0.02,tournament,scattered,uniform,6,9.294117647058822
0.8,0.02,tournament,scattered,uniform,7,9.333333333333332
0.8,0.02,tournament,scattered,uniform,8,9.803921568627448
0.8,0.02,tournament,scattered,uniform,9,9.254901960784313
0.8,0.02,tournament,scattered,uniform,10,9.294117647058822
0.8,0.02,tournament,scattered,block,1,9.960784313725489
0.8,0.02,tournament,scattered,block,2,9.960784313725489
0.8,0.02,tournament,scattered,block,3,9.294117647058824
0.8,0.02,tournament,scattered,block,4,9.64705882352941
0.8,0.02,tournament,scattered,block,5,10.156862745098037
0.8,0.02,tournament,scattered,block,6,10.07843137254902
0.8,0.02,tournament,scattered,block,7,9.666666666666666
0.8,0.02,tournament,scattered,block,8,9.941176470588236
0.8,0.02,tournament,scattered,block,9,9.294117647058824
0.8,0.02,tournament,scattered,block,10,9.294117647058824
0.8,0.02,tournament,scattered,scramble,1,10.215686274509801
0.8,0.02,tournament,scattered,scramble,2,9.254901960784313
0.8,0.02,tournament,scattered,scramble,3,9.372549019607842
0.8,0.02,tournament,scattered,scramble,4,11.03921568627451
0.8,0.02,tournament,scattered,scramble,5,9.294117647058822
0.8,0.02,tournament,scattered,scramble,6,11.0
0.8,0.02,tournament,scattered,scramble,7,10.058823529411763
0.8,0.02,tournament,scattered,scramble,8,9.254901960784313
0.8,0.02,tournament,scattered,scramble,9,9.980392156862747
0.8,0.02,tournament,scattered,scramble,10,9.294117647058824
0.8,0.02,tournament,scattered,swap,1,9.254901960784313
0.8,0.02,tournament,scattered,swap,2,9.862745098039213
0.8,0.02,tournament,scattered,swap,3,9.372549019607842
0.8,0.02,tournament,scattered,swap,4,10.313725490196077
0.8,0.02,tournament,scattered,swap,5,11.117647058823529
0.8,0.02,tournament,scattered,swap,6,9.823529411764707
0.8,0.02,tournament,scattered,swap,7,9.803921568627448
0.8,0.02,tournament,scattered,swap,8,9.980392156862745
0.8,0.02,tournament,scattered,swap,9,9.254901960784313
0.8,0.02,tournament,scattered,swap,10,10.07843137254902
0.8,0.02,tournament,scattered,frequency,1,9.294117647058824
0.8,0.02,tournament,scattered,frequency,2,9.64705882352941
0.8,0.02,tournament,scattered,frequency,3,9.705882352941174
0.8,0.02,tournament,scattered,frequency,4,9.64705882352941
0.8,0.02,tournament,scattered,frequency,5,9.254901960784313
0.8,0.02,tournament,scattered,frequency,6,9.901960784313724
0.8,0.02,tournament,scattered,frequency,7,9.254901960784313
0.8,0.02,tournament,scattered,frequency,8,9.294117647058824
0.8,0.02,tournament,scattered,frequency,9,9.64705882352941
0.8,0.02,tournament,scattered,frequency,10,9.254901960784313
0.8,0.02,tournament,singlepoint,uniform,1,10.294117647058824
0.8,0.02,tournament,singlepoint,uniform,2,9.254901960784313
0.8,0.02,tournament,singlepoint,uniform,3,10.176470588235292
0.8,0.02,tournament,singlepoint,uniform,4,9.254901960784313
0.8,0.02,tournament,singlepoint,uniform,5,9.294117647058822
0.8,0.02,tournament,singlepoint,uniform,6,9.49019607843137
0.8,0.02,tournament,singlepoint,uniform,7,11.392156862745097
0.8,0.02,tournament,singlepoint,uniform,8,9.64705882352941
0.8,0.02,tournament,singlepoint,uniform,9,9.64705882352941
0.8,0.02,tournament,singlepoint,uniform,10,9.294117647058822
0.8,0.02,tournament,singlepoint,block,1,10.058823529411763
0.8,0.02,tournament,singlepoint,block,2,9.686274509803921
0.8,0.02,tournament,singlepoint,block,3,12.431372549019606
0.8,0.02,tournament,singlepoint,block,4,11.058823529411764
0.8,0.02,tournament,singlepoint,block,5,11.49019607843137
0.8,0.02,tournament,singlepoint,block,6,10.098039215686276
0.8,0.02,tournament,singlepoint,block,7,10.156862745098037
0.8,0.02,tournament,singlepoint,block,8,11.039215686274511
0.8,0.02,tournament,singlepoint,block,9,9.294117647058822
0.8,0.02,tournament,singlepoint,block,10,10.137254901960784
0.8,0.02,tournament,singlepoint,scramble,1,11.37254901960784
0.8,0.02,tournament,singlepoint,scramble,2,10.333333333333332
0.8,0.02,tournament,singlepoint,scramble,3,11.0
0.8,0.02,tournament,singlepoint,scramble,4,11.117647058823527
0.8,0.02,tournament,singlepoint,scramble,5,9.64705882352941
0.8,0.02,tournament,singlepoint,scramble,6,10.058823529411763
0.8,0.02,tournament,singlepoint,scramble,7,9.254901960784313
0.8,0.02,tournament,singlepoint,scramble,8,10.117647058823529
0.8,0.02,tournament,singlepoint,scramble,9,10.098039215686276
0.8,0.02,tournament,singlepoint,scramble,10,10.098039215686274
0.8,0.02,tournament,singlepoint,swap,1,11.901960784313726
0.8,0.02,tournament,singlepoint,swap,2,9.294117647058822
0.8,0.02,tournament,singlepoint,swap,3,9.960784313725489
0.8,0.02,tournament,singlepoint,swap,4,9.64705882352941
0.8,0.02,tournament,singlepoint,swap,5,10.117647058823529
0.8,0.02,tournament,singlepoint,swap,6,11.313725490196077
0.8,0.02,tournament,singlepoint,swap,7,10.019607843137255
0.8,0.02,tournament,singlepoint,swap,8,11.078431372549018
0.8,0.02,tournament,singlepoint,swap,9,11.450980392156865
0.8,0.02,tournament,singlepoint,swap,10,10.627450980392156
0.8,0.02,tournament,singlepoint,frequency,1,10.196078431372548
0.8,0.02,tournament,singlepoint,frequency,2,9.705882352941176
0.8,0.02,tournament,singlepoint,frequency,3,10.313725490196079
0.8,0.02,tournament,singlepoint,frequency,4,9.823529411764707
0.8,0.02,tournament,singlepoint,frequency,5,10.725490196078432
0.8,0.02,tournament,singlepoint,frequency,6,10.392156862745097
0.8,0.02,tournament,singlepoint,frequency,7,10.64705882352941
0.8,0.02,tournament,singlepoint,frequency,8,10.313725490196076
0.8,0.02,tournament,singlepoint,frequency,9,10.274509803921568
0.8,0.02,tournament,singlepoint,frequency,10,10.882352941176473
0.8,0.02,tournament,twopoint,uniform,1,10.666666666666668
0.8,0.02,tournament,twopoint,uniform,2,9.529411764705882
0.8,0.02,tournament,twopoint,uniform,3,9.254901960784313
0.8,0.02,tournament,twopoint,uniform,4,9.294117647058822
0.8,0.02,tournament,twopoint,uniform,5,9.980392156862745
0.8,0.02,tournament,twopoint,uniform,6,10.274509803921566
0.8,0.02,tournament,twopoint,uniform,7,11.03921568627451
0.8,0.02,tournament,twopoint,uniform,8,9.980392156862749
0.8,0.02,tournament,twopoint,uniform,9,9.294117647058824
0.8,0.02,tournament,twopoint,uniform,10,10.019607843137253
0.8,0.02,tournament,twopoint,block,1,9.960784313725489
0.8,0.02,tournament,twopoint,block,2,10.03921568627451
0.8,0.02,tournament,twopoint,block,3,9.666666666666666
0.8,0.02,tournament,twopoint,block,4,10.215686274509803
0.8,0.02,tournament,twopoint,block,5,9.294117647058822
0.8,0.02,tournament,twopoint,block,6,11.725490196078432
0.8,0.02,tournament,twopoint,block,7,11.509803921568627
0.8,0.02,tournament,twopoint,block,8,10.313725490196077
0.8,0.02,tournament,twopoint,block,9,11.627450980392158
0.8,0.02,tournament,twopoint,block,10,9.980392156862745
0.8,0.02,tournament,twopoint,scramble,1,9.647058823529411
0.8,0.02,tournament,twopoint,scramble,2,9.88235294117647
0.8,0.02,tournament,twopoint,scramble,3,9.745098039215685
0.8,0.02,tournament,twopoint,scramble,4,10.03921568627451
0.8,0.02,tournament,twopoint,scramble,5,11.117647058823527
0.8,0.02,tournament,twopoint,scramble,6,10.705882352941174
0.8,0.02,tournament,twopoint,scramble,7,9.705882352941176
0.8,0.02,tournament,twopoint,scramble,8,10.784313725490195
0.8,0.02,tournament,twopoint,scramble,9,10.156862745098037
0.8,0.02,tournament,twopoint,scramble,10,9.705882352941174
0.8,0.02,tournament,twopoint,swap,1,10.784313725490193
0.8,0.02,tournament,twopoint,swap,2,11.784313725490195
0.8,0.02,tournament,twopoint,swap,3,9.64705882352941
0.8,0.02,tournament,twopoint,swap,4,9.823529411764707
0.8,0.02,tournament,twopoint,swap,5,10.529411764705882
0.8,0.02,tournament,twopoint,swap,6,10.470588235294118
0.8,0.02,tournament,twopoint,swap,7,10.392156862745097
0.8,0.02,tournament,twopoint,swap,8,10.470588235294118
0.8,0.02,tournament,twopoint,swap,9,9.76470588235294
0.8,0.02,tournament,twopoint,swap,10,10.03921568627451
0.8,0.02,tournament,twopoint,frequency,1,9.705882352941174
0.8,0.02,tournament,twopoint,frequency,2,9.980392156862745
0.8,0.02,tournament,twopoint,frequency,3,9.294117647058824
0.8,0.02,tournament,twopoint,frequency,4,9.294117647058824
0.8,0.02,tournament,twopoint,frequency,5,9.294117647058822
0.8,0.02,tournament,twopoint,frequency,6,9.705882352941178
0.8,0.02,tournament,twopoint,frequency,7,9.666666666666668
0.8,0.02,tournament,twopoint,frequency,8,9.294117647058824
0.8,0.02,tournament,twopoint,frequency,9,9.294117647058822
0.8,0.02,tournament,twopoint,frequency,10,10.019607843137253
0.8,0.05,stochunif,scattered,uniform,1,9.823529411764707
0.8,0.05,stochunif,scattered,uniform,2,9.705882352941176
0.8,0.05,stochunif,scattered,uniform,3,9.254901960784313
0.8,0.05,stochunif,scattered,uniform,4,9.705882352941176
0.8,0.05,stochunif,scattered,uniform,5,9.980392156862747
0.8,0.05,stochunif,scattered,uniform,6,9.294117647058824
0.8,0.05,stochunif,scattered,uniform,7,9.254901960784313
0.8,0.05,stochunif,scattered,uniform,8,9.254901960784313
0.8,0.05,stochunif,scattered,uniform,9,9.254901960784313
0.8,0.05,stochunif,scattered,uniform,10,9.254901960784313
0.8,0.05,stochunif,scattered,block,1,10.196078431372548
0.8,0.05,stochunif,scattered,block,2,9.333333333333332
0.8,0.05,stochunif,scattered,block,3,9.294117647058822
0.8,0.05,stochunif,scattered,block,4,9.294117647058824
0.8,0.05,stochunif,scattered,block,5,9.254901960784313
0.8,0.05,stochunif,scattered,block,6,9.823529411764707
0.8,0.05,stochunif,scattered,block,7,9.52941176470588
0.8,0.05,stochunif,scattered,block,8,9.254901960784313
0.8,0.05,stochunif,scattered,block,9,9.254901960784313
0.8,0.05,stochunif,scattered,block,10,9.980392156862745
0.8,0.05,stochunif,scattered,scramble,1,9.254901960784313
0.8,0.05,stochunif,scattered,scramble,2,9.294117647058824
0.8,0.05,stochunif,scattered,scramble,3,9.294117647058824
0.8,0.05,stochunif,scattered,scramble,4,9.294117647058822
0.8,0.05,stochunif,scattered,scramble,5,9.64705882352941
0.8,0.05,stochunif,scattered,scramble,6,10.313725490196079
0.8,0.05,stochunif,scattered,scramble,7,9.509803921568627
0.8,0.05,stochunif,scattered,scramble,8,10.137254901960786
0.8,0.05,stochunif,scattered,scramble,9,9.666666666666666
0.8,0.05,stochunif,scattered,scramble,10,10.03921568627451
0.8,0.05,stochunif,scattered,swap,1,9.823529411764705
0.8,0.05,stochunif,scattered,swap,2,9.64705882352941
0.8,0.05,stochunif,scattered,swap,3,9.666666666666666
0.8,0.05,stochunif,scattered,swap,4,9.333333333333332
0.8,0.05,stochunif,scattered,swap,5,9.294117647058824
0.8,0.05,stochunif,scattered,swap,6,9.64705882352941
0.8,0.05,stochunif,scattered,swap,7,9.64705882352941
0.8,0.05,stochunif,scattered,swap,8,9.705882352941174
0.8,0.05,stochunif,scattered,swap,9,9.294117647058822
0.8,0.05,stochunif,scattered,swap,10,9.254901960784313
0.8,0.05,stochunif,scattered,frequency,1,9.294117647058824
0.8,0.05,stochunif,scattered,frequency,2,10.215686274509803
0.8,0.05,stochunif,scattered,frequency,3,10.058823529411764
0.8,0.05,stochunif,scattered,frequency,4,10.058823529411763
0.8,0.05,stochunif,scattered,frequency,5,9.960784313725489
0.8,0.05,stochunif,scattered,frequency,6,10.215686274509801
0.8,0.05,stochunif,scattered,frequency,7,9.333333333333332
0.8,0.05,stochunif,scattered,frequency,8,9.705882352941174
0.8,0.05,stochunif,scattered,frequency,9,10.215686274509803
0.8,0.05,stochunif,scattered,frequency,10,9.294117647058822
0.8,0.05,stochunif,singlepoint,uniform,1,9.705882352941176
0.8,0.05,stochunif,singlepoint,uniform,2,9.823529411764707
0.8,0.05,stochunif,singlepoint,uniform,3,10.549019607843137
0.8,0.05,stochunif,singlepoint,uniform,4,12.6078431372549
0.8,0.05,stochunif,singlepoint,uniform,5,10.176470588235292
0.8,0.05,stochunif,singlepoint,uniform,6,10.49019607843137
0.8,0.05,stochunif,singlepoint,uniform,7,10.72549019607843
0.8,0.05,stochunif,singlepoint,uniform,8,11.117647058823529
0.8,0.05,stochunif,singlepoint,uniform,9,11.921568627450982
0.8,0.05,stochunif,singlepoint,uniform,10,9.901960784313724
0.8,0.05,stochunif,singlepoint,block,1,9.49019607843137
0.8,0.05,stochunif,singlepoint,block,2,10.627450980392156
0.8,0.05,stochunif,singlepoint,block,3,10.333333333333332
0.8,0.05,stochunif,singlepoint,block,4,11.490196078431373
0.8,0.05,stochunif,singlepoint,block,5,10.058823529411764
0.8,0.05,stochunif,singlepoint,block,6,11.84313725490196
0.8,0.05,stochunif,singlepoint,block,7,11.372549019607844
0.8,0.05,stochunif,singlepoint,block,8,11.901960784313726
0.8,0.05,stochunif,singlepoint,block,9,10.745098039215687
0.8,0.05,stochunif,singlepoint,block,10,10.549019607843137
0.8,0.05,stochunif,singlepoint,scramble,1,10.76470588235294
0.8,0.05,stochunif,singlepoint,scramble,2,10.411764705882351
0.8,0.05,stochunif,singlepoint,scramble,3,10.56862745098039
0.8,0.05,stochunif,singlepoint,scramble,4,11.411764705882353
0.8,0.05,stochunif,singlepoint,scramble,5,10.352941176470589
0.8,0.05,stochunif,singlepoint,scramble,6,12.411764705882353
0.8,0.05,stochunif,singlepoint,scramble,7,10.745098039215685
0.8,0.05,stochunif,singlepoint,scramble,8,10.980392156862743
0.8,0.05,stochunif,singlepoint,scramble,9,12.52941176470588
0.8,0.05,stochunif,singlepoint,scramble,10,9.941176470588234
0.8,0.05,stochunif,singlepoint,swap,1,10.176470588235292
0.8,0.05,stochunif,singlepoint,swap,2,11.196078431372548
0.8,0.05,stochunif,singlepoint,swap,3,10.098039215686272
0.8,0.05,stochunif,singlepoint,swap,4,9.705882352941178
0.8,0.05,stochunif,singlepoint,swap,5,10.196078431372548
0.8,0.05,stochunif,singlepoint,swap,6,11.117647058823529
0.8,0.05,stochunif,singlepoint,swap,7,11.117647058823527
0.8,0.05,stochunif,singlepoint,swap,8,12.117647058823527
0.8,0.05,stochunif,singlepoint,swap,9,10.372549019607844
0.8,0.05,stochunif,singlepoint,swap,10,10.274509803921566
0.8,0.05,stochunif,singlepoint,frequency,1,11.274509803921568
0.8,0.05,stochunif,singlepoint,frequency,2,9.294117647058824
0.8,0.05,stochunif,singlepoint,frequency,3,10.215686274509803
0.8,0.05,stochunif,singlepoint,frequency,4,10.235294117647058
0.8,0.05,stochunif,singlepoint,frequency,5,9.980392156862747
0.8,0.05,stochunif,singlepoint,frequency,6,10.549019607843135
0.8,0.05,stochunif,singlepoint,frequency,7,10.215686274509803
0.8,0.05,stochunif,singlepoint,frequency,8,10.352941176470587
0.8,0.05,stochunif,singlepoint,frequency,9,9.666666666666668
0.8,0.05,stochunif,singlepoint,frequency,10,9.941176470588236
0.8,0.05,stochunif,twopoint,uniform,1,9.705882352941176
0.8,0.05,stochunif,twopoint,uniform,2,9.294117647058824
0.8,0.05,stochunif,twopoint,uniform,3,10.176470588235293
0.8,0.05,stochunif,twopoint,uniform,4,10.137254901960786
0.8,0.05,stochunif,twopoint,uniform,5,10.156862745098039
0.8,0.05,stochunif,twopoint,uniform,6,10.862745098039214
0.8,0.05,stochunif,twopoint,uniform,7,10.274509803921568
0.8,0.05,stochunif,twopoint,uniform,8,9.666666666666668
0.8,0.05,stochunif,twopoint,uniform,9,10.607843137254902
0.8,0.05,stochunif,twopoint,uniform,10,10.019607843137253
0.8,0.05,stochunif,twopoint,block,1,9.254901960784313
0.8,0.05,stochunif,twopoint,block,2,11.470588235294116
0.8,0.05,stochunif,twopoint,block,3,9.705882352941176
0.8,0.05,stochunif,twopoint,block,4,9.823529411764705
0.8,0.05,stochunif,twopoint,block,5,11.999999999999998
0.8,0.05,stochunif,twopoint,block,6,9.80392156862745
0.8,0.05,stochunif,twopoint,block,7,11.137254901960784
0.8,0.05,stochunif,twopoint,block,8,9.80392156862745
0.8,0.05,stochunif,twopoint,block,9,12.254901960784311
0.8,0.05,stochunif,twopoint,block,10,9.64705882352941
0.8,0.05,stochunif,twopoint,scramble,1,9.294117647058824
0.8,0.05,stochunif,twopoint,scramble,2,11.254901960784316
0.8,0.05,stochunif,twopoint,scramble,3,9.88235294117647
0.8,0.05,stochunif,twopoint,scramble,4,10.784313725490197
0.8,0.05,stochunif,twopoint,scramble,5,9.862745098039213
0.8,0.05,stochunif,twopoint,scramble,6,9.294117647058822
0.8,0.05,stochunif,twopoint,scramble,7,9.666666666666668
0.8,0.05,stochunif,twopoint,scramble,8,10.96078431372549
0.8,0.05,stochunif,twopoint,scramble,9,10.921568627450979
0.8,0.05,stochunif,twopoint,scramble,10,11.431372549019608
0.8,0.05,stochunif,twopoint,swap,1,10.058823529411763
0.8,0.05,stochunif,twopoint,swap,2,9.705882352941176
0.8,0.05,stochunif,twopoint,swap,3,10.588235294117647
0.8,0.05,stochunif,twopoint,swap,4,9.294117647058822
0.8,0.05,stochunif,twopoint,swap,5,9.509803921568627
0.8,0.05,stochunif,twopoint,swap,6,9.294117647058824
0.8,0.05,stochunif,twopoint,swap,7,12.509803921568627
0.8,0.05,stochunif,twopoint,swap,8,9.294117647058824
0.8,0.05,stochunif,twopoint,swap,9,10.705882352941178
0.8,0.05,stochunif,twopoint,swap,10,10.470588235294118
0.8,0.05,stochunif,twopoint,frequency,1,10.058823529411764
0.8,0.05,stochunif,twopoint,frequency,2,9.254901960784313
0.8,0.05,stochunif,twopoint,frequency,3,9.294117647058824
0.8,0.05,stochunif,twopoint,frequency,4,10.627450980392156
0.8,0.05,stochunif,twopoint,frequency,5,9.294117647058822
0.8,0.05,stochunif,twopoint,frequency,6,10.333333333333332
0.8,0.05,stochunif,twopoint,frequency,7,10.80392156862745
0.8,0.05,stochunif,twopoint,frequency,8,9.76470588235294
0.8,0.05,stochunif,twopoint,frequency,9,9.333333333333332
0.8,0.05,stochunif,twopoint,frequency,10,10.03921568627451
0.8,0.05,roulette,scattered,uniform,1,10.137254901960786
0.8,0.05,roulette,scattered,uniform,2,9.980392156862747
0.8,0.05,roulette,scattered,uniform,3,9.509803921568627
0.8,0.05,roulette,scattered,uniform,4,9.254901960784313
0.8,0.05,roulette,scattered,uniform,5,9.705882352941176
0.8,0.05,roulette,scattered,uniform,6,10.019607843137255
0.8,0.05,roulette,scattered,uniform,7,9.372549019607842
0.8,0.05,roulette,scattered,uniform,8,9.705882352941176
0.8,0.05,roulette,scattered,uniform,9,9.960784313725489
0.8,0.05,roulette,scattered,uniform,10,9.666666666666666
0.8,0.05,roulette,scattered,block,1,9.254901960784313
0.8,0.05,roulette,scattered,block,2,9.372549019607842
0.8,0.05,roulette,scattered,block,3,12.254901960784315
0.8,0.05,roulette,scattered,block,4,10.450980392156863
0.8,0.05,roulette,scattered,block,5,10.372549019607842
0.8,0.05,roulette,scattered,block,6,11.803921568627452
0.8,0.05,roulette,scattered,block,7,9.294117647058822
0.8,0.05,roulette,scattered,block,8,10.03921568627451
0.8,0.05,roulette,scattered,block,9,10.07843137254902
0.8,0.05,roulette,scattered,block,10,10.627450980392156
0.8,0.05,roulette,scattered,scramble,1,9.254901960784313
0.8,0.05,roulette,scattered,scramble,2,9.666666666666666
0.8,0.05,roulette,scattered,scramble,3,10.117647058823529
0.8,0.05,roulette,scattered,scramble,4,10.196078431372548
0.8,0.05,roulette,scattered,scramble,5,11.137254901960784
0.8,0.05,roulette,scattered,scramble,6,10.196078431372548
0.8,0.05,roulette,scattered,scramble,7,10.33333333333333
0.8,0.05,roulette,scattered,scramble,8,10.019607843137255
0.8,0.05,roulette,scattered,scramble,9,10.07843137254902
0.8,0.05,roulette,scattered,scramble,10,10.117647058823527
0.8,0.05,roulette,scattered,swap,1,9.64705882352941
0.8,0.05,roulette,scattered,swap,2,10.313725490196079
0.8,0.05,roulette,scattered,swap,3,9.941176470588236
0.8,0.05,roulette,scattered,swap,4,10.686274509803921
0.8,0.05,roulette,scattered,swap,5,9.254901960784313
0.8,0.05,roulette,scattered,swap,6,9.294117647058822
0.8,0.05,roulette,scattered,swap,7,9.294117647058824
0.8,0.05,roulette,scattered,swap,8,9.294117647058824
0.8,0.05,roulette,scattered,swap,9,9.64705882352941
0.8,0.05,roulette,scattered,swap,10,9.72549019607843
0.8,0.05,roulette,scattered,frequency,1,10.333333333333332
0.8,0.05,roulette,scattered,frequency,2,10.215686274509801
0.8,0.05,roulette,scattered,frequency,3,10.215686274509803
0.8,0.05,roulette,scattered,frequency,4,9.254901960784313
0.8,0.05,roulette,scattered,frequency,5,9.705882352941176
0.8,0.05,roulette,scattered,frequency,6,10.117647058823527
0.8,0.05,roulette,scattered,frequency,7,9.64705882352941
0.8,0.05,roulette,scattered,frequency,8,9.823529411764705
0.8,0.05,roulette,scattered,frequency,9,9.294117647058822
0.8,0.05,roulette,scattered,frequency,10,9.254901960784313
0.8,0.05,roulette,singlepoint,uniform,1,9.294117647058824
0.8,0.05,roulette,singlepoint,uniform,2,10.705882352941174
0.8,0.05,roulette,singlepoint,uniform,3,11.333333333333332
0.8,0.05,roulette,singlepoint,uniform,4,10.27450980392157
0.8,0.05,roulette,singlepoint,uniform,5,10.843137254901961
0.8,0.05,roulette,singlepoint,uniform,6,10.19607843137255
0.8,0.05,roulette,singlepoint,uniform,7,9.705882352941174
0.8,0.05,roulette,singlepoint,uniform,8,10.843137254901958
0.8,0.05,roulette,singlepoint,uniform,9,9.76470588235294
0.8,0.05,roulette,singlepoint,uniform,10,12.156862745098039
0.8,0.05,roulette,singlepoint,block,1,13.627450980392155
0.8,0.05,roulette,singlepoint,block,2,10.64705882352941
0.8,0.05,roulette,singlepoint,block,3,9.647058823529411
0.8,0.05,roulette,singlepoint,block,4,11.901960784313726
0.8,0.05,roulette,singlepoint,block,5,12.098039215686274
0.8,0.05,roulette,singlepoint,block,6,12.137254901960787
0.8,0.05,roulette,singlepoint,block,7,10.56862745098039
0.8,0.05,roulette,singlepoint,block,8,11.372549019607842
0.8,0.05,roulette,singlepoint,block,9,11.392156862745097
0.8,0.05,roulette,singlepoint,block,10,11.23529411764706
0.8,0.05,roulette,singlepoint,scramble,1,10.529411764705882
0.8,0.05,roulette,singlepoint,scramble,2,10.117647058823529
0.8,0.05,roulette,singlepoint,scramble,3,11.92156862745098
0.8,0.05,roulette,singlepoint,scramble,4,11.058823529411766
0.8,0.05,roulette,singlepoint,scramble,5,9.784313725490195
0.8,0.05,roulette,singlepoint,scramble,6,9.647058823529411
0.8,0.05,roulette,singlepoint,scramble,7,11.568627450980392
0.8,0.05,roulette,singlepoint,scramble,8,10.529411764705882
0.8,0.05,roulette,singlepoint,scramble,9,11.019607843137253
0.8,0.05,roulette,singlepoint,scramble,10,10.019607843137257
0.8,0.05,roulette,singlepoint,swap,1,10.862745098039216
0.8,0.05,roulette,singlepoint,swap,2,11.098039215686272
0.8,0.05,roulette,singlepoint,swap,3,10.058823529411764
0.8,0.05,roulette,singlepoint,swap,4,12.058823529411764
0.8,0.05,roulette,singlepoint,swap,5,12.235294117647058
0.8,0.05,roulette,singlepoint,swap,6,11.15686274509804
0.8,0.05,roulette,singlepoint,swap,7,10.352941176470589
0.8,0.05,roulette,singlepoint,swap,8,11.0
0.8,0.05,roulette,singlepoint,swap,9,12.294117647058824
0.8,0.05,roulette,singlepoint,swap,10,11.588235294117647
0.8,0.05,roulette,singlepoint,frequency,1,9.254901960784313
0.8,0.05,roulette,singlepoint,frequency,2,12.117647058823529
0.8,0.05,roulette,singlepoint,frequency,3,12.058823529411764
0.8,0.05,roulette,singlepoint,frequency,4,10.509803921568627
0.8,0.05,roulette,singlepoint,frequency,5,9.862745098039214
0.8,0.05,roulette,singlepoint,frequency,6,10.64705882352941
0.8,0.05,roulette,singlepoint,frequency,7,10.529411764705882
0.8,0.05,roulette,singlepoint,frequency,8,9.254901960784313
0.8,0.05,roulette,singlepoint,frequency,9,11.764705882352942
0.8,0.05,roulette,singlepoint,frequency,10,11.07843137254902
0.8,0.05,roulette,twopoint,uniform,1,10.803921568627448
0.8,0.05,roulette,twopoint,uniform,2,11.19607843137255
0.8,0.05,roulette,twopoint,uniform,3,9.76470588235294
0.8,0.05,roulette,twopoint,uniform,4,10.07843137254902
0.8,0.05,roulette,twopoint,uniform,5,10.274509803921566
0.8,0.05,roulette,twopoint,uniform,6,10.07843137254902
0.8,0.05,roulette,twopoint,uniform,7,9.294117647058824
0.8,0.05,roulette,twopoint,uniform,8,10.313725490196079
0.8,0.05,roulette,twopoint,uniform,9,9.254901960784313
0.8,0.05,roulette,twopoint,uniform,10,11.07843137254902
0.8,0.05,roulette,twopoint,block,1,12.196078431372552
0.8,0.05,roulette,twopoint,block,2,10.784313725490195
0.8,0.05,roulette,twopoint,block,3,9.980392156862745
0.8,0.05,roulette,twopoint,block,4,11.117647058823527
0.8,0.05,roulette,twopoint,block,5,11.431372549019606
0.8,0.05,roulette,twopoint,block,6,10.666666666666666
0.8,0.05,roulette,twopoint,block,7,9.254901960784313
0.8,0.05,roulette,twopoint,block,8,9.784313725490197
0.8,0.05,roulette,twopoint,block,9,11.0
0.8,0.05,roulette,twopoint,block,10,11.137254901960787
0.8,0.05,roulette,twopoint,scramble,1,11.294117647058824
0.8,0.05,roulette,twopoint,scramble,2,10.431372549019606
0.8,0.05,roulette,twopoint,scramble,3,9.666666666666666
0.8,0.05,roulette,twopoint,scramble,4,9.666666666666668
0.8,0.05,roulette,twopoint,scramble,5,12.2156862745098
0.8,0.05,roulette,twopoint,scramble,6,10.274509803921568
0.8,0.05,roulette,twopoint,scramble,7,10.76470588235294
0.8,0.05,roulette,twopoint,scramble,8,9.254901960784313
0.8,0.05,roulette,twopoint,scramble,9,12.92156862745098
0.8,0.05,roulette,twopoint,scramble,10,12.88235294117647
0.8,0.05,roulette,twopoint,swap,1,10.509803921568627
0.8,0.05,roulette,twopoint,swap,2,9.294117647058822
0.8,0.05,roulette,twopoint,swap,3,10.607843137254902
0.8,0.05,roulette,twopoint,swap,4,11.56862745098039
0.8,0.05,roulette,twopoint,swap,5,11.274509803921571
0.8,0.05,roulette,twopoint,swap,6,11.294117647058824
0.8,0.05,roulette,twopoint,swap,7,10.450980392156861
0.8,0.05,roulette,twopoint,swap,8,10.745098039215687
0.8,0.05,roulette,twopoint,swap,9,11.235294117647058
0.8,0.05,roulette,twopoint,swap,10,9.823529411764707
0.8,0.05,roulette,twopoint,frequency,1,10.196078431372547
0.8,0.05,roulette,twopoint,frequency,2,9.254901960784313
0.8,0.05,roulette,twopoint,frequency,3,9.64705882352941
0.8,0.05,roulette,twopoint,frequency,4,9.901960784313724
0.8,0.05,roulette,twopoint,frequency,5,10.764705882352942
0.8,0.05,roulette,twopoint,frequency,6,9.980392156862747
0.8,0.05,roulette,twopoint,frequency,7,10.058823529411764
0.8,0.05,roulette,twopoint,frequency,8,10.15686274509804
0.8,0.05,roulette,twopoint,frequency,9,9.294117647058822
0.8,0.05,roulette,twopoint,frequency,10,9.72549019607843
0.8,0.05,tournament,scattered,uniform,1,9.254901960784313
0.8,0.05,tournament,scattered,uniform,2,9.254901960784313
0.8,0.05,tournament,scattered,uniform,3,9.294117647058822
0.8,0.05,tournament,scattered,uniform,4,9.294117647058824
0.8,0.05,tournament,scattered,uniform,5,9.76470588235294
0.8,0.05,tournament,scattered,uniform,6,11.019607843137255
0.8,0.05,tournament,scattered,uniform,7,9.254901960784313
0.8,0.05,tournament,scattered,uniform,8,9.254901960784313
0.8,0.05,tournament,scattered,uniform,9,9.64705882352941
0.8,0.05,tournament,scattered,uniform,10,9.686274509803921
0.8,0.05,tournament,scattered,block,1,9.80392156862745
0.8,0.05,tournament,scattered,block,2,9.294117647058822
0.8,0.05,tournament,scattered,block,3,9.823529411764705
0.8,0.05,tournament,scattered,block,4,9.294117647058822
0.8,0.05,tournament,scattered,block,5,9.254901960784313
0.8,0.05,tournament,scattered,block,6,9.705882352941176
0.8,0.05,tournament,scattered,block,7,9.705882352941178
0.8,0.05,tournament,scattered,block,8,9.705882352941176
0.8,0.05,tournament,scattered,block,9,9.294117647058822
0.8,0.05,tournament,scattered,block,10,9.294117647058824
0.8,0.05,tournament,scattered,scramble,1,9.705882352941176
0.8,0.05,tournament,scattered,scramble,2,9.294117647058824
0.8,0.05,tournament,scattered,scramble,3,9.254901960784313
0.8,0.05,tournament,scattered,scramble,4,9.941176470588234
0.8,0.05,tournament,scattered,scramble,5,9.254901960784313
0.8,0.05,tournament,scattered,scramble,6,9.823529411764707
0.8,0.05,tournament,scattered,scramble,7,9.294117647058822
0.8,0.05,tournament,scattered,scramble,8,10.117647058823529
0.8,0.05,tournament,scattered,scramble,9,9.64705882352941
0.8,0.05,tournament,scattered,scramble,10,9.960784313725489
0.8,0.05,tournament,scattered,swap,1,10.176470588235293
0.8,0.05,tournament,scattered,swap,2,9.254901960784313
0.8,0.05,tournament,scattered,swap,3,9.64705882352941
0.8,0.05,tournament,scattered,swap,4,9.666666666666668
0.8,0.05,tournament,scattered,swap,5,10.784313725490195
0.8,0.05,tournament,scattered,swap,6,10.058823529411764
0.8,0.05,tournament,scattered,swap,7,10.352941176470589
0.8,0.05,tournament,scattered,swap,8,9.666666666666668
0.8,0.05,tournament,scattered,swap,9,9.254901960784313
0.8,0.05,tournament,scattered,swap,10,9.333333333333332
0.8,0.05,tournament,scattered,frequency,1,9.254901960784313
0.8,0.05,tournament,scattered,frequency,2,9.254901960784313
0.8,0.05,tournament,scattered,frequency,3,9.254901960784313
0.8,0.05,tournament,scattered,frequency,4,9.666666666666666
0.8,0.05,tournament,scattered,frequency,5,9.294117647058822
0.8,0.05,tournament,scattered,frequency,6,9.254901960784313
0.8,0.05,tournament,scattered,frequency,7,9.980392156862745
0.8,0.05,tournament,scattered,frequency,8,9.254901960784313
0.8,0.05,tournament,scattered,frequency,9,9.705882352941174
0.8,0.05,tournament,scattered,frequency,10,9.294117647058822
0.8,0.05,tournament,singlepoint,uniform,1,9.294117647058822
0.8,0.05,tournament,singlepoint,uniform,2,9.294117647058824
0.8,0.05,tournament,singlepoint,uniform,3,9.254901960784313
0.8,0.05,tournament,singlepoint,uniform,4,10.294117647058824
0.8,0.05,tournament,singlepoint,uniform,5,9.294117647058822
0.8,0.05,tournament,singlepoint,uniform,6,9.72549019607843
0.8,0.05,tournament,singlepoint,uniform,7,9.254901960784313
0.8,0.05,tournament,singlepoint,uniform,8,10.549019607843139
0.8,0.05,tournament,singlepoint,uniform,9,9.294117647058822
0.8,0.05,tournament,singlepoint,uniform,10,9.705882352941174
0.8,0.05,tournament,singlepoint,block,1,11.058823529411763
0.8,0.05,tournament,singlepoint,block,2,9.686274509803921
0.8,0.05,tournament,singlepoint,block,3,9.686274509803921
0.8,0.05,tournament,singlepoint,block,4,9.509803921568627
0.8,0.05,tournament,singlepoint,block,5,9.705882352941176
0.8,0.05,tournament,singlepoint,block,6,13.68627450980392
0.8,0.05,tournament,singlepoint,block,7,10.980392156862745
0.8,0.05,tournament,singlepoint,block,8,11.098039215686276
0.8,0.05,tournament,singlepoint,block,9,9.254901960784313
0.8,0.05,tournament,singlepoint,block,10,10.686274509803923
0.8,0.05,tournament,singlepoint,scramble,1,9.980392156862745
0.8,0.05,tournament,singlepoint,scramble,2,10.84313725490196
0.8,0.05,tournament,singlepoint,scramble,3,10.725490196078432
0.8,0.05,tournament,singlepoint,scramble,4,9.294117647058822
0.8,0.05,tournament,singlepoint,scramble,5,10.627450980392158
0.8,0.05,tournament,singlepoint,scramble,6,11.07843137254902
0.8,0.05,tournament,singlepoint,scramble,7,11.0
0.8,0.05,tournament,singlepoint,scramble,8,9.705882352941176
0.8,0.05,tournament,singlepoint,scramble,9,10.392156862745097
0.8,0.05,tournament,singlepoint,scramble,10,10.411764705882351
0.8,0.05,tournament,singlepoint,swap,1,11.039215686274511
0.8,0.05,tournament,singlepoint,swap,2,9.823529411764707
0.8,0.05,tournament,singlepoint,swap,3,10.470588235294118
0.8,0.05,tournament,singlepoint,swap,4,9.294117647058824
0.8,0.05,tournament,singlepoint,swap,5,10.058823529411763
0.8,0.05,tournament,singlepoint,swap,6,10.117647058823527
0.8,0.05,tournament,singlepoint,swap,7,10.96078431372549
0.8,0.05,tournament,singlepoint,swap,8,11.07843137254902
0.8,0.05,tournament,singlepoint,swap,9,9.647058823529411
0.8,0.05,tournament,singlepoint,swap,10,9.647058823529411
0.8,0.05,tournament,singlepoint,frequency,1,9.960784313725489
0.8,0.05,tournament,singlepoint,frequency,2,9.705882352941174
0.8,0.05,tournament,singlepoint,frequency,3,10.215686274509801
0.8,0.05,tournament,singlepoint,frequency,4,10.176470588235292
0.8,0.05,tournament,singlepoint,frequency,5,9.705882352941176
0.8,0.05,tournament,singlepoint,frequency,6,9.509803921568627
0.8,0.05,tournament,singlepoint,frequency,7,9.980392156862747
0.8,0.05,tournament,singlepoint,frequency,8,9.647058823529411
0.8,0.05,tournament,singlepoint,frequency,9,9.254901960784313
0.8,0.05,tournament,singlepoint,frequency,10,11.176470588235293
0.8,0.05,tournament,twopoint,uniform,1,9.254901960784313
0.8,0.05,tournament,twopoint,uniform,2,9.666666666666668
0.8,0.05,tournament,twopoint,uniform,3,10.529411764705882
0.8,0.05,tournament,twopoint,uniform,4,9.705882352941174
0.8,0.05,tournament,twopoint,uniform,5,9.72549019607843
0.8,0.05,tournament,twopoint,uniform,6,9.823529411764705
0.8,0.05,tournament,twopoint,uniform,7,9.80392156862745
0.8,0.05,tournament,twopoint,uniform,8,9.823529411764707
0.8,0.05,tournament,twopoint,uniform,9,9.80392156862745
0.8,0.05,tournament,twopoint,uniform,10,9.294117647058822
0.8,0.05,tournament,twopoint,block,1,10.392156862745098
0.8,0.05,tournament,twopoint,block,2,9.705882352941176
0.8,0.05,tournament,twopoint,block,3,9.254901960784313
0.8,0.05,tournament,twopoint,block,4,9.294117647058822
0.8,0.05,tournament,twopoint,block,5,11.235294117647058
0.8,0.05,tournament,twopoint,block,6,9.666666666666668
0.8,0.05,tournament,twopoint,block,7,9.76470588235294
0.8,0.05,tournament,twopoint,block,8,10.647058823529411
0.8,0.05,tournament,twopoint,block,9,10.117647058823527
0.8,0.05,tournament,twopoint,block,10,10.352941176470587
0.8,0.05,tournament,twopoint,scramble,1,10.058823529411763
0.8,0.05,tournament,twopoint,scramble,2,9.705882352941174
0.8,0.05,tournament,twopoint,scramble,3,10.725490196078432
0.8,0.05,tournament,twopoint,scramble,4,10.333333333333332
0.8,0.05,tournament,twopoint,scramble,5,9.294117647058822
0.8,0.05,tournament,twopoint,scramble,6,10.823529411764708
0.8,0.05,tournament,twopoint,scramble,7,10.019607843137255
0.8,0.05,tournament,twopoint,scramble,8,9.80392156862745
0.8,0.05,tournament,twopoint,scramble,9,9.294117647058822
0.8,0.05,tournament,twopoint,scramble,10,9.372549019607842
0.8,0.05,tournament,twopoint,swap,1,9.803921568627448
0.8,0.05,tournament,twopoint,swap,2,10.862745098039214
0.8,0.05,tournament,twopoint,swap,3,10.333333333333332
0.8,0.05,tournament,twopoint,swap,4,9.72549019607843
0.8,0.05,tournament,twopoint,swap,5,10.450980392156863
0.8,0.05,tournament,twopoint,swap,6,9.705882352941174
0.8,0.05,tournament,twopoint,swap,7,9.980392156862745
0.8,0.05,tournament,twopoint,swap,8,10.117647058823529
0.8,0.05,tournament,twopoint,swap,9,10.784313725490193
0.8,0.05,tournament,twopoint,swap,10,9.823529411764707
0.8,0.05,tournament,twopoint,frequency,1,9.254901960784313
0.8,0.05,tournament,twopoint,frequency,2,9.254901960784313
0.8,0.05,tournament,twopoint,frequency,3,9.254901960784313
0.8,0.05,tournament,twopoint,frequency,4,10.862745098039214
0.8,0.05,tournament,twopoint,frequency,5,9.980392156862747
0.8,0.05,tournament,twopoint,frequency,6,9.254901960784313
0.8,0.05,tournament,twopoint,frequency,7,9.254901960784313
0.8,0.05,tournament,twopoint,frequency,8,10.313725490196079
0.8,0.05,tournament,twopoint,frequency,9,9.960784313725489
0.8,0.05,tournament,twopoint,frequency,10,10.117647058823529
0.8,0.1,stochunif,scattered,uniform,1,9.294117647058824
0.8,0.1,stochunif,scattered,uniform,2,9.333333333333332
0.8,0.1,stochunif,scattered,uniform,3,10.705882352941178
0.8,0.1,stochunif,scattered,uniform,4,9.72549019607843
0.8,0.1,stochunif,scattered,uniform,5,10.725490196078432
0.8,0.1,stochunif,scattered,uniform,6,9.254901960784313
0.8,0.1,stochunif,scattered,uniform,7,9.254901960784313
0.8,0.1,stochunif,scattered,uniform,8,9.254901960784313
0.8,0.1,stochunif,scattered,uniform,9,9.254901960784313
0.8,0.1,stochunif,scattered,uniform,10,9.294117647058824
0.8,0.1,stochunif,scattered,block,1,11.56862745098039
0.8,0.1,stochunif,scattered,block,2,10.666666666666668
0.8,0.1,stochunif,scattered,block,3,11.215686274509803
0.8,0.1,stochunif,scattered,block,4,10.058823529411763
0.8,0.1,stochunif,scattered,block,5,9.294117647058822
0.8,0.1,stochunif,scattered,block,6,9.666666666666666
0.8,0.1,stochunif,scattered,block,7,9.980392156862745
0.8,0.1,stochunif,scattered,block,8,9.64705882352941
0.8,0.1,stochunif,scattered,block,9,10.843137254901963
0.8,0.1,stochunif,scattered,block,10,9.980392156862747
0.8,0.1,stochunif,scattered,scramble,1,10.333333333333332
0.8,0.1,stochunif,scattered,scramble,2,9.80392156862745
0.8,0.1,stochunif,scattered,scramble,3,9.294117647058822
0.8,0.1,stochunif,scattered,scramble,4,9.588235294117647
0.8,0.1,stochunif,scattered,scramble,5,11.274509803921568
0.8,0.1,stochunif,scattered,scramble,6,9.862745098039213
0.8,0.1,stochunif,scattered,scramble,7,9.254901960784313
0.8,0.1,stochunif,scattered,scramble,8,10.411764705882353
0.8,0.1,stochunif,scattered,scramble,9,10.019607843137255
0.8,0.1,stochunif,scattered,scramble,10,9.64705882352941
0.8,0.1,stochunif,scattered,swap,1,10.176470588235293
0.8,0.1,stochunif,scattered,swap,2,9.254901960784313
0.8,0.1,stochunif,scattered,swap,3,10.352941176470587
0.8,0.1,stochunif,scattered,swap,4,10.823529411764707
0.8,0.1,stochunif,scattered,swap,5,10.392156862745097
0.8,0.1,stochunif,scattered,swap,6,9.254901960784313
0.8,0.1,stochunif,scattered,swap,7,9.294117647058822
0.8,0.1,stochunif,scattered,swap,8,9.803921568627448
0.8,0.1,stochunif,scattered,swap,9,9.294117647058822
0.8,0.1,stochunif,scattered,swap,10,9.333333333333332
0.8,0.1,stochunif,scattered,frequency,1,9.80392156862745
0.8,0.1,stochunif,scattered,frequency,2,10.058823529411764
0.8,0.1,stochunif,scattered,frequency,3,9.823529411764707
0.8,0.1,stochunif,scattered,frequency,4,10.019607843137255
0.8,0.1,stochunif,scattered,frequency,5,10.666666666666668
0.8,0.1,stochunif,scattered,frequency,6,9.666666666666668
0.8,0.1,stochunif,scattered,frequency,7,10.176470588235292
0.8,0.1,stochunif,scattered,frequency,8,9.294117647058822
0.8,0.1,stochunif,scattered,frequency,9,9.294117647058824
0.8,0.1,stochunif,scattered,frequency,10,10.019607843137255
0.8,0.1,stochunif,singlepoint,uniform,1,10.76470588235294
0.8,0.1,stochunif,singlepoint,uniform,2,10.196078431372548
0.8,0.1,stochunif,singlepoint,uniform,3,9.705882352941178
0.8,0.1,stochunif,singlepoint,uniform,4,9.823529411764705
0.8,0.1,stochunif,singlepoint,uniform,5,9.294117647058822
0.8,0.1,stochunif,singlepoint,uniform,6,9.64705882352941
0.8,0.1,stochunif,singlepoint,uniform,7,10.76470588235294
0.8,0.1,stochunif,singlepoint,uniform,8,9.862745098039214
0.8,0.1,stochunif,singlepoint,uniform,9,9.49019607843137
0.8,0.1,stochunif,singlepoint,uniform,10,11.352941176470587
0.8,0.1,stochunif,singlepoint,block,1,11.431372549019606
0.8,0.1,stochunif,singlepoint,block,2,10.431372549019605
0.8,0.1,stochunif,singlepoint,block,3,9.509803921568627
0.8,0.1,stochunif,singlepoint,block,4,9.92156862745098
0.8,0.1,stochunif,singlepoint,block,5,11.80392156862745
0.8,0.1,stochunif,singlepoint,block,6,11.450980392156863
0.8,0.1,stochunif,singlepoint,block,7,10.50980392156863
0.8,0.1,stochunif,singlepoint,block,8,12.470588235294116
0.8,0.1,stochunif,singlepoint,block,9,10.176470588235293
0.8,0.1,stochunif,singlepoint,block,10,11.921568627450979
0.8,0.1,stochunif,singlepoint,scramble,1,10.843137254901961
0.8,0.1,stochunif,singlepoint,scramble,2,9.64705882352941
0.8,0.1,stochunif,singlepoint,scramble,3,9.745098039215685
0.8,0.1,stochunif,singlepoint,scramble,4,11.745098039215685
0.8,0.1,stochunif,singlepoint,scramble,5,10.019607843137255
0.8,0.1,stochunif,singlepoint,scramble,6,10.941176470588236
0.8,0.1,stochunif,singlepoint,scramble,7,10.901960784313724
0.8,0.1,stochunif,singlepoint,scramble,8,10.941176470588236
0.8,0.1,stochunif,singlepoint,scramble,9,11.254901960784315
0.8,0.1,stochunif,singlepoint,scramble,10,11.431372549019608
0.8,0.1,stochunif,singlepoint,swap,1,12.215686274509805
0.8,0.1,stochunif,singlepoint,swap,2,11.999999999999998
0.8,0.1,stochunif,singlepoint,swap,3,9.960784313725489
0.8,0.1,stochunif,singlepoint,swap,4,9.52941176470588
0.8,0.1,stochunif,singlepoint,swap,5,10.450980392156861
0.8,0.1,stochunif,singlepoint,swap,6,9.254901960784313
0.8,0.1,stochunif,singlepoint,swap,7,12.176470588235293
0.8,0.1,stochunif,singlepoint,swap,8,10.686274509803921
0.8,0.1,stochunif,singlepoint,swap,9,11.470588235294116
0.8,0.1,stochunif,singlepoint,swap,10,10.196078431372548
0.8,0.1,stochunif,singlepoint,frequency,1,10.431372549019606
0.8,0.1,stochunif,singlepoint,frequency,2,9.333333333333332
0.8,0.1,stochunif,singlepoint,frequency,3,9.254901960784313
0.8,0.1,stochunif,singlepoint,frequency,4,10.627450980392155
0.8,0.1,stochunif,singlepoint,frequency,5,10.333333333333332
0.8,0.1,stochunif,singlepoint,frequency,6,9.80392156862745
0.8,0.1,stochunif,singlepoint,frequency,7,9.294117647058822
0.8,0.1,stochunif,singlepoint,frequency,8,10.196078431372547
0.8,0.1,stochunif,singlepoint,frequency,9,11.0
0.8,0.1,stochunif,singlepoint,frequency,10,9.980392156862745
0.8,0.1,stochunif,twopoint,uniform,1,10.23529411764706
0.8,0.1,stochunif,twopoint,uniform,2,10.549019607843137
0.8,0.1,stochunif,twopoint,uniform,3,9.372549019607842
0.8,0.1,stochunif,twopoint,uniform,4,9.88235294117647
0.8,0.1,stochunif,twopoint,uniform,5,10.588235294117647
0.8,0.1,stochunif,twopoint,uniform,6,10.27450980392157
0.8,0.1,stochunif,twopoint,uniform,7,9.901960784313724
0.8,0.1,stochunif,twopoint,uniform,8,9.705882352941176
0.8,0.1,stochunif,twopoint,uniform,9,10.862745098039213
0.8,0.1,stochunif,twopoint,uniform,10,9.980392156862745
0.8,0.1,stochunif,twopoint,block,1,11.07843137254902
0.8,0.1,stochunif,twopoint,block,2,10.196078431372548
0.8,0.1,stochunif,twopoint,block,3,9.254901960784313
0.8,0.1,stochunif,twopoint,block,4,10.352941176470587
0.8,0.1,stochunif,twopoint,block,5,9.980392156862747
0.8,0.1,stochunif,twopoint,block,6,11.784313725490195
0.8,0.1,stochunif,twopoint,block,7,10.156862745098037
0.8,0.1,stochunif,twopoint,block,8,9.823529411764707
0.8,0.1,stochunif,twopoint,block,9,11.07843137254902
0.8,0.1,stochunif,twopoint,block,10,10.333333333333332
0.8,0.1,stochunif,twopoint,scramble,1,12.019607843137255
0.8,0.1,stochunif,twopoint,scramble,2,11.431372549019606
0.8,0.1,stochunif,twopoint,scramble,3,11.156862745098039
0.8,0.1,stochunif,twopoint,scramble,4,10.72549019607843
0.8,0.1,stochunif,twopoint,scramble,5,11.392156862745097
0.8,0.1,stochunif,twopoint,scramble,6,10.686274509803921
0.8,0.1,stochunif,twopoint,scramble,7,10.80392156862745
0.8,0.1,stochunif,twopoint,scramble,8,10.019607843137253
0.8,0.1,stochunif,twopoint,scramble,9,10.333333333333332
0.8,0.1,stochunif,twopoint,scramble,10,11.137254901960786
0.8,0.1,stochunif,twopoint,swap,1,10.235294117647058
0.8,0.1,stochunif,twopoint,swap,2,12.117647058823529
0.8,0.1,stochunif,twopoint,swap,3,9.666666666666668
0.8,0.1,stochunif,twopoint,swap,4,11.647058823529411
0.8,0.1,stochunif,twopoint,swap,5,10.313725490196079
0.8,0.1,stochunif,twopoint,swap,6,10.058823529411763
0.8,0.1,stochunif,twopoint,swap,7,9.960784313725489
0.8,0.1,stochunif,twopoint,swap,8,11.03921568627451
0.8,0.1,stochunif,twopoint,swap,9,9.254901960784313
0.8,0.1,stochunif,twopoint,swap,10,11.137254901960782
0.8,0.1,stochunif,twopoint,frequency,1,9.254901960784313
0.8,0.1,stochunif,twopoint,frequency,2,10.333333333333332
0.8,0.1,stochunif,twopoint,frequency,3,9.294117647058822
0.8,0.1,stochunif,twopoint,frequency,4,9.76470588235294
0.8,0.1,stochunif,twopoint,frequency,5,9.294117647058824
0.8,0.1,stochunif,twopoint,frequency,6,9.980392156862745
0.8,0.1,stochunif,twopoint,frequency,7,9.294117647058824
0.8,0.1,stochunif,twopoint,frequency,8,9.372549019607842
0.8,0.1,stochunif,twopoint,frequency,9,10.117647058823529
0.8,0.1,stochunif,twopoint,frequency,10,9.254901960784313
0.8,0.1,roulette,scattered,uniform,1,9.509803921568627
0.8,0.1,roulette,scattered,uniform,2,9.254901960784313
0.8,0.1,roulette,scattered,uniform,3,9.76470588235294
0.8,0.1,roulette,scattered,uniform,4,9.254901960784313
0.8,0.1,roulette,scattered,uniform,5,9.960784313725489
0.8,0.1,roulette,scattered,uniform,6,9.294117647058824
0.8,0.1,roulette,scattered,uniform,7,9.647058823529411
0.8,0.1,roulette,scattered,uniform,8,10.352941176470589
0.8,0.1,roulette,scattered,uniform,9,9.705882352941178
0.8,0.1,roulette,scattered,uniform,10,10.019607843137253
0.8,0.1,roulette,scattered,block,1,10.333333333333332
0.8,0.1,roulette,scattered,block,2,9.294117647058824
0.8,0.1,roulette,scattered,block,3,9.254901960784313
0.8,0.1,roulette,scattered,block,4,9.254901960784313
0.8,0.1,roulette,scattered,block,5,9.294117647058824
0.8,0.1,roulette,scattered,block,6,9.705882352941174
0.8,0.1,roulette,scattered,block,7,9.294117647058824
0.8,0.1,roulette,scattered,block,8,10.862745098039213
0.8,0.1,roulette,scattered,block,9,9.254901960784313
0.8,0.1,roulette,scattered,block,10,10.156862745098037
0.8,0.1,roulette,scattered,scramble,1,9.294117647058824
0.8,0.1,roulette,scattered,scramble,2,10.196078431372547
0.8,0.1,roulette,scattered,scramble,3,9.333333333333332
0.8,0.1,roulette,scattered,scramble,4,10.215686274509801
0.8,0.1,roulette,scattered,scramble,5,11.333333333333332
0.8,0.1,roulette,scattered,scramble,6,10.823529411764707
0.8,0.1,roulette,scattered,scramble,7,9.254901960784313
0.8,0.1,roulette,scattered,scramble,8,9.705882352941174
0.8,0.1,roulette,scattered,scramble,9,10.215686274509801
0.8,0.1,roulette,scattered,scramble,10,10.333333333333332
0.8,0.1,roulette,scattered,swap,1,10.176470588235293
0.8,0.1,roulette,scattered,swap,2,9.254901960784313
0.8,0.1,roulette,scattered,swap,3,10.49019607843137
0.8,0.1,roulette,scattered,swap,4,9.254901960784313
0.8,0.1,roulette,scattered,swap,5,10.725490196078432
0.8,0.1,roulette,scattered,swap,6,9.254901960784313
0.8,0.1,roulette,scattered,swap,7,9.980392156862747
0.8,0.1,roulette,scattered,swap,8,10.745098039215685
0.8,0.1,roulette,scattered,swap,9,9.254901960784313
0.8,0.1,roulette,scattered,swap,10,9.823529411764705
0.8,0.1,roulette,scattered,frequency,1,9.294117647058822
0.8,0.1,roulette,scattered,frequency,2,10.294117647058824
0.8,0.1,roulette,scattered,frequency,3,9.705882352941174
0.8,0.1,roulette,scattered,frequency,4,10.921568627450979
0.8,0.1,roulette,scattered,frequency,5,9.705882352941176
0.8,0.1,roulette,scattered,frequency,6,9.254901960784313
0.8,0.1,roulette,scattered,frequency,7,9.294117647058824
0.8,0.1,roulette,scattered,frequency,8,11.000000000000002
0.8,0.1,roulette,scattered,frequency,9,9.647058823529411
0.8,0.1,roulette,scattered,frequency,10,9.64705882352941
0.8,0.1,roulette,singlepoint,uniform,1,10.823529411764705
0.8,0.1,roulette,singlepoint,uniform,2,10.07843137254902
0.8,0.1,roulette,singlepoint,uniform,3,10.117647058823527
0.8,0.1,roulette,singlepoint,uniform,4,10.92156862745098
0.8,0.1,roulette,singlepoint,uniform,5,10.07843137254902
0.8,0.1,roulette,singlepoint,uniform,6,9.960784313725489
0.8,0.1,roulette,singlepoint,uniform,7,9.980392156862747
0.8,0.1,roulette,singlepoint,uniform,8,11.058823529411766
0.8,0.1,roulette,singlepoint,uniform,9,10.352941176470587
0.8,0.1,roulette,singlepoint,uniform,10,11.137254901960784
0.8,0.1,roulette,singlepoint,block,1,10.196078431372548
0.8,0.1,roulette,singlepoint,block,2,10.019607843137253
0.8,0.1,roulette,singlepoint,block,3,10.627450980392156
0.8,0.1,roulette,singlepoint,block,4,13.431372549019606
0.8,0.1,roulette,singlepoint,block,5,12.764705882352942
0.8,0.1,roulette,singlepoint,block,6,11.803921568627452
0.8,0.1,roulette,singlepoint,block,7,10.196078431372548
0.8,0.1,roulette,singlepoint,block,8,11.196078431372548
0.8,0.1,roulette,singlepoint,block,9,12.745098039215684
0.8,0.1,roulette,singlepoint,block,10,10.607843137254902
0.8,0.1,roulette,singlepoint,scramble,1,11.705882352941176
0.8,0.1,roulette,singlepoint,scramble,2,10.117647058823527
0.8,0.1,roulette,singlepoint,scramble,3,10.0
0.8,0.1,roulette,singlepoint,scramble,4,9.901960784313724
0.8,0.1,roulette,singlepoint,scramble,5,9.76470588235294
0.8,0.1,roulette,singlepoint,scramble,6,11.098039215686274
0.8,0.1,roulette,singlepoint,scramble,7,11.80392156862745
0.8,0.1,roulette,singlepoint,scramble,8,11.313725490196077
0.8,0.1,roulette,singlepoint,scramble,9,10.882352941176471
0.8,0.1,roulette,singlepoint,scramble,10,10.764705882352942
0.8,0.1,roulette,singlepoint,swap,1,9.823529411764705
0.8,0.1,roulette,singlepoint,swap,2,11.607843137254902
0.8,0.1,roulette,singlepoint,swap,3,12.117647058823529
0.8,0.1,roulette,singlepoint,swap,4,11.176470588235292
0.8,0.1,roulette,singlepoint,swap,5,9.745098039215687
0.8,0.1,roulette,singlepoint,swap,6,10.999999999999998
0.8,0.1,roulette,singlepoint,swap,7,12.215686274509805
0.8,0.1,roulette,singlepoint,swap,8,12.588235294117649
0.8,0.1,roulette,singlepoint,swap,9,13.235294117647056
0.8,0.1,roulette,singlepoint,swap,10,10.03921568627451
0.8,0.1,roulette,singlepoint,frequency,1,9.294117647058822
0.8,0.1,roulette,singlepoint,frequency,2,10.450980392156863
0.8,0.1,roulette,singlepoint,frequency,3,9.941176470588234
0.8,0.1,roulette,singlepoint,frequency,4,10.745098039215685
0.8,0.1,roulette,singlepoint,frequency,5,10.980392156862747
0.8,0.1,roulette,singlepoint,frequency,6,10.568627450980392
0.8,0.1,roulette,singlepoint,frequency,7,9.254901960784313
0.8,0.1,roulette,singlepoint,frequency,8,10.882352941176473
0.8,0.1,roulette,singlepoint,frequency,9,9.823529411764705
0.8,0.1,roulette,singlepoint,frequency,10,11.137254901960786
0.8,0.1,roulette,twopoint,uniform,1,9.823529411764705
0.8,0.1,roulette,twopoint,uniform,2,9.254901960784313
0.8,0.1,roulette,twopoint,uniform,3,9.76470588235294
0.8,0.1,roulette,twopoint,uniform,4,9.254901960784313
0.8,0.1,roulette,twopoint,uniform,5,9.862745098039214
0.8,0.1,roulette,twopoint,uniform,6,10.823529411764707
0.8,0.1,roulette,twopoint,uniform,7,10.058823529411764
0.8,0.1,roulette,twopoint,uniform,8,10.058823529411764
0.8,0.1,roulette,twopoint,uniform,9,10.529411764705882
0.8,0.1,roulette,twopoint,uniform,10,9.823529411764705
0.8,0.1,roulette,twopoint,block,1,11.411764705882353
0.8,0.1,roulette,twopoint,block,2,12.764705882352942
0.8,0.1,roulette,twopoint,block,3,10.098039215686274
0.8,0.1,roulette,twopoint,block,4,9.647058823529411
0.8,0.1,roulette,twopoint,block,5,10.52941176470588
0.8,0.1,roulette,twopoint,block,6,11.725490196078432
0.8,0.1,roulette,twopoint,block,7,10.117647058823529
0.8,0.1,roulette,twopoint,block,8,9.64705882352941
0.8,0.1,roulette,twopoint,block,9,10.568627450980392
0.8,0.1,roulette,twopoint,block,10,9.333333333333332
0.8,0.1,roulette,twopoint,scramble,1,10.03921568627451
0.8,0.1,roulette,twopoint,scramble,2,10.92156862745098
0.8,0.1,roulette,twopoint,scramble,3,9.92156862745098
0.8,0.1,roulette,twopoint,scramble,4,11.705882352941174
0.8,0.1,roulette,twopoint,scramble,5,10.431372549019606
0.8,0.1,roulette,twopoint,scramble,6,9.705882352941176
0.8,0.1,roulette,twopoint,scramble,7,10.196078431372548
0.8,0.1,roulette,twopoint,scramble,8,10.823529411764705
0.8,0.1,roulette,twopoint,scramble,9,10.549019607843137
0.8,0.1,roulette,twopoint,scramble,10,9.784313725490195
0.8,0.1,roulette,twopoint,swap,1,11.882352941176471
0.8,0.1,roulette,twopoint,swap,2,11.235294117647058
0.8,0.1,roulette,twopoint,swap,3,10.215686274509801
0.8,0.1,roulette,twopoint,swap,4,11.294117647058824
0.8,0.1,roulette,twopoint,swap,5,9.294117647058824
0.8,0.1,roulette,twopoint,swap,6,11.862745098039214
0.8,0.1,roulette,twopoint,swap,7,9.784313725490197
0.8,0.1,roulette,twopoint,swap,8,9.784313725490195
0.8,0.1,roulette,twopoint,swap,9,10.117647058823527
0.8,0.1,roulette,twopoint,swap,10,10.627450980392156
0.8,0.1,roulette,twopoint,frequency,1,9.76470588235294
0.8,0.1,roulette,twopoint,frequency,2,9.686274509803921
0.8,0.1,roulette,twopoint,frequency,3,10.294117647058824
0.8,0.1,roulette,twopoint,frequency,4,9.254901960784313
0.8,0.1,roulette,twopoint,frequency,5,10.470588235294116
0.8,0.1,roulette,twopoint,frequency,6,10.274509803921566
0.8,0.1,roulette,twopoint,frequency,7,10.098039215686272
0.8,0.1,roulette,twopoint,frequency,8,10.0
0.8,0.1,roulette,twopoint,frequency,9,9.372549019607844
0.8,0.1,roulette,twopoint,frequency,10,9.705882352941176
0.8,0.1,tournament,scattered,uniform,1,9.294117647058824
0.8,0.1,tournament,scattered,uniform,2,9.254901960784313
0.8,0.1,tournament,scattered,uniform,3,9.254901960784313
0.8,0.1,tournament,scattered,uniform,4,9.254901960784313
0.8,0.1,tournament,scattered,uniform,5,9.64705882352941
0.8,0.1,tournament,scattered,uniform,6,9.64705882352941
0.8,0.1,tournament,scattered,uniform,7,9.254901960784313
0.8,0.1,tournament,scattered,uniform,8,9.294117647058822
0.8,0.1,tournament,scattered,uniform,9,9.705882352941174
0.8,0.1,tournament,scattered,uniform,10,9.294117647058824
0.8,0.1,tournament,scattered,block,1,9.254901960784313
0.8,0.1,tournament,scattered,block,2,9.705882352941174
0.8,0.1,tournament,scattered,block,3,9.294117647058822
0.8,0.1,tournament,scattered,block,4,10.313725490196079
0.8,0.1,tournament,scattered,block,5,9.294117647058822
0.8,0.1,tournament,scattered,block,6,9.254901960784313
0.8,0.1,tournament,scattered,block,7,9.294117647058824
0.8,0.1,tournament,scattered,block,8,9.294117647058824
0.8,0.1,tournament,scattered,block,9,9.294117647058824
0.8,0.1,tournament,scattered,block,10,9.294117647058822
0.8,0.1,tournament,scattered,scramble,1,10.058823529411763
0.8,0.1,tournament,scattered,scramble,2,9.254901960784313
0.8,0.1,tournament,scattered,scramble,3,9.294117647058824
0.8,0.1,tournament,scattered,scramble,4,9.294117647058822
0.8,0.1,tournament,scattered,scramble,5,9.294117647058824
0.8,0.1,tournament,scattered,scramble,6,9.294117647058822
0.8,0.1,tournament,scattered,scramble,7,10.03921568627451
0.8,0.1,tournament,scattered,scramble,8,9.294117647058824
0.8,0.1,tournament,scattered,scramble,9,9.294117647058822
0.8,0.1,tournament,scattered,scramble,10,9.254901960784313
0.8,0.1,tournament,scattered,swap,1,9.294117647058822
0.8,0.1,tournament,scattered,swap,2,9.254901960784313
0.8,0.1,tournament,scattered,swap,3,9.803921568627448
0.8,0.1,tournament,scattered,swap,4,9.254901960784313
0.8,0.1,tournament,scattered,swap,5,9.76470588235294
0.8,0.1,tournament,scattered,swap,6,10.666666666666668
0.8,0.1,tournament,scattered,swap,7,9.647058823529411
0.8,0.1,tournament,scattered,swap,8,9.254901960784313
0.8,0.1,tournament,scattered,swap,9,9.294117647058822
0.8,0.1,tournament,scattered,swap,10,9.509803921568627
0.8,0.1,tournament,scattered,frequency,1,9.254901960784313
0.8,0.1,tournament,scattered,frequency,2,9.294117647058824
0.8,0.1,tournament,scattered,frequency,3,9.254901960784313
0.8,0.1,tournament,scattered,frequency,4,9.941176470588234
0.8,0.1,tournament,scattered,frequency,5,9.254901960784313
0.8,0.1,tournament,scattered,frequency,6,9.294117647058822
0.8,0.1,tournament,scattered,frequency,7,9.294117647058822
0.8,0.1,tournament,scattered,frequency,8,9.294117647058824
0.8,0.1,tournament,scattered,frequency,9,9.254901960784313
0.8,0.1,tournament,scattered,frequency,10,9.294117647058822
0.8,0.1,tournament,singlepoint,uniform,1,9.294117647058822
0.8,0.1,tournament,singlepoint,uniform,2,9.294117647058822
0.8,0.1,tournament,singlepoint,uniform,3,9.254901960784313
0.8,0.1,tournament,singlepoint,uniform,4,9.254901960784313
0.8,0.1,tournament,singlepoint,uniform,5,9.333333333333332
0.8,0.1,tournament,singlepoint,uniform,6,9.705882352941174
0.8,0.1,tournament,singlepoint,uniform,7,9.254901960784313
0.8,0.1,tournament,singlepoint,uniform,8,10.333333333333332
0.8,0.1,tournament,singlepoint,uniform,9,9.254901960784313
0.8,0.1,tournament,singlepoint,uniform,10,9.941176470588236
0.8,0.1,tournament,singlepoint,block,1,11.254901960784313
0.8,0.1,tournament,singlepoint,block,2,10.372549019607844
0.8,0.1,tournament,singlepoint,block,3,11.039215686274511
0.8,0.1,tournament,singlepoint,block,4,11.0
0.8,0.1,tournament,singlepoint,block,5,10.509803921568627
0.8,0.1,tournament,singlepoint,block,6,9.784313725490197
0.8,0.1,tournament,singlepoint,block,7,9.294117647058822
0.8,0.1,tournament,singlepoint,block,8,10.68627450980392
0.8,0.1,tournament,singlepoint,block,9,10.84313725490196
0.8,0.1,tournament,singlepoint,block,10,9.960784313725489
0.8,0.1,tournament,singlepoint,scramble,1,9.862745098039213
0.8,0.1,tournament,singlepoint,scramble,2,9.686274509803921
0.8,0.1,tournament,singlepoint,scramble,3,10.03921568627451
0.8,0.1,tournament,singlepoint,scramble,4,9.254901960784313
0.8,0.1,tournament,singlepoint,scramble,5,10.627450980392156
0.8,0.1,tournament,singlepoint,scramble,6,9.72549019607843
0.8,0.1,tournament,singlepoint,scramble,7,9.294117647058824
0.8,0.1,tournament,singlepoint,scramble,8,9.64705882352941
0.8,0.1,tournament,singlepoint,scramble,9,10.313725490196077
0.8,0.1,tournament,singlepoint,scramble,10,9.254901960784313
0.8,0.1,tournament,singlepoint,swap,1,9.64705882352941
0.8,0.1,tournament,singlepoint,swap,2,9.72549019607843
0.8,0.1,tournament,singlepoint,swap,3,9.823529411764705
0.8,0.1,tournament,singlepoint,swap,4,10.862745098039213
0.8,0.1,tournament,singlepoint,swap,5,10.49019607843137
0.8,0.1,tournament,singlepoint,swap,6,11.137254901960786
0.8,0.1,tournament,singlepoint,swap,7,10.117647058823529
0.8,0.1,tournament,singlepoint,swap,8,9.294117647058822
0.8,0.1,tournament,singlepoint,swap,9,9.509803921568627
0.8,0.1,tournament,singlepoint,swap,10,10.117647058823529
0.8,0.1,tournament,singlepoint,frequency,1,10.784313725490195
0.8,0.1,tournament,singlepoint,frequency,2,9.254901960784313
0.8,0.1,tournament,singlepoint,frequency,3,9.980392156862747
0.8,0.1,tournament,singlepoint,frequency,4,9.64705882352941
0.8,0.1,tournament,singlepoint,frequency,5,9.72549019607843
0.8,0.1,tournament,singlepoint,frequency,6,10.058823529411764
0.8,0.1,tournament,singlepoint,frequency,7,9.294117647058822
0.8,0.1,tournament,singlepoint,frequency,8,10.019607843137253
0.8,0.1,tournament,singlepoint,frequency,9,9.294117647058822
0.8,0.1,tournament,singlepoint,frequency,10,9.254901960784313
0.8,0.1,tournament,twopoint,uniform,1,10.411764705882351
0.8,0.1,tournament,twopoint,uniform,2,9.294117647058824
0.8,0.1,tournament,twopoint,uniform,3,9.333333333333332
0.8,0.1,tournament,twopoint,uniform,4,9.803921568627448
0.8,0.1,tournament,twopoint,uniform,5,10.058823529411763
0.8,0.1,tournament,twopoint,uniform,6,9.705882352941176
0.8,0.1,tournament,twopoint,uniform,7,9.333333333333332
0.8,0.1,tournament,twopoint,uniform,8,9.254901960784313
0.8,0.1,tournament,twopoint,uniform,9,9.254901960784313
0.8,0.1,tournament,twopoint,uniform,10,9.509803921568627
0.8,0.1,tournament,twopoint,block,1,9.705882352941176
0.8,0.1,tournament,twopoint,block,2,10.52941176470588
0.8,0.1,tournament,twopoint,block,3,9.333333333333332
0.8,0.1,tournament,twopoint,block,4,10.862745098039214
0.8,0.1,tournament,twopoint,block,5,10.450980392156863
0.8,0.1,tournament,twopoint,block,6,9.294117647058822
0.8,0.1,tournament,twopoint,block,7,10.15686274509804
0.8,0.1,tournament,twopoint,block,8,9.254901960784313
0.8,0.1,tournament,twopoint,block,9,9.666666666666666
0.8,0.1,tournament,twopoint,block,10,10.823529411764705
0.8,0.1,tournament,twopoint,scramble,1,9.666666666666668
0.8,0.1,tournament,twopoint,scramble,2,11.137254901960784
0.8,0.1,tournament,twopoint,scramble,3,9.64705882352941
0.8,0.1,tournament,twopoint,scramble,4,9.254901960784313
0.8,0.1,tournament,twopoint,scramble,5,9.76470588235294
0.8,0.1,tournament,twopoint,scramble,6,9.254901960784313
0.8,0.1,tournament,twopoint,scramble,7,9.823529411764707
0.8,0.1,tournament,twopoint,scramble,8,9.705882352941174
0.8,0.1,tournament,twopoint,scramble,9,10.72549019607843
0.8,0.1,tournament,twopoint,scramble,10,11.68627450980392
0.8,0.1,tournament,twopoint,swap,1,9.254901960784313
0.8,0.1,tournament,twopoint,swap,2,12.07843137254902
0.8,0.1,tournament,twopoint,swap,3,9.666666666666668
0.8,0.1,tournament,twopoint,swap,4,10.19607843137255
0.8,0.1,tournament,twopoint,swap,5,9.294117647058822
0.8,0.1,tournament,twopoint,swap,6,9.294117647058822
0.8,0.1,tournament,twopoint,swap,7,9.80392156862745
0.8,0.1,tournament,twopoint,swap,8,10.627450980392155
0.8,0.1,tournament,twopoint,swap,9,9.294117647058822
0.8,0.1,tournament,twopoint,swap,10,10.03921568627451
0.8,0.1,tournament,twopoint,frequency,1,10.647058823529411
0.8,0.1,tournament,twopoint,frequency,2,9.294117647058822
0.8,0.1,tournament,twopoint,frequency,3,9.705882352941174
0.8,0.1,tournament,twopoint,frequency,4,9.254901960784313
0.8,0.1,tournament,twopoint,frequency,5,9.254901960784313
0.8,0.1,tournament,twopoint,frequency,6,9.254901960784313
0.8,0.1,tournament,twopoint,frequency,7,9.254901960784313
0.8,0.1,tournament,twopoint,frequency,8,9.294117647058822
0.8,0.1,tournament,twopoint,frequency,9,9.254901960784313
0.8,0.1,tournament,twopoint,frequency,10,9.254901960784313
0.8,0.2,stochunif,scattered,uniform,1,10.117647058823527
0.8,0.2,stochunif,scattered,uniform,2,10.372549019607844
0.8,0.2,stochunif,scattered,uniform,3,9.254901960784313
0.8,0.2,stochunif,scattered,uniform,4,9.960784313725489
0.8,0.2,stochunif,scattered,uniform,5,9.509803921568627
0.8,0.2,stochunif,scattered,uniform,6,9.294117647058824
0.8,0.2,stochunif,scattered,uniform,7,9.294117647058824
0.8,0.2,stochunif,scattered,uniform,8,10.72549019607843
0.8,0.2,stochunif,scattered,uniform,9,9.254901960784313
0.8,0.2,stochunif,scattered,uniform,10,9.705882352941176
0.8,0.2,stochunif,scattered,block,1,10.27450980392157
0.8,0.2,stochunif,scattered,block,2,10.019607843137253
0.8,0.2,stochunif,scattered,block,3,10.058823529411763
0.8,0.2,stochunif,scattered,block,4,10.411764705882353
0.8,0.2,stochunif,scattered,block,5,9.666666666666668
0.8,0.2,stochunif,scattered,block,6,10.058823529411764
0.8,0.2,stochunif,scattered,block,7,9.294117647058824
0.8,0.2,stochunif,scattered,block,8,10.450980392156863
0.8,0.2,stochunif,scattered,block,9,9.254901960784313
0.8,0.2,stochunif,scattered,block,10,9.254901960784313
0.8,0.2,stochunif,scattered,scramble,1,10.627450980392156
0.8,0.2,stochunif,scattered,scramble,2,10.019607843137255
0.8,0.2,stochunif,scattered,scramble,3,10.372549019607844
0.8,0.2,stochunif,scattered,scramble,4,9.705882352941176
0.8,0.2,stochunif,scattered,scramble,5,9.254901960784313
0.8,0.2,stochunif,scattered,scramble,6,11.450980392156865
0.8,0.2,stochunif,scattered,scramble,7,9.980392156862745
0.8,0.2,stochunif,scattered,scramble,8,9.254901960784313
0.8,0.2,stochunif,scattered,scramble,9,9.254901960784313
0.8,0.2,stochunif,scattered,scramble,10,9.705882352941174
0.8,0.2,stochunif,scattered,swap,1,9.705882352941174
0.8,0.2,stochunif,scattered,swap,2,10.11764705882353
0.8,0.2,stochunif,scattered,swap,3,9.254901960784313
0.8,0.2,stochunif,scattered,swap,4,9.254901960784313
0.8,0.2,stochunif,scattered,swap,5,9.666666666666668
0.8,0.2,stochunif,scattered,swap,6,9.254901960784313
0.8,0.2,stochunif,scattered,swap,7,9.372549019607842
0.8,0.2,stochunif,scattered,swap,8,9.705882352941176
0.8,0.2,stochunif,scattered,swap,9,9.294117647058822
0.8,0.2,stochunif,scattered,swap,10,9.294117647058824
0.8,0.2,stochunif,scattered,frequency,1,9.333333333333332
0.8,0.2,stochunif,scattered,frequency,2,9.49019607843137
0.8,0.2,stochunif,scattered,frequency,3,9.254901960784313
0.8,0.2,stochunif,scattered,frequency,4,9.705882352941176
0.8,0.2,stochunif,scattered,frequency,5,9.294117647058822
0.8,0.2,stochunif,scattered,frequency,6,9.294117647058824
0.8,0.2,stochunif,scattered,frequency,7,9.372549019607844
0.8,0.2,stochunif,scattered,frequency,8,9.64705882352941
0.8,0.2,stochunif,scattered,frequency,9,9.941176470588234
0.8,0.2,stochunif,scattered,frequency,10,9.254901960784313
0.8,0.2,stochunif,singlepoint,uniform,1,9.294117647058824
0.8,0.2,stochunif,singlepoint,uniform,2,9.49019607843137
0.8,0.2,stochunif,singlepoint,uniform,3,10.07843137254902
0.8,0.2,stochunif,singlepoint,uniform,4,9.96078431372549
0.8,0.2,stochunif,singlepoint,uniform,5,9.705882352941174
0.8,0.2,stochunif,singlepoint,uniform,6,10.862745098039216
0.8,0.2,stochunif,singlepoint,uniform,7,11.215686274509803
0.8,0.2,stochunif,singlepoint,uniform,8,12.156862745098039
0.8,0.2,stochunif,singlepoint,uniform,9,11.999999999999998
0.8,0.2,stochunif,singlepoint,uniform,10,9.76470588235294
0.8,0.2,stochunif,singlepoint,block,1,9.823529411764705
0.8,0.2,stochunif,singlepoint,block,2,12.274509803921566
0.8,0.2,stochunif,singlepoint,block,3,11.117647058823527
0.8,0.2,stochunif,singlepoint,block,4,11.098039215686276
0.8,0.2,stochunif,singlepoint,block,5,10.529411764705884
0.8,0.2,stochunif,singlepoint,block,6,11.254901960784313
0.8,0.2,stochunif,singlepoint,block,7,10.333333333333332
0.8,0.2,stochunif,singlepoint,block,8,11.294117647058824
0.8,0.2,stochunif,singlepoint,block,9,10.333333333333332
0.8,0.2,stochunif,singlepoint,block,10,10.68627450980392
0.8,0.2,stochunif,singlepoint,scramble,1,11.058823529411766
0.8,0.2,stochunif,singlepoint,scramble,2,11.176470588235295
0.8,0.2,stochunif,singlepoint,scramble,3,9.372549019607844
0.8,0.2,stochunif,singlepoint,scramble,4,12.15686274509804
0.8,0.2,stochunif,singlepoint,scramble,5,12.098039215686274
0.8,0.2,stochunif,singlepoint,scramble,6,10.980392156862745
0.8,0.2,stochunif,singlepoint,scramble,7,13.372549019607844
0.8,0.2,stochunif,singlepoint,scramble,8,12.372549019607842
0.8,0.2,stochunif,singlepoint,scramble,9,9.254901960784313
0.8,0.2,stochunif,singlepoint,scramble,10,11.294117647058824
0.8,0.2,stochunif,singlepoint,swap,1,12.313725490196079
0.8,0.2,stochunif,singlepoint,swap,2,9.705882352941178
0.8,0.2,stochunif,singlepoint,swap,3,11.686274509803921
0.8,0.2,stochunif,singlepoint,swap,4,10.627450980392155
0.8,0.2,stochunif,singlepoint,swap,5,10.764705882352942
0.8,0.2,stochunif,singlepoint,swap,6,9.980392156862745
0.8,0.2,stochunif,singlepoint,swap,7,10.117647058823529
0.8,0.2,stochunif,singlepoint,swap,8,10.117647058823529
0.8,0.2,stochunif,singlepoint,swap,9,11.764705882352944
0.8,0.2,stochunif,singlepoint,swap,10,10.764705882352942
0.8,0.2,stochunif,singlepoint,frequency,1,10.352941176470587
0.8,0.2,stochunif,singlepoint,frequency,2,9.333333333333332
0.8,0.2,stochunif,singlepoint,frequency,3,10.372549019607842
0.8,0.2,stochunif,singlepoint,frequency,4,9.784313725490195
0.8,0.2,stochunif,singlepoint,frequency,5,9.254901960784313
0.8,0.2,stochunif,singlepoint,frequency,6,10.941176470588236
0.8,0.2,stochunif,singlepoint,frequency,7,9.64705882352941
0.8,0.2,stochunif,singlepoint,frequency,8,10.058823529411764
0.8,0.2,stochunif,singlepoint,frequency,9,10.11764705882353
0.8,0.2,stochunif,singlepoint,frequency,10,10.137254901960784
0.8,0.2,stochunif,twopoint,uniform,1,10.019607843137255
0.8,0.2,stochunif,twopoint,uniform,2,10.03921568627451
0.8,0.2,stochunif,twopoint,uniform,3,10.66666666666667
0.8,0.2,stochunif,twopoint,uniform,4,10.019607843137253
0.8,0.2,stochunif,twopoint,uniform,5,9.372549019607844
0.8,0.2,stochunif,twopoint,uniform,6,9.294117647058824
0.8,0.2,stochunif,twopoint,uniform,7,9.705882352941174
0.8,0.2,stochunif,twopoint,uniform,8,10.019607843137253
0.8,0.2,stochunif,twopoint,uniform,9,10.450980392156863
0.8,0.2,stochunif,twopoint,uniform,10,10.607843137254903
0.8,0.2,stochunif,twopoint,block,1,10.411764705882351
0.8,0.2,stochunif,twopoint,block,2,9.823529411764705
0.8,0.2,stochunif,twopoint,block,3,10.215686274509801
0.8,0.2,stochunif,twopoint,block,4,9.64705882352941
0.8,0.2,stochunif,twopoint,block,5,9.333333333333332
0.8,0.2,stochunif,twopoint,block,6,9.254901960784313
0.8,0.2,stochunif,twopoint,block,7,10.019607843137253
0.8,0.2,stochunif,twopoint,block,8,10.568627450980392
0.8,0.2,stochunif,twopoint,block,9,10.333333333333332
0.8,0.2,stochunif,twopoint,block,10,9.823529411764705
0.8,0.2,stochunif,twopoint,scramble,1,10.333333333333332
0.8,0.2,stochunif,twopoint,scramble,2,9.784313725490195
0.8,0.2,stochunif,twopoint,scramble,3,11.078431372549018
0.8,0.2,stochunif,twopoint,scramble,4,9.294117647058822
0.8,0.2,stochunif,twopoint,scramble,5,9.76470588235294
0.8,0.2,stochunif,twopoint,scramble,6,9.705882352941176
0.8,0.2,stochunif,twopoint,scramble,7,9.294117647058822
0.8,0.2,stochunif,twopoint,scramble,8,9.705882352941176
0.8,0.2,stochunif,twopoint,scramble,9,9.705882352941174
0.8,0.2,stochunif,twopoint,scramble,10,10.19607843137255
0.8,0.2,stochunif,twopoint,swap,1,10.235294117647058
0.8,0.2,stochunif,twopoint,swap,2,11.058823529411764
0.8,0.2,stochunif,twopoint,swap,3,11.745098039215685
0.8,0.2,stochunif,twopoint,swap,4,10.392156862745097
0.8,0.2,stochunif,twopoint,swap,5,10.686274509803924
0.8,0.2,stochunif,twopoint,swap,6,10.117647058823529
0.8,0.2,stochunif,twopoint,swap,7,9.745098039215685
0.8,0.2,stochunif,twopoint,swap,8,10.705882352941178
0.8,0.2,stochunif,twopoint,swap,9,10.372549019607844
0.8,0.2,stochunif,twopoint,swap,10,9.254901960784313
0.8,0.2,stochunif,twopoint,frequency,1,10.215686274509803
0.8,0.2,stochunif,twopoint,frequency,2,10.372549019607844
0.8,0.2,stochunif,twopoint,frequency,3,9.254901960784313
0.8,0.2,stochunif,twopoint,frequency,4,9.254901960784313
0.8,0.2,stochunif,twopoint,frequency,5,9.980392156862747
0.8,0.2,stochunif,twopoint,frequency,6,10.176470588235293
0.8,0.2,stochunif,twopoint,frequency,7,9.294117647058822
0.8,0.2,stochunif,twopoint,frequency,8,9.294117647058822
0.8,0.2,stochunif,twopoint,frequency,9,10.725490196078432
0.8,0.2,stochunif,twopoint,frequency,10,9.705882352941178
0.8,0.2,roulette,scattered,uniform,1,9.666666666666668
0.8,0.2,roulette,scattered,uniform,2,10.019607843137253
0.8,0.2,roulette,scattered,uniform,3,9.254901960784313
0.8,0.2,roulette,scattered,uniform,4,10.019607843137255
0.8,0.2,roulette,scattered,uniform,5,10.03921568627451
0.8,0.2,roulette,scattered,uniform,6,9.980392156862747
0.8,0.2,roulette,scattered,uniform,7,9.254901960784313
0.8,0.2,roulette,scattered,uniform,8,9.823529411764707
0.8,0.2,roulette,scattered,uniform,9,9.960784313725489
0.8,0.2,roulette,scattered,uniform,10,9.294117647058822
0.8,0.2,roulette,scattered,block,1,10.019607843137255
0.8,0.2,roulette,scattered,block,2,10.058823529411764
0.8,0.2,roulette,scattered,block,3,9.705882352941174
0.8,0.2,roulette,scattered,block,4,11.372549019607842
0.8,0.2,roulette,scattered,block,5,10.705882352941176
0.8,0.2,roulette,scattered,block,6,10.64705882352941
0.8,0.2,roulette,scattered,block,7,9.254901960784313
0.8,0.2,roulette,scattered,block,8,9.666666666666668
0.8,0.2,roulette,scattered,block,9,9.294117647058824
0.8,0.2,roulette,scattered,block,10,9.254901960784313
0.8,0.2,roulette,scattered,scramble,1,10.019607843137255
0.8,0.2,roulette,scattered,scramble,2,9.705882352941176
0.8,0.2,roulette,scattered,scramble,3,9.294117647058822
0.8,0.2,roulette,scattered,scramble,4,9.294117647058822
0.8,0.2,roulette,scattered,scramble,5,10.313725490196077
0.8,0.2,roulette,scattered,scramble,6,10.0
0.8,0.2,roulette,scattered,scramble,7,9.333333333333332
0.8,0.2,roulette,scattered,scramble,8,9.294117647058822
0.8,0.2,roulette,scattered,scramble,9,9.666666666666668
0.8,0.2,roulette,scattered,scramble,10,11.725490196078432
0.8,0.2,roulette,scattered,swap,1,9.294117647058824
0.8,0.2,roulette,scattered,swap,2,9.254901960784313
0.8,0.2,roulette,scattered,swap,3,11.137254901960784
0.8,0.2,roulette,scattered,swap,4,9.509803921568627
0.8,0.2,roulette,scattered,swap,5,9.784313725490197
0.8,0.2,roulette,scattered,swap,6,9.254901960784313
0.8,0.2,roulette,scattered,swap,7,9.862745098039213
0.8,0.2,roulette,scattered,swap,8,10.313725490196077
0.8,0.2,roulette,scattered,swap,9,9.64705882352941
0.8,0.2,roulette,scattered,swap,10,9.294117647058822
0.8,0.2,roulette,scattered,frequency,1,9.294117647058822
0.8,0.2,roulette,scattered,frequency,2,9.254901960784313
0.8,0.2,roulette,scattered,frequency,3,9.705882352941174
0.8,0.2,roulette,scattered,frequency,4,9.705882352941174
0.8,0.2,roulette,scattered,frequency,5,9.294117647058824
0.8,0.2,roulette,scattered,frequency,6,9.64705882352941
0.8,0.2,roulette,scattered,frequency,7,9.960784313725489
0.8,0.2,roulette,scattered,frequency,8,9.294117647058822
0.8,0.2,roulette,scattered,frequency,9,10.058823529411764
0.8,0.2,roulette,scattered,frequency,10,10.03921568627451
0.8,0.2,roulette,singlepoint,uniform,1,9.254901960784313
0.8,0.2,roulette,singlepoint,uniform,2,10.686274509803921
0.8,0.2,roulette,singlepoint,uniform,3,9.705882352941176
0.8,0.2,roulette,singlepoint,uniform,4,9.529411764705882
0.8,0.2,roulette,singlepoint,uniform,5,10.352941176470587
0.8,0.2,roulette,singlepoint,uniform,6,10.176470588235292
0.8,0.2,roulette,singlepoint,uniform,7,11.137254901960786
0.8,0.2,roulette,singlepoint,uniform,8,9.294117647058824
0.8,0.2,roulette,singlepoint,uniform,9,9.784313725490195
0.8,0.2,roulette,singlepoint,uniform,10,10.431372549019606
0.8,0.2,roulette,singlepoint,block,1,10.156862745098037
0.8,0.2,roulette,singlepoint,block,2,12.176470588235295
0.8,0.2,roulette,singlepoint,block,3,10.450980392156863
0.8,0.2,roulette,singlepoint,block,4,11.666666666666666
0.8,0.2,roulette,singlepoint,block,5,13.176470588235292
0.8,0.2,roulette,singlepoint,block,6,11.80392156862745
0.8,0.2,roulette,singlepoint,block,7,11.392156862745097
0.8,0.2,roulette,singlepoint,block,8,11.039215686274511
0.8,0.2,roulette,singlepoint,block,9,12.568627450980394
0.8,0.2,roulette,singlepoint,block,10,9.823529411764707
0.8,0.2,roulette,singlepoint,scramble,1,10.0
0.8,0.2,roulette,singlepoint,scramble,2,10.117647058823529
0.8,0.2,roulette,singlepoint,scramble,3,11.50980392156863
0.8,0.2,roulette,singlepoint,scramble,4,9.254901960784313
0.8,0.2,roulette,singlepoint,scramble,5,11.705882352941174
0.8,0.2,roulette,singlepoint,scramble,6,10.058823529411766
0.8,0.2,roulette,singlepoint,scramble,7,9.294117647058822
0.8,0.2,roulette,singlepoint,scramble,8,11.470588235294116
0.8,0.2,roulette,singlepoint,scramble,9,10.901960784313722
0.8,0.2,roulette,singlepoint,scramble,10,11.058823529411764
0.8,0.2,roulette,singlepoint,swap,1,11.803921568627452
0.8,0.2,roulette,singlepoint,swap,2,10.745098039215685
0.8,0.2,roulette,singlepoint,swap,3,9.941176470588236
0.8,0.2,roulette,singlepoint,swap,4,11.235294117647058
0.8,0.2,roulette,singlepoint,swap,5,10.07843137254902
0.8,0.2,roulette,singlepoint,swap,6,11.294117647058822
0.8,0.2,roulette,singlepoint,swap,7,10.07843137254902
0.8,0.2,roulette,singlepoint,swap,8,9.509803921568627
0.8,0.2,roulette,singlepoint,swap,9,11.039215686274508
0.8,0.2,roulette,singlepoint,swap,10,10.627450980392156
0.8,0.2,roulette,singlepoint,frequency,1,9.705882352941174
0.8,0.2,roulette,singlepoint,frequency,2,10.215686274509803
0.8,0.2,roulette,singlepoint,frequency,3,9.372549019607844
0.8,0.2,roulette,singlepoint,frequency,4,10.333333333333332
0.8,0.2,roulette,singlepoint,frequency,5,10.431372549019606
0.8,0.2,roulette,singlepoint,frequency,6,10.019607843137255
0.8,0.2,roulette,singlepoint,frequency,7,10.019607843137255
0.8,0.2,roulette,singlepoint,frequency,8,9.705882352941174
0.8,0.2,roulette,singlepoint,frequency,9,11.901960784313724
0.8,0.2,roulette,singlepoint,frequency,10,9.76470588235294
0.8,0.2,roulette,twopoint,uniform,1,9.254901960784313
0.8,0.2,roulette,twopoint,uniform,2,9.333333333333332
0.8,0.2,roulette,twopoint,uniform,3,9.999999999999998
0.8,0.2,roulette,twopoint,uniform,4,9.294117647058824
0.8,0.2,roulette,twopoint,uniform,5,9.921568627450979
0.8,0.2,roulette,twopoint,uniform,6,9.333333333333332
0.8,0.2,roulette,twopoint,uniform,7,9.254901960784313
0.8,0.2,roulette,twopoint,uniform,8,10.411764705882351
0.8,0.2,roulette,twopoint,uniform,9,9.941176470588234
0.8,0.2,roulette,twopoint,uniform,10,10.215686274509801
0.8,0.2,roulette,twopoint,block,1,10.588235294117647
0.8,0.2,roulette,twopoint,block,2,9.76470588235294
0.8,0.2,roulette,twopoint,block,3,12.529411764705884
0.8,0.2,roulette,twopoint,block,4,13.098039215686272
0.8,0.2,roulette,twopoint,block,5,10.07843137254902
0.8,0.2,roulette,twopoint,block,6,12.254901960784315
0.8,0.2,roulette,twopoint,block,7,11.058823529411766
0.8,0.2,roulette,twopoint,block,8,11.764705882352942
0.8,0.2,roulette,twopoint,block,9,10.352941176470589
0.8,0.2,roulette,twopoint,block,10,11.901960784313724
0.8,0.2,roulette,twopoint,scramble,1,12.03921568627451
0.8,0.2,roulette,twopoint,scramble,2,10.803921568627452
0.8,0.2,roulette,twopoint,scramble,3,9.823529411764705
0.8,0.2,roulette,twopoint,scramble,4,10.862745098039214
0.8,0.2,roulette,twopoint,scramble,5,10.019607843137253
0.8,0.2,roulette,twopoint,scramble,6,11.313725490196076
0.8,0.2,roulette,twopoint,scramble,7,9.666666666666668
0.8,0.2,roulette,twopoint,scramble,8,11.137254901960784
0.8,0.2,roulette,twopoint,scramble,9,9.960784313725489
0.8,0.2,roulette,twopoint,scramble,10,11.588235294117647
0.8,0.2,roulette,twopoint,swap,1,9.784313725490195
0.8,0.2,roulette,twopoint,swap,2,12.058823529411764
0.8,0.2,roulette,twopoint,swap,3,9.686274509803921
0.8,0.2,roulette,twopoint,swap,4,10.862745098039216
0.8,0.2,roulette,twopoint,swap,5,10.627450980392155
0.8,0.2,roulette,twopoint,swap,6,9.254901960784313
0.8,0.2,roulette,twopoint,swap,7,10.117647058823529
0.8,0.2,roulette,twopoint,swap,8,9.666666666666666
0.8,0.2,roulette,twopoint,swap,9,9.647058823529411
0.8,0.2,roulette,twopoint,swap,10,9.823529411764705
0.8,0.2,roulette,twopoint,frequency,1,10.333333333333332
0.8,0.2,roulette,twopoint,frequency,2,9.784313725490195
0.8,0.2,roulette,twopoint,frequency,3,9.64705882352941
0.8,0.2,roulette,twopoint,frequency,4,9.64705882352941
0.8,0.2,roulette,twopoint,frequency,5,9.705882352941176
0.8,0.2,roulette,twopoint,frequency,6,9.666666666666668
0.8,0.2,roulette,twopoint,frequency,7,10.156862745098037
0.8,0.2,roulette,twopoint,frequency,8,10.549019607843137
0.8,0.2,roulette,twopoint,frequency,9,9.294117647058822
0.8,0.2,roulette,twopoint,frequency,10,9.705882352941176
0.8,0.2,tournament,scattered,uniform,1,9.254901960784313
0.8,0.2,tournament,scattered,uniform,2,9.254901960784313
0.8,0.2,tournament,scattered,uniform,3,9.254901960784313
0.8,0.2,tournament,scattered,uniform,4,9.254901960784313
0.8,0.2,tournament,scattered,uniform,5,9.64705882352941
0.8,0.2,tournament,scattered,uniform,6,10.823529411764708
0.8,0.2,tournament,scattered,uniform,7,9.254901960784313
0.8,0.2,tournament,scattered,uniform,8,9.254901960784313
0.8,0.2,tournament,scattered,uniform,9,10.019607843137255
0.8,0.2,tournament,scattered,uniform,10,9.64705882352941
0.8,0.2,tournament,scattered,block,1,9.960784313725489
0.8,0.2,tournament,scattered,block,2,9.705882352941174
0.8,0.2,tournament,scattered,block,3,9.64705882352941
0.8,0.2,tournament,scattered,block,4,9.254901960784313
0.8,0.2,tournament,scattered,block,5,9.254901960784313
0.8,0.2,tournament,scattered,block,6,9.254901960784313
0.8,0.2,tournament,scattered,block,7,9.294117647058822
0.8,0.2,tournament,scattered,block,8,9.294117647058822
0.8,0.2,tournament,scattered,block,9,9.294117647058822
0.8,0.2,tournament,scattered,block,10,10.215686274509803
0.8,0.2,tournament,scattered,scramble,1,9.254901960784313
0.8,0.2,tournament,scattered,scramble,2,10.745098039215687
0.8,0.2,tournament,scattered,scramble,3,9.294117647058822
0.8,0.2,tournament,scattered,scramble,4,9.254901960784313
0.8,0.2,tournament,scattered,scramble,5,9.294117647058822
0.8,0.2,tournament,scattered,scramble,6,9.823529411764705
0.8,0.2,tournament,scattered,scramble,7,9.254901960784313
0.8,0.2,tournament,scattered,scramble,8,9.254901960784313
0.8,0.2,tournament,scattered,scramble,9,9.64705882352941
0.8,0.2,tournament,scattered,scramble,10,9.294117647058822
0.8,0.2,tournament,scattered,swap,1,9.254901960784313
0.8,0.2,tournament,scattered,swap,2,9.254901960784313
0.8,0.2,tournament,scattered,swap,3,9.254901960784313
0.8,0.2,tournament,scattered,swap,4,9.294117647058822
0.8,0.2,tournament,scattered,swap,5,9.254901960784313
0.8,0.2,tournament,scattered,swap,6,9.294117647058822
0.8,0.2,tournament,scattered,swap,7,9.294117647058822
0.8,0.2,tournament,scattered,swap,8,9.254901960784313
0.8,0.2,tournament,scattered,swap,9,9.666666666666668
0.8,0.2,tournament,scattered,swap,10,9.294117647058822
0.8,0.2,tournament,scattered,frequency,1,9.64705882352941
0.8,0.2,tournament,scattered,frequency,2,9.254901960784313
0.8,0.2,tournament,scattered,frequency,3,9.64705882352941
0.8,0.2,tournament,scattered,frequency,4,9.254901960784313
0.8,0.2,tournament,scattered,frequency,5,9.254901960784313
0.8,0.2,tournament,scattered,frequency,6,9.254901960784313
0.8,0.2,tournament,scattered,frequency,7,9.294117647058824
0.8,0.2,tournament,scattered,frequency,8,9.294117647058822
0.8,0.2,tournament,scattered,frequency,9,9.254901960784313
0.8,0.2,tournament,scattered,frequency,10,9.254901960784313
0.8,0.2,tournament,singlepoint,uniform,1,9.294117647058824
0.8,0.2,tournament,singlepoint,uniform,2,9.254901960784313
0.8,0.2,tournament,singlepoint,uniform,3,9.294117647058822
0.8,0.2,tournament,singlepoint,uniform,4,9.333333333333332
0.8,0.2,tournament,singlepoint,uniform,5,10.372549019607844
0.8,0.2,tournament,singlepoint,uniform,6,9.705882352941176
0.8,0.2,tournament,singlepoint,uniform,7,9.686274509803921
0.8,0.2,tournament,singlepoint,uniform,8,9.294117647058822
0.8,0.2,tournament,singlepoint,uniform,9,9.294117647058822
0.8,0.2,tournament,singlepoint,uniform,10,9.588235294117647
0.8,0.2,tournament,singlepoint,block,1,9.980392156862749
0.8,0.2,tournament,singlepoint,block,2,10.196078431372548
0.8,0.2,tournament,singlepoint,block,3,10.019607843137253
0.8,0.2,tournament,singlepoint,block,4,10.058823529411764
0.8,0.2,tournament,singlepoint,block,5,10.627450980392156
0.8,0.2,tournament,singlepoint,block,6,9.960784313725489
0.8,0.2,tournament,singlepoint,block,7,9.823529411764707
0.8,0.2,tournament,singlepoint,block,8,11.274509803921566
0.8,0.2,tournament,singlepoint,block,9,10.450980392156861
0.8,0.2,tournament,singlepoint,block,10,10.235294117647058
0.8,0.2,tournament,singlepoint,scramble,1,9.254901960784313
0.8,0.2,tournament,singlepoint,scramble,2,10.313725490196079
0.8,0.2,tournament,singlepoint,scramble,3,9.294117647058822
0.8,0.2,tournament,singlepoint,scramble,4,9.823529411764707
0.8,0.2,tournament,singlepoint,scramble,5,10.058823529411764
0.8,0.2,tournament,singlepoint,scramble,6,9.666666666666668
0.8,0.2,tournament,singlepoint,scramble,7,9.823529411764705
0.8,0.2,tournament,singlepoint,scramble,8,9.823529411764707
0.8,0.2,tournament,singlepoint,scramble,9,9.254901960784313
0.8,0.2,tournament,singlepoint,scramble,10,10.313725490196079
0.8,0.2,tournament,singlepoint,swap,1,9.294117647058824
0.8,0.2,tournament,singlepoint,swap,2,10.72549019607843
0.8,0.2,tournament,singlepoint,swap,3,10.176470588235292
0.8,0.2,tournament,singlepoint,swap,4,9.333333333333332
0.8,0.2,tournament,singlepoint,swap,5,11.411764705882353
0.8,0.2,tournament,singlepoint,swap,6,10.117647058823529
0.8,0.2,tournament,singlepoint,swap,7,9.294117647058824
0.8,0.2,tournament,singlepoint,swap,8,9.294117647058824
0.8,0.2,tournament,singlepoint,swap,9,9.294117647058824
0.8,0.2,tournament,singlepoint,swap,10,10.333333333333332
0.8,0.2,tournament,singlepoint,frequency,1,9.64705882352941
0.8,0.2,tournament,singlepoint,frequency,2,9.784313725490195
0.8,0.2,tournament,singlepoint,frequency,3,9.549019607843135
0.8,0.2,tournament,singlepoint,frequency,4,9.333333333333332
0.8,0.2,tournament,singlepoint,frequency,5,10.529411764705884
0.8,0.2,tournament,singlepoint,frequency,6,9.254901960784313
0.8,0.2,tournament,singlepoint,frequency,7,9.294117647058824
0.8,0.2,tournament,singlepoint,frequency,8,9.254901960784313
0.8,0.2,tournament,singlepoint,frequency,9,9.294117647058822
0.8,0.2,tournament,singlepoint,frequency,10,9.294117647058822
0.8,0.2,tournament,twopoint,uniform,1,9.294117647058824
0.8,0.2,tournament,twopoint,uniform,2,9.294117647058822
0.8,0.2,tournament,twopoint,uniform,3,9.823529411764707
0.8,0.2,tournament,twopoint,uniform,4,9.705882352941176
0.8,0.2,tournament,twopoint,uniform,5,9.803921568627448
0.8,0.2,tournament,twopoint,uniform,6,10.019607843137253
0.8,0.2,tournament,twopoint,uniform,7,9.294117647058822
0.8,0.2,tournament,twopoint,uniform,8,9.333333333333332
0.8,0.2,tournament,twopoint,uniform,9,9.294117647058824
0.8,0.2,tournament,twopoint,uniform,10,10.019607843137253
0.8,0.2,tournament,twopoint,block,1,10.392156862745097
0.8,0.2,tournament,twopoint,block,2,9.333333333333332
0.8,0.2,tournament,twopoint,block,3,9.666666666666666
0.8,0.2,tournament,twopoint,block,4,9.705882352941174
0.8,0.2,tournament,twopoint,block,5,9.941176470588234
0.8,0.2,tournament,twopoint,block,6,9.823529411764705
0.8,0.2,tournament,twopoint,block,7,9.294117647058824
0.8,0.2,tournament,twopoint,block,8,9.254901960784313
0.8,0.2,tournament,twopoint,block,9,9.76470588235294
0.8,0.2,tournament,twopoint,block,10,9.64705882352941
0.8,0.2,tournament,twopoint,scramble,1,9.960784313725489
0.8,0.2,tournament,twopoint,scramble,2,9.666666666666666
0.8,0.2,tournament,twopoint,scramble,3,9.294117647058822
0.8,0.2,tournament,twopoint,scramble,4,9.941176470588236
0.8,0.2,tournament,twopoint,scramble,5,9.254901960784313
0.8,0.2,tournament,twopoint,scramble,6,9.294117647058822
0.8,0.2,tournament,twopoint,scramble,7,10.137254901960786
0.8,0.2,tournament,twopoint,scramble,8,9.254901960784313
0.8,0.2,tournament,twopoint,scramble,9,9.803921568627448
0.8,0.2,tournament,twopoint,scramble,10,9.509803921568627
0.8,0.2,tournament,twopoint,swap,1,10.941176470588236
0.8,0.2,tournament,twopoint,swap,2,9.666666666666668
0.8,0.2,tournament,twopoint,swap,3,9.294117647058824
0.8,0.2,tournament,twopoint,swap,4,9.705882352941176
0.8,0.2,tournament,twopoint,swap,5,9.941176470588236
0.8,0.2,tournament,twopoint,swap,6,9.980392156862745
0.8,0.2,tournament,twopoint,swap,7,9.705882352941174
0.8,0.2,tournament,twopoint,swap,8,9.254901960784313
0.8,0.2,tournament,twopoint,swap,9,9.254901960784313
0.8,0.2,tournament,twopoint,swap,10,9.254901960784313
0.8,0.2,tournament,twopoint,frequency,1,9.960784313725489
0.8,0.2,tournament,twopoint,frequency,2,9.294117647058822
0.8,0.2,tournament,twopoint,frequency,3,9.666666666666666
0.8,0.2,tournament,twopoint,frequency,4,9.705882352941174
0.8,0.2,tournament,twopoint,frequency,5,9.254901960784313
0.8,0.2,tournament,twopoint,frequency,6,9.294117647058822
0.8,0.2,tournament,twopoint,frequency,7,9.784313725490199
0.8,0.2,tournament,twopoint,frequency,8,9.960784313725489
0.8,0.2,tournament,twopoint,frequency,9,9.64705882352941
0.8,0.2,tournament,twopoint,frequency,10,9.705882352941174
